#include "calculator.h"

const uint16_t calculator_width = 125;
const uint16_t calculator_height = 240;

const eadk_color_t calculator_data[30000] = {
    0xD6BB, 0xF7BF, 0xFFDF, 0xFFDF, 0xFFDF, 0xFFDF, 0xFFDF, 0xFFDF, 0xFFDF, 0xFFBF, 0xFFBF, 0xFFBF,
    0xF7BF, 0xF7BF, 0xF7BF, 0xF7BF, 0xF7BF, 0xF7BF, 0xF7BF, 0xF7BF, 0xF7BF, 0xF7BF, 0xF7BF, 0xF7BF,
    0xF7BF, 0xF7BF, 0xF7BF, 0xF7BF, 0xF7BF, 0xF7BF, 0xF7BF, 0xF7BF, 0xF7BF, 0xF7BF, 0xF7BF, 0xF7BF,
    0xF7BF, 0xF7BF, 0xF7BF, 0xF7BF, 0xF7BF, 0xF7BF, 0xF7BF, 0xF7BF, 0xF7BF, 0xF7BF, 0xF7BF, 0xF7BF,
    0xF7BF, 0xF7BF, 0xF7BF, 0xF7BF, 0xF7BF, 0xF7BF, 0xF7BF, 0xF7BF, 0xF7BF, 0xF7BF, 0xF7BF, 0xF7BF,
    0xF7BF, 0xF7BF, 0xF7BF, 0xF7BF, 0xF7BF, 0xF7BF, 0xF7BF, 0xF7BF, 0xF7BF, 0xF7BF, 0xF7BF, 0xF7BF,
    0xF7BF, 0xF7BF, 0xF7BF, 0xF7BF, 0xF7BF, 0xF7BF, 0xF7BF, 0xF7BF, 0xF7BF, 0xF7BF, 0xF7BF, 0xF7BF,
    0xF7BF, 0xF7BF, 0xF7BF, 0xF7BF, 0xF7BF, 0xF7BF, 0xF7BF, 0xF7BF, 0xF7BF, 0xF7BF, 0xF7BF, 0xF7BF,
    0xF7BF, 0xF7BF, 0xF7BF, 0xF7BF, 0xF7BF, 0xF7BF, 0xF7BF, 0xF7BF, 0xF7BF, 0xF7BF, 0xF7BF, 0xF7BF,
    0xF7BF, 0xF7BF, 0xF7BF, 0xF7BF, 0xF7BF, 0xF7BF, 0xF7BF, 0xFFBF, 0xFFBF, 0xFFBF, 0xFFBF, 0xFFBF,
    0xFFDF, 0xFFDF, 0xFFBF, 0xF7BF, 0xD69A, 0xD6BA, 0xFFDF, 0xFFFF, 0xFFFF, 0xFFFF, 0xFFFF, 0xFFFF,
    0xFFFF, 0xFFFF, 0xFFDF, 0xFFDF, 0xFFDF, 0xFFDF, 0xFFDF, 0xFFDF, 0xFFDF, 0xF7BE, 0xF7BE, 0xF7BE,
    0xF7BE, 0xF7BE, 0xF7BE, 0xF7BE, 0xF7BE, 0xF7BE, 0xF7BE, 0xF7BE, 0xF7BE, 0xF7BE, 0xF7BE, 0xF7BE,
    0xF7BE, 0xF7BE, 0xF7BE, 0xF7BE, 0xF7BE, 0xF7BE, 0xF7BE, 0xF7BE, 0xF7BE, 0xF7BE, 0xF7BE, 0xF7BE,
    0xF7BE, 0xF7BE, 0xF7BE, 0xF7BE, 0xF7BE, 0xF7BE, 0xF7BE, 0xF7BE, 0xF7BE, 0xF7BE, 0xF7BE, 0xF7BE,
    0xF7BE, 0xF7BE, 0xF7BE, 0xF7BE, 0xF7BE, 0xF7BE, 0xF7BE, 0xF7BE, 0xF7BE, 0xF7BE, 0xF7BE, 0xF7BE,
    0xF7BE, 0xF7BE, 0xF7BE, 0xF7BE, 0xF7BE, 0xF7BE, 0xF7BE, 0xF7BE, 0xF7BE, 0xF7BE, 0xF7BE, 0xF7BE,
    0xF7BE, 0xF7BE, 0xF7BE, 0xF7BE, 0xF7BE, 0xF7BE, 0xF7BE, 0xF7BE, 0xF7BE, 0xF7BE, 0xF7BE, 0xF7BE,
    0xF7BE, 0xF7BE, 0xF7BE, 0xF7BE, 0xF7BE, 0xF7BE, 0xF7BE, 0xF7BE, 0xF7BE, 0xF7BE, 0xF7BE, 0xF7BE,
    0xF7BE, 0xF7BE, 0xF7BE, 0xF7BE, 0xF7BE, 0xF7BE, 0xF7BE, 0xFFDF, 0xFFDF, 0xFFDF, 0xFFDF, 0xFFDF,
    0xFFDF, 0xFFDF, 0xFFDF, 0xFFFF, 0xFFFF, 0xFFFF, 0xFFFF, 0xFFDF, 0xF7BE, 0xD6BA, 0xD6BA, 0xFFDF,
    0xFFFF, 0xFFFF, 0xFFFF, 0xFFFF, 0xFFFF, 0xFFFF, 0xFFFF, 0xFFDF, 0xFFDF, 0xFFDF, 0xFFDF, 0xFFDF,
    0xF7BE, 0xF7BE, 0xF7BE, 0xF7BE, 0xF7BE, 0xF7BE, 0xF7BE, 0xF7BE, 0xF7BE, 0xF7BE, 0xF7BE, 0xF7BE,
    0xF7BE, 0xF7BE, 0xF7BE, 0xF7BE, 0xF7BE, 0xF7BE, 0xF7BE, 0xF7BE, 0xF7BE, 0xF7BE, 0xF7BE, 0xF7BE,
    0xF7BE, 0xF7BE, 0xF7BE, 0xF7BE, 0xF7BE, 0xF7BE, 0xF7BE, 0xF7BE, 0xF7BE, 0xF7BE, 0xF7BE, 0xF7BE,
    0xF7BE, 0xF7BE, 0xF7BE, 0xF7BE, 0xF7BE, 0xF7BE, 0xF7BE, 0xF7BE, 0xF7BE, 0xF7BE, 0xF7BE, 0xF7BE,
    0xF7BE, 0xF7BE, 0xF7BE, 0xF7BE, 0xF7BE, 0xF7BE, 0xF7BE, 0xFFDF, 0xF7BE, 0xF7BE, 0xF7BE, 0xF7BE,
    0xF7BE, 0xF7BE, 0xF7BE, 0xF7BE, 0xF7BE, 0xF7BE, 0xF7BE, 0xF7BE, 0xF7BE, 0xF7BE, 0xF7BE, 0xF7BE,
    0xF7BE, 0xF7BE, 0xF7BE, 0xF7BE, 0xF7BE, 0xF7BE, 0xF7BE, 0xF7BE, 0xF7BE, 0xF7BE, 0xF7BE, 0xF7BE,
    0xF7BE, 0xF7BE, 0xF7BE, 0xF7BE, 0xF7BE, 0xF7BE, 0xF7BE, 0xF7BE, 0xF7BE, 0xF7BE, 0xF7BE, 0xF7BE,
    0xFFDF, 0xFFDF, 0xFFDF, 0xFFDF, 0xFFDF, 0xFFDF, 0xFFDF, 0xFFDF, 0xFFFF, 0xFFFF, 0xFFFF, 0xFFFF,
    0xFFDF, 0xFFDF, 0xD6BA, 0xD6BA, 0xFFDF, 0xFFFF, 0xFFFF, 0xFFFF, 0xFFFF, 0xFFFF, 0xFFFF, 0xFFFF,
    0xFFDF, 0xFFDF, 0xFFDF, 0xFFDF, 0xFFDF, 0xF7BE, 0xF7BE, 0xF7BE, 0xF7BE, 0xF7BE, 0xF7BE, 0xF7BE,
    0xF7BE, 0xF7BE, 0xF7BE, 0xF7BE, 0xF7BE, 0xF7BE, 0xF7BE, 0xF7BE, 0xF7BE, 0xF7BE, 0xF7BE, 0xF7BE,
    0xF7BE, 0xF7BE, 0xF7BE, 0xF7BE, 0xF7BE, 0xF7BE, 0xF7BE, 0xF7BE, 0xF7BE, 0xF7BE, 0xF7BE, 0xF7BE,
    0xF7BE, 0xF7BE, 0xF7BE, 0xF7BE, 0xF7BE, 0xD69A, 0xD69A, 0xD69A, 0xDEFB, 0xE71C, 0xDEDB, 0xD6BA,
    0xCE59, 0xF79E, 0xB5B6, 0xC638, 0xEF7D, 0xB5B6, 0xE71C, 0xD69A, 0xB596, 0xB596, 0xE73C, 0xAD55,
    0xB5B6, 0xE73C, 0xD69A, 0xC618, 0xCE79, 0xB5B6, 0xDEFB, 0xF7BE, 0xF7BE, 0xF7BE, 0xF7BE, 0xF7BE,
    0xF7BE, 0xF7BE, 0xF7BE, 0xF7BE, 0xF7BE, 0xF7BE, 0xF7BE, 0xF7BE, 0xF7BE, 0xF7BE, 0xF7BE, 0xF7BE,
    0xF7BE, 0xF7BE, 0xF7BE, 0xF7BE, 0xF7BE, 0xF7BE, 0xF7BE, 0xF7BE, 0xF7BE, 0xF7BE, 0xF7BE, 0xF7BE,
    0xF7BE, 0xF7BE, 0xF7BE, 0xF7BE, 0xF7BE, 0xFFDF, 0xFFDF, 0xFFDF, 0xFFDF, 0xFFDF, 0xFFDF, 0xFFDF,
    0xFFDF, 0xFFFF, 0xFFFF, 0xFFFF, 0xFFFF, 0xFFDF, 0xFFDF, 0xD6BA, 0xD6BA, 0xFFDF, 0xFFFF, 0xFFFF,
    0xFFFF, 0xFFFF, 0xFFFF, 0xFFFF, 0xFFFF, 0xFFDF, 0xFFDF, 0xFFDF, 0xFFDF, 0xFFDF, 0xF7BE, 0xF7BE,
    0xF7BE, 0xF7BE, 0xF7BE, 0xF7BE, 0xF7BE, 0xF7BE, 0xF7BE, 0xF7BE, 0xF7BE, 0xF7BE, 0xF7BE, 0xF7BE,
    0xF7BE, 0xF7BE, 0xF7BE, 0xF7BE, 0xF7BE, 0xF7BE, 0xF7BE, 0xF7BE, 0xF7BE, 0xF7BE, 0xF7BE, 0xF7BE,
    0xF7BE, 0xF7BE, 0xF7BE, 0xF7BE, 0xF7BE, 0xF7BE, 0xF7BE, 0xF7BE, 0xF7BE, 0xF7BE, 0xC638, 0xB5B6,
    0xAD55, 0xD6BA, 0xDEDB, 0xD69A, 0xCE59, 0x9CF3, 0xBDD7, 0xB596, 0xC618, 0xB596, 0xB596, 0xB5B6,
    0xC618, 0xE73C, 0xEF7D, 0xC618, 0x9CF3, 0xAD55, 0xE71C, 0x8430, 0xC618, 0xDEFB, 0xBDF7, 0xDEFB,
    0xF7BE, 0xF7BE, 0xF7BE, 0xF7BE, 0xF7BE, 0xF7BE, 0xF7BE, 0xF7BE, 0xF7BE, 0xF7BE, 0xF7BE, 0xF7BE,
    0xF7BE, 0xF7BE, 0xF7BE, 0xF7BE, 0xF7BE, 0xF7BE, 0xF7BE, 0xF7BE, 0xF7BE, 0xF7BE, 0xF7BE, 0xF7BE,
    0xF7BE, 0xF7BE, 0xF7BE, 0xF7BE, 0xF7BE, 0xF7BE, 0xF7BE, 0xF7BE, 0xF7BE, 0xF7BE, 0xF7BE, 0xF7BE,
    0xFFDF, 0xFFDF, 0xFFDF, 0xFFDF, 0xFFDF, 0xFFDF, 0xFFFF, 0xFFFF, 0xFFFF, 0xFFFF, 0xFFFF, 0xFFDF,
    0xD6BA, 0xD6BA, 0xFFDF, 0xFFFF, 0xFFFF, 0xFFFF, 0xFFFF, 0xFFFF, 0xFFFF, 0xFFFF, 0xFFDF, 0xFFDF,
    0xFFDF, 0xFFDF, 0xFFDF, 0xF7BE, 0xF7BE, 0xF7BE, 0xF7BE, 0xF7BE, 0xF7BE, 0xF7BE, 0xF7BE, 0xF7BE,
    0xF7BE, 0xF7BE, 0xF7BE, 0xF7BE, 0xF7BE, 0xF7BE, 0xF7BE, 0xF7BE, 0xF7BE, 0xF7BE, 0xF7BE, 0xF7BE,
    0xF7BE, 0xF7BE, 0xF7BE, 0xF7BE, 0xF7BE, 0xF7BE, 0xF7BE, 0xF7BE, 0xF7BE, 0xF7BE, 0xF7BE, 0xF7BE,
    0xF7BE, 0xF7BE, 0xF7BE, 0xCE79, 0xEF7D, 0xAD55, 0xEF5D, 0xB5B6, 0xB5B6, 0xDEFB, 0xDEDB, 0xD69A,
    0xC638, 0xEF5D, 0xAD75, 0xE73C, 0xAD75, 0xEF5D, 0xB596, 0xB596, 0xE71C, 0xCE59, 0xCE59, 0xE73C,
    0xD69A, 0xC638, 0xCE59, 0xC618, 0xCE79, 0xF7BE, 0xF7BE, 0xF7BE, 0xF7BE, 0xF7BE, 0xF7BE, 0xF7BE,
    0xF7BE, 0xF7BE, 0xF7BE, 0xF7BE, 0xF7BE, 0xF7BE, 0xF7BE, 0xF7BE, 0xF7BE, 0xF7BE, 0xF7BE, 0xF7BE,
    0xF7BE, 0xF7BE, 0xF7BE, 0xF7BE, 0xF7BE, 0xF7BE, 0xF7BE, 0xF7BE, 0xF7BE, 0xF7BE, 0xF7BE, 0xF7BE,
    0xF7BE, 0xF7BE, 0xF7BE, 0xF7BE, 0xF7BE, 0xFFDF, 0xFFDF, 0xFFDF, 0xFFDF, 0xFFDF, 0xFFDF, 0xFFFF,
    0xFFFF, 0xFFFF, 0xFFFF, 0xFFFF, 0xFFDF, 0xD6BA, 0xD6BA, 0xFFDF, 0xFFFF, 0xFFFF, 0xFFFF, 0xFFFF,
    0xFFFF, 0xFFFF, 0xFFFF, 0xFFDF, 0xFFDF, 0xFFDF, 0xFFDF, 0xF7BE, 0xF7BE, 0xF7BE, 0xF7BE, 0xF7BE,
    0xF7BE, 0xF7BE, 0xF7BE, 0xF7BE, 0xF7BE, 0xF7BE, 0xF7BE, 0xF7BE, 0xF7BE, 0xF7BE, 0xF7BE, 0xF7BE,
    0xF7BE, 0xF7BE, 0xF7BE, 0xF7BE, 0xF7BE, 0xF7BE, 0xF7BE, 0xF7BE, 0xF7BE, 0xF7BE, 0xF7BE, 0xF7BE,
    0xF7BE, 0xF7BE, 0xF7BE, 0xF7BE, 0xF7BE, 0xF7BE, 0xF7BE, 0xF7BE, 0xF7BE, 0xF7BE, 0xF7BE, 0xF7BE,
    0xF7BE, 0xF7BE, 0xF7BE, 0xF7BE, 0xF7BE, 0xF7BE, 0xF7BE, 0xF7BE, 0xF7BE, 0xF7BE, 0xF7BE, 0xF7BE,
    0xF7BE, 0xF7BE, 0xF7BE, 0xF7BE, 0xF7BE, 0xF7BE, 0xF7BE, 0xF7BE, 0xF7BE, 0xF7BE, 0xF7BE, 0xF7BE,
    0xF7BE, 0xF7BE, 0xF7BE, 0xF7BE, 0xF7BE, 0xF7BE, 0xF7BE, 0xF7BE, 0xF7BE, 0xF7BE, 0xF7BE, 0xF7BE,
    0xF7BE, 0xF7BE, 0xF7BE, 0xF7BE, 0xF7BE, 0xF7BE, 0xF7BE, 0xF7BE, 0xF7BE, 0xF7BE, 0xF7BE, 0xF7BE,
    0xF7BE, 0xF7BE, 0xF7BE, 0xF7BE, 0xF7BE, 0xF7BE, 0xF7BE, 0xF7BE, 0xF7BE, 0xF7BE, 0xFFDF, 0xFFDF,
    0xFFDF, 0xFFDF, 0xFFDF, 0xFFDF, 0xFFFF, 0xFFFF, 0xFFFF, 0xFFFF, 0xFFFF, 0xFFDF, 0xD6BA, 0xDEDB,
    0xFFDF, 0xFFFF, 0xFFFF, 0xFFFF, 0xFFFF, 0xFFFF, 0xFFFF, 0xFFFF, 0xFFDF, 0xFFDF, 0xFFDF, 0xFFDF,
    0xF7BE, 0xF7BE, 0xF7BE, 0xF7BE, 0xF7BE, 0xF7BE, 0xF7BE, 0xF7BE, 0xF7BE, 0xF7BE, 0xF7BE, 0xF7BE,
    0xF7BE, 0xF7BE, 0xF7BE, 0xF7BE, 0xF7BE, 0xF7BE, 0xF7BE, 0xF7BE, 0xF7BE, 0xF7BE, 0xF7BE, 0xF7BE,
    0xF7BE, 0xF7BE, 0xF7BE, 0xF7BE, 0xF7BE, 0xF7BE, 0xF7BE, 0xF7BE, 0xF7BE, 0xF7BE, 0xF7BE, 0xF7BE,
    0xF7BE, 0xF7BE, 0xF7BE, 0xF7BE, 0xF7BE, 0xF7BE, 0xF7BE, 0xF7BE, 0xF7BE, 0xF7BE, 0xF7BE, 0xF7BE,
    0xF7BE, 0xF7BE, 0xF7BE, 0xF7BE, 0xF7BE, 0xF7BE, 0xF7BE, 0xF7BE, 0xF7BE, 0xF7BE, 0xF7BE, 0xF7BE,
    0xF7BE, 0xF7BE, 0xF7BE, 0xF7BE, 0xF7BE, 0xF7BE, 0xF7BE, 0xF7BE, 0xF7BE, 0xF7BE, 0xF7BE, 0xF7BE,
    0xF7BE, 0xF7BE, 0xF7BE, 0xF7BE, 0xF7BE, 0xF7BE, 0xF7BE, 0xF7BE, 0xF7BE, 0xF7BE, 0xF7BE, 0xF7BE,
    0xF7BE, 0xF7BE, 0xF7BE, 0xF7BE, 0xF7BE, 0xF7BE, 0xF7BE, 0xF7BE, 0xF7BE, 0xF7BE, 0xF7BE, 0xF7BE,
    0xF7BE, 0xF7BE, 0xF7BE, 0xFFDF, 0xFFDF, 0xFFDF, 0xFFDF, 0xFFDF, 0xFFDF, 0xFFFF, 0xFFFF, 0xFFFF,
    0xFFFF, 0xFFFF, 0xFFDF, 0xD6BA, 0xDEFB, 0xFFDF, 0xFFFF, 0xFFFF, 0xFFFF, 0xFFFF, 0xFFFF, 0xFFFF,
    0xFFFF, 0xFFDF, 0xFFDF, 0xFFDF, 0xFFDF, 0xF7BE, 0xF7BE, 0xF7BE, 0xF7BE, 0xF7BE, 0xF7BE, 0xF7BE,
    0xF7BE, 0xF7BE, 0xF7BE, 0xF7BE, 0xF7BE, 0xF7BE, 0xF7BE, 0xF7BE, 0xF7BE, 0xF7BE, 0xF7BE, 0xF7BE,
    0xF7BE, 0xF7BE, 0xF7BE, 0xF7BE, 0xF7BE, 0xF7BE, 0xF7BE, 0xF7BE, 0xF7BE, 0xF7BE, 0xF7BE, 0xF7BE,
    0xF7BE, 0xF7BE, 0xF7BE, 0xF7BE, 0xF7BE, 0xF7BE, 0xF7BE, 0xF7BE, 0xF7BE, 0xF7BE, 0xF7BE, 0xF7BE,
    0xF7BE, 0xF7BE, 0xF7BE, 0xF7BE, 0xF7BE, 0xF7BE, 0xF7BE, 0xF7BE, 0xF7BE, 0xF7BE, 0xF7BE, 0xF7BE,
    0xF7BE, 0xF7BE, 0xF7BE, 0xF7BE, 0xF7BE, 0xF7BE, 0xF7BE, 0xF7BE, 0xF7BE, 0xF7BE, 0xF7BE, 0xF7BE,
    0xF7BE, 0xF7BE, 0xF7BE, 0xF7BE, 0xF7BE, 0xF7BE, 0xF7BE, 0xF7BE, 0xF7BE, 0xF7BE, 0xF7BE, 0xF7BE,
    0xF7BE, 0xF7BE, 0xF7BE, 0xF7BE, 0xF7BE, 0xF7BE, 0xF7BE, 0xF7BE, 0xF7BE, 0xF7BE, 0xF7BE, 0xF7BE,
    0xF7BE, 0xF7BE, 0xF7BE, 0xF7BE, 0xF7BE, 0xF7BE, 0xF7BE, 0xF7BE, 0xFFDF, 0xFFDF, 0xFFDF, 0xFFDF,
    0xFFDF, 0xFFDF, 0xFFFF, 0xFFFF, 0xFFFF, 0xFFFF, 0xFFFF, 0xFFDF, 0xD6BA, 0xDEDB, 0xFFDF, 0xFFFF,
    0xFFFF, 0xFFFF, 0xFFFF, 0xFFFF, 0xFFFF, 0xFFFF, 0xFFDF, 0xFFDF, 0xFFDF, 0xFFDF, 0xF7BE, 0xF7BE,
    0xF7BE, 0xF7BE, 0xF7BE, 0xF7BE, 0xF7BE, 0xF7BE, 0xF7BE, 0xF7BE, 0xF7BE, 0xF7BE, 0xF7BE, 0xF7BE,
    0xF7BE, 0xF7BE, 0xF7BE, 0xF7BE, 0xF7BE, 0xF7BE, 0xF7BE, 0xF7BE, 0xF7BE, 0xF7BE, 0xF7BE, 0xF7BE,
    0xF7BE, 0xF7BE, 0xF7BE, 0xF7BE, 0xF7BE, 0xF7BE, 0xF7BE, 0xF7BE, 0xF7BE, 0xF7BE, 0xF7BE, 0xF7BE,
    0xF7BE, 0xF7BE, 0xF7BE, 0xF7BE, 0xF7BE, 0xF7BE, 0xF7BE, 0xF7BE, 0xF7BE, 0xF7BE, 0xF7BE, 0xF7BE,
    0xF7BE, 0xF7BE, 0xF7BE, 0xF7BE, 0xF7BE, 0xF7BE, 0xF7BE, 0xF7BE, 0xF7BE, 0xF7BE, 0xF7BE, 0xF7BE,
    0xF7BE, 0xF7BE, 0xF7BE, 0xF7BE, 0xF7BE, 0xF7BE, 0xF7BE, 0xF7BE, 0xF7BE, 0xF7BE, 0xF7BE, 0xF7BE,
    0xF7BE, 0xF7BE, 0xF7BE, 0xF7BE, 0xF7BE, 0xF7BE, 0xF7BE, 0xF7BE, 0xF7BE, 0xF7BE, 0xF7BE, 0xF7BE,
    0xF7BE, 0xF7BE, 0xF7BE, 0xF7BE, 0xF7BE, 0xF7BE, 0xF7BE, 0xF7BE, 0xF7BE, 0xF7BE, 0xF7BE, 0xF7BE,
    0xF7BE, 0xFFDF, 0xFFDF, 0xFFDF, 0xFFDF, 0xFFDF, 0xFFDF, 0xFFFF, 0xFFFF, 0xFFFF, 0xFFFF, 0xFFFF,
    0xFFDF, 0xDEDB, 0xD6BA, 0xFFDF, 0xFFFF, 0xFFFF, 0xFFFF, 0xFFFF, 0xFFFF, 0xFFFF, 0xFFFF, 0xFFDF,
    0xFFDF, 0xFFDF, 0xF7BE, 0xF79E, 0xDEFB, 0xD6BA, 0xD69A, 0xD69A, 0xD69A, 0xCE79, 0xCE79, 0xCE79,
    0xCE79, 0xCE79, 0xCE79, 0xCE79, 0xCE79, 0xCE79, 0xCE79, 0xCE79, 0xCE79, 0xCE79, 0xCE79, 0xCE79,
    0xCE79, 0xCE79, 0xCE79, 0xCE79, 0xCE79, 0xCE79, 0xCE79, 0xCE79, 0xCE79, 0xCE79, 0xCE79, 0xCE79,
    0xCE79, 0xCE79, 0xCE79, 0xCE79, 0xCE79, 0xCE79, 0xCE79, 0xCE79, 0xCE79, 0xCE79, 0xCE79, 0xCE79,
    0xCE79, 0xCE79, 0xCE79, 0xCE79, 0xCE79, 0xCE79, 0xCE79, 0xCE79, 0xCE79, 0xCE79, 0xCE79, 0xCE79,
    0xCE79, 0xCE79, 0xCE79, 0xCE79, 0xCE79, 0xCE79, 0xCE79, 0xCE79, 0xCE79, 0xCE79, 0xCE79, 0xCE79,
    0xCE79, 0xCE79, 0xCE79, 0xCE79, 0xCE79, 0xCE79, 0xCE79, 0xCE79, 0xCE79, 0xCE79, 0xCE79, 0xCE79,
    0xCE79, 0xCE79, 0xCE79, 0xCE79, 0xCE79, 0xCE79, 0xCE79, 0xCE79, 0xCE79, 0xCE79, 0xCE79, 0xCE79,
    0xCE79, 0xCE79, 0xD69A, 0xD69A, 0xDEDB, 0xEF7D, 0xF7BE, 0xFFDF, 0xFFDF, 0xFFDF, 0xFFDF, 0xFFDF,
    0xFFFF, 0xFFFF, 0xFFFF, 0xFFFF, 0xFFFF, 0xFFDF, 0xDEDB, 0xD6BA, 0xFFDF, 0xFFFF, 0xFFFF, 0xFFFF,
    0xFFFF, 0xFFFF, 0xFFFF, 0xFFFF, 0xFFDF, 0xFFDF, 0xFFDF, 0xDEFB, 0xAD55, 0xA514, 0xA514, 0xA514,
    0xA514, 0xA514, 0x9CF3, 0x9CF3, 0x9CF3, 0x9CF3, 0x9CF3, 0x9CF3, 0x9CF3, 0x9CF3, 0x9CF3, 0x9CF3,
    0x9CF3, 0x9CF3, 0x9CF3, 0x9CF3, 0x9CF3, 0x9CF3, 0x9CF3, 0x9CF3, 0x9CF3, 0x9CF3, 0x9CF3, 0x9CF3,
    0x9CF3, 0x9CF3, 0x9CF3, 0x9CF3, 0x9CF3, 0x9CF3, 0x9CF3, 0x9CF3, 0x9CF3, 0x9CF3, 0x9CF3, 0x9CF3,
    0x9CF3, 0x9CF3, 0x9CF3, 0x9CF3, 0x9CF3, 0x9CF3, 0x9CF3, 0x9CF3, 0x9CF3, 0x9CF3, 0x9CF3, 0x9CF3,
    0x9CF3, 0x9CF3, 0x9CF3, 0x9CF3, 0x9CF3, 0x9CF3, 0x9CF3, 0x9CF3, 0x9CF3, 0x9CF3, 0x9CF3, 0x9CF3,
    0x9CF3, 0x9CF3, 0x9CF3, 0x9CF3, 0x9CF3, 0x9CF3, 0x9CF3, 0x9CF3, 0x9CF3, 0x9CF3, 0x9CF3, 0x9CF3,
    0x9CF3, 0x9CF3, 0x9CF3, 0x9CF3, 0x9CF3, 0x9CF3, 0x9CF3, 0x9CF3, 0x9CF3, 0x9CF3, 0x9CF3, 0x9CF3,
    0x9CF3, 0x9CF3, 0x9CF3, 0x9CF3, 0x9CF3, 0xA514, 0xA514, 0xA514, 0xA514, 0xA514, 0xA514, 0xCE59,
    0xF7BE, 0xFFDF, 0xFFDF, 0xFFDF, 0xFFDF, 0xFFFF, 0xFFFF, 0xFFFF, 0xFFFF, 0xFFFF, 0xFFDF, 0xDEDB,
    0xD6BA, 0xFFDF, 0xFFFF, 0xFFFF, 0xFFFF, 0xFFFF, 0xFFFF, 0xFFFF, 0xFFFF, 0xFFDF, 0xFFDF, 0xDEFB,
    0xAD75, 0xBDF7, 0xCE59, 0xCE79, 0xCE79, 0xCE59, 0xCE59, 0xCE59, 0xCE59, 0xCE59, 0xCE59, 0xCE59,
    0xCE59, 0xCE59, 0xCE59, 0xCE59, 0xCE59, 0xCE59, 0xCE59, 0xCE59, 0xCE59, 0xCE59, 0xCE59, 0xCE59,
    0xCE59, 0xCE59, 0xCE59, 0xCE59, 0xCE59, 0xCE59, 0xCE59, 0xCE59, 0xCE59, 0xCE59, 0xCE59, 0xCE59,
    0xCE59, 0xCE59, 0xCE59, 0xCE59, 0xCE59, 0xCE59, 0xCE59, 0xCE59, 0xCE59, 0xCE59, 0xCE59, 0xCE59,
    0xCE59, 0xCE59, 0xCE59, 0xCE59, 0xCE59, 0xCE59, 0xCE59, 0xCE59, 0xCE59, 0xCE59, 0xCE59, 0xCE59,
    0xCE59, 0xCE59, 0xCE59, 0xCE59, 0xCE59, 0xCE59, 0xCE59, 0xCE59, 0xCE59, 0xCE59, 0xCE59, 0xCE59,
    0xCE59, 0xCE59, 0xCE59, 0xCE59, 0xCE59, 0xCE59, 0xCE59, 0xCE59, 0xCE59, 0xCE59, 0xCE59, 0xCE59,
    0xCE59, 0xCE59, 0xCE59, 0xCE59, 0xCE59, 0xCE59, 0xCE59, 0xCE59, 0xCE59, 0xCE59, 0xCE59, 0xCE59,
    0xCE59, 0xCE59, 0xCE59, 0xC618, 0xB596, 0xC638, 0xF7BE, 0xFFDF, 0xFFDF, 0xFFDF, 0xFFFF, 0xFFFF,
    0xFFFF, 0xFFFF, 0xFFFF, 0xFFDF, 0xD6BA, 0xD6DB, 0xFFDF, 0xFFFF, 0xFFFF, 0xFFFF, 0xFFFF, 0xFFFF,
    0xFFFF, 0xFFFF, 0xFFDF, 0xF7BE, 0xC618, 0xD69A, 0xDEFB, 0xE71C, 0xE71C, 0xE71C, 0xE71C, 0xE71C,
    0xE71C, 0xE71C, 0xE71C, 0xE71C, 0xE71C, 0xE71C, 0xE71C, 0xE71C, 0xE71C, 0xE71C, 0xE71C, 0xE71C,
    0xE71C, 0xE71C, 0xE71C, 0xE71C, 0xE71C, 0xE71C, 0xE71C, 0xE71C, 0xE71C, 0xE71C, 0xE71C, 0xE71C,
    0xE71C, 0xE71C, 0xE71C, 0xE71C, 0xE71C, 0xE71C, 0xE71C, 0xE71C, 0xE71C, 0xE71C, 0xE71C, 0xE71C,
    0xE71C, 0xE71C, 0xE71C, 0xE71C, 0xE71C, 0xE71C, 0xE71C, 0xE71C, 0xE71C, 0xE71C, 0xE71C, 0xE71C,
    0xE71C, 0xE71C, 0xE71C, 0xE71C, 0xE71C, 0xE71C, 0xE71C, 0xE71C, 0xE71C, 0xE71C, 0xE71C, 0xE71C,
    0xE71C, 0xE71C, 0xE71C, 0xE71C, 0xE71C, 0xE71C, 0xE71C, 0xE71C, 0xE71C, 0xE71C, 0xE71C, 0xE71C,
    0xE71C, 0xE71C, 0xE71C, 0xE71C, 0xE71C, 0xE71C, 0xE71C, 0xE71C, 0xE71C, 0xE71C, 0xE71C, 0xE71C,
    0xE71C, 0xE71C, 0xE71C, 0xE71C, 0xE71C, 0xE71C, 0xE71C, 0xE71C, 0xDEFB, 0xD69A, 0xBDD7, 0xE73C,
    0xFFDF, 0xFFDF, 0xFFDF, 0xFFFF, 0xFFFF, 0xFFFF, 0xFFFF, 0xFFFF, 0xFFDF, 0xD6BA, 0xD6DA, 0xFFDF,
    0xFFFF, 0xFFFF, 0xFFFF, 0xFFFF, 0xFFFF, 0xFFFF, 0xFFFF, 0xFFDF, 0xEF5D, 0xD69A, 0xE73C, 0xEF5D,
    0xEF7D, 0xEF7D, 0xEF7D, 0xEF7D, 0xEF7D, 0xEF5D, 0xEF5D, 0xEF5D, 0xEF5D, 0xEF5D, 0xEF5D, 0xEF5D,
    0xEF5D, 0xEF5D, 0xEF5D, 0xEF5D, 0xEF5D, 0xEF5D, 0xEF5D, 0xEF5D, 0xEF5D, 0xEF5D, 0xEF5D, 0xEF5D,
    0xEF5D, 0xEF5D, 0xEF5D, 0xEF5D, 0xEF5D, 0xEF5D, 0xEF5D, 0xEF5D, 0xEF5D, 0xEF5D, 0xEF5D, 0xEF5D,
    0xEF5D, 0xEF5D, 0xEF5D, 0xEF5D, 0xEF5D, 0xEF5D, 0xEF5D, 0xEF5D, 0xEF5D, 0xEF5D, 0xEF5D, 0xEF5D,
    0xEF5D, 0xEF5D, 0xEF5D, 0xEF5D, 0xEF5D, 0xEF5D, 0xEF5D, 0xEF5D, 0xEF5D, 0xEF5D, 0xEF5D, 0xEF5D,
    0xEF5D, 0xEF5D, 0xEF5D, 0xEF5D, 0xEF5D, 0xEF5D, 0xEF5D, 0xEF5D, 0xEF5D, 0xEF5D, 0xEF5D, 0xEF5D,
    0xEF5D, 0xEF5D, 0xEF5D, 0xEF5D, 0xEF5D, 0xEF5D, 0xEF5D, 0xEF5D, 0xEF5D, 0xEF5D, 0xEF5D, 0xEF5D,
    0xEF5D, 0xEF5D, 0xEF5D, 0xEF5D, 0xEF5D, 0xEF5D, 0xEF5D, 0xEF5D, 0xEF5D, 0xEF7D, 0xEF7D, 0xEF7D,
    0xEF7D, 0xEF5D, 0xE73C, 0xD6BA, 0xDEDB, 0xFFDF, 0xFFDF, 0xFFDF, 0xFFFF, 0xFFFF, 0xFFFF, 0xFFFF,
    0xFFFF, 0xFFDF, 0xD6BA, 0xD6BA, 0xFFDF, 0xFFFF, 0xFFFF, 0xFFFF, 0xFFFF, 0xFFFF, 0xFFFF, 0xFFFF,
    0xFFDF, 0xEF5D, 0xE73C, 0xF79E, 0xF79E, 0xF79E, 0xF79E, 0xF79E, 0xF79E, 0xF79E, 0xF79E, 0xF79E,
    0xF79E, 0xF79E, 0xF79E, 0xF79E, 0xF79E, 0xF79E, 0xF79E, 0xF79E, 0xF79E, 0xF79E, 0xF79E, 0xF79E,
    0xF79E, 0xF79E, 0xF79E, 0xF79E, 0xF79E, 0xF79E, 0xF79E, 0xF79E, 0xF79E, 0xF79E, 0xF79E, 0xF79E,
    0xF79E, 0xF79E, 0xF79E, 0xF79E, 0xF79E, 0xF79E, 0xF79E, 0xF79E, 0xF79E, 0xF79E, 0xF79E, 0xF79E,
    0xF79E, 0xF79E, 0xF79E, 0xF79E, 0xF79E, 0xF79E, 0xF79E, 0xF79E, 0xF79E, 0xF79E, 0xF79E, 0xF79E,
    0xF79E, 0xF79E, 0xF79E, 0xF79E, 0xF79E, 0xF79E, 0xF79E, 0xF79E, 0xF79E, 0xF79E, 0xF79E, 0xF79E,
    0xF79E, 0xF79E, 0xF79E, 0xF79E, 0xF79E, 0xF79E, 0xF79E, 0xF79E, 0xF79E, 0xF79E, 0xF79E, 0xF79E,
    0xF79E, 0xF79E, 0xF79E, 0xF79E, 0xF79E, 0xF79E, 0xF79E, 0xF79E, 0xF79E, 0xF79E, 0xF79E, 0xF79E,
    0xF79E, 0xF79E, 0xF79E, 0xF79E, 0xF79E, 0xF79E, 0xF79E, 0xF79E, 0xEF5D, 0xDEFB, 0xFFDF, 0xFFDF,
    0xFFDF, 0xFFFF, 0xFFFF, 0xFFFF, 0xFFFF, 0xFFFF, 0xFFDF, 0xD6BA, 0xD6BA, 0xFFDF, 0xFFFF, 0xFFFF,
    0xFFFF, 0xFFFF, 0xFFFF, 0xFFFF, 0xFFFF, 0xFFDF, 0xEF7D, 0xF79E, 0xF7BE, 0xF7BE, 0xF7BE, 0xF7BE,
    0xCE58, 0xBCCF, 0xB4CF, 0xB4CF, 0xB4CF, 0xB4CF, 0xB4CF, 0xB4CF, 0xB4CF, 0xB4CF, 0xB4CF, 0xB4CF,
    0xB4CF, 0xB4CF, 0xB4CF, 0xB4CF, 0xB4CF, 0xB4CF, 0xB4CF, 0xB4CF, 0xB4CF, 0xB4CF, 0xB4CF, 0xB4CF,
    0xB4CF, 0xB4CF, 0xB4CF, 0xB4CF, 0xB4CF, 0xB4CF, 0xB4CF, 0xB4CF, 0xB4CF, 0xB4CF, 0xB4CF, 0xB4CF,
    0xB4CF, 0xB4CF, 0xB4CF, 0xB4CF, 0xB4CF, 0xB4CF, 0xB4CF, 0xB4CF, 0xB4CF, 0xB4CF, 0xB4CF, 0xB4CF,
    0xB4CF, 0xB4CF, 0xB4CF, 0xB4CF, 0xB4CF, 0xB4CF, 0xB4CF, 0xB4CF, 0xB4CF, 0xB4CF, 0xB4CF, 0xB4CF,
    0xB4CF, 0xB4CF, 0xB4CF, 0xB4CF, 0xB4CF, 0xB4CF, 0xB4CF, 0xB4CF, 0xB4CF, 0xB4CF, 0xB4CF, 0xB4CF,
    0xB4CF, 0xB4CF, 0xB4CF, 0xB4CF, 0xB4CF, 0xB4CF, 0xB4CF, 0xB4CF, 0xB4CF, 0xB4CF, 0xB4CF, 0xB4CF,
    0xB4CF, 0xB4CF, 0xB4CF, 0xB4CF, 0xB4CF, 0xB4CF, 0xB4CF, 0xB4CF, 0xC594, 0xF79E, 0xF7BE, 0xF7BE,
    0xF7BE, 0xF79E, 0xE73C, 0xFFDF, 0xFFDF, 0xFFDF, 0xFFFF, 0xFFFF, 0xFFFF, 0xFFFF, 0xFFFF, 0xFFDF,
    0xDEDA, 0xDEDB, 0xFFDF, 0xFFFF, 0xFFFF, 0xFFFF, 0xFFFF, 0xFFFF, 0xFFFF, 0xFFDF, 0xFFDF, 0xF79E,
    0xF7BE, 0xF7BE, 0xF7BE, 0xF7BE, 0xF7BE, 0xB553, 0xFDA6, 0xFDA6, 0xFDA6, 0xFDA6, 0xFDA6, 0xFDA6,
    0xFDEA, 0xFDC7, 0xFDA6, 0xFDA6, 0xFDA6, 0xFDA6, 0xFDA6, 0xFDA6, 0xFDA6, 0xFDA6, 0xFDA6, 0xFDA6,
    0xFDA6, 0xFDA6, 0xFDA6, 0xFDA6, 0xFDA6, 0xFDA6, 0xFDA6, 0xFDA6, 0xFDA6, 0xFDA6, 0xFDA6, 0xFDA6,
    0xFDA6, 0xFDA6, 0xFDA6, 0xFDA6, 0xFDA6, 0xFDA6, 0xFDA5, 0xFDA6, 0xFDA5, 0xFDA6, 0xFDA6, 0xFDA6,
    0xFDA5, 0xFDA5, 0xFDA5, 0xFDA5, 0xFDA6, 0xFDA6, 0xFDA5, 0xFDA5, 0xFDA5, 0xFDA5, 0xFDA5, 0xFDA6,
    0xFDA6, 0xFDA6, 0xFDA5, 0xFDA6, 0xFDA6, 0xFDA6, 0xFDA6, 0xFDA6, 0xFDA6, 0xFDA6, 0xFDA6, 0xFDA6,
    0xFDA6, 0xFDA6, 0xFDA6, 0xFDA6, 0xFDA6, 0xFDA6, 0xFDA6, 0xFDA6, 0xFDA6, 0xFDA6, 0xFDA6, 0xFDA6,
    0xFDA6, 0xFDA6, 0xFDA6, 0xFDA6, 0xFDA6, 0xFDA6, 0xFDA6, 0xFDA6, 0xFDA5, 0xFDA5, 0xFDA5, 0xFDA5,
    0xFDA6, 0xE52A, 0xF7BE, 0xF7BE, 0xF7BE, 0xF7BE, 0xF7BE, 0xEF7D, 0xFFDF, 0xFFDF, 0xFFDF, 0xFFFF,
    0xFFFF, 0xFFFF, 0xFFFF, 0xFFFF, 0xFFDF, 0xDEDA, 0xDEDB, 0xFFDF, 0xFFFF, 0xFFFF, 0xFFFF, 0xFFFF,
    0xFFFF, 0xFFFF, 0xFFDF, 0xFFDF, 0xF79E, 0xFFDF, 0xF7BE, 0xF7BE, 0xF7BE, 0xF79E, 0xB553, 0xFDA6,
    0xFDEA, 0xFE91, 0xFE0B, 0xFE92, 0xFE0C, 0xFEB3, 0xFDC9, 0xFDA6, 0xFDA6, 0xFDA6, 0xFDA6, 0xFDA6,
    0xFDA6, 0xFDA6, 0xFDA6, 0xFDA6, 0xFDA6, 0xFDA6, 0xFDA6, 0xFDA6, 0xFDA6, 0xFDA6, 0xFDA6, 0xFDA6,
    0xFDA6, 0xFDA6, 0xFDA6, 0xFDA6, 0xFDA6, 0xFDA6, 0xFDA6, 0xFDA6, 0xFDA6, 0xFE91, 0xFDEA, 0xFED4,
    0xFE91, 0xFEB3, 0xFE91, 0xFE50, 0xFDA6, 0xFEB3, 0xFE0C, 0xFE6F, 0xFE2D, 0xFE70, 0xFE0B, 0xFED4,
    0xFE4F, 0xFED5, 0xFE2E, 0xFE70, 0xFE6F, 0xFE92, 0xFE50, 0xFEB2, 0xFE0C, 0xFDA6, 0xFDA6, 0xFDA6,
    0xFDA6, 0xFDA6, 0xFDA6, 0xFDA6, 0xFDA6, 0xFDA6, 0xFDA6, 0xFDA6, 0xFDA6, 0xFDA6, 0xFDA6, 0xFDA6,
    0xFDA6, 0xFDA6, 0xFDA6, 0xFDA6, 0xFDA6, 0xFDA6, 0xFDA6, 0xFDA6, 0xFDA6, 0xFDA6, 0xFDA6, 0xFDA6,
    0xFDC8, 0xFF39, 0xFFBD, 0xFFBD, 0xFF17, 0xFDEB, 0xE52A, 0xF79E, 0xF7BE, 0xF7BE, 0xF7BE, 0xF7BE,
    0xEF7D, 0xFFDF, 0xFFDF, 0xFFDF, 0xFFFF, 0xFFFF, 0xFFFF, 0xFFFF, 0xFFFF, 0xFFDF, 0xD6BA, 0xDEDB,
    0xFFDF, 0xFFFF, 0xFFFF, 0xFFFF, 0xFFFF, 0xFFFF, 0xFFFF, 0xFFDF, 0xFFDF, 0xF79E, 0xFFDF, 0xF7BE,
    0xF7BE, 0xF7BE, 0xF79E, 0xB553, 0xFDA6, 0xFE0C, 0xFE0B, 0xFE4F, 0xFF17, 0xFE70, 0xFE92, 0xFDC9,
    0xFDA6, 0xFDA6, 0xFDA6, 0xFDA6, 0xFDA6, 0xFDA6, 0xFDA6, 0xFDA6, 0xFDA6, 0xFDA6, 0xFDA6, 0xFDA6,
    0xFDA6, 0xFDA6, 0xFDA6, 0xFDA6, 0xFDA6, 0xFDA6, 0xFDA6, 0xFDA6, 0xFDA6, 0xFDA6, 0xFDA6, 0xFDA6,
    0xFDA6, 0xFDC8, 0xFEB3, 0xFE4F, 0xFED4, 0xFE4E, 0xFEB3, 0xFE2D, 0xFE71, 0xFDA6, 0xFE4F, 0xFDC8,
    0xFE6F, 0xFDE9, 0xFEB3, 0xFE4F, 0xFE4F, 0xFDA7, 0xFE72, 0xFE0D, 0xFE0C, 0xFE6F, 0xFEB2, 0xFE93,
    0xFE2D, 0xFE4E, 0xFDA6, 0xFDA6, 0xFDA6, 0xFDA6, 0xFDA6, 0xFDA6, 0xFDA6, 0xFDA6, 0xFDA6, 0xFDA6,
    0xFDA6, 0xFDA6, 0xFDA6, 0xFDA6, 0xFDA6, 0xFDA6, 0xFDA6, 0xFDA6, 0xFDA6, 0xFDA6, 0xFDA6, 0xFDA6,
    0xFDA6, 0xFDA6, 0xFDA6, 0xFDA6, 0xFDA6, 0xFDC8, 0xFF5B, 0xFFFF, 0xFFFF, 0xFF59, 0xFE2F, 0xE52A,
    0xF79E, 0xF7BE, 0xF7BE, 0xF7BE, 0xF7BE, 0xEF7D, 0xFFDF, 0xFFDF, 0xFFDF, 0xFFFF, 0xFFFF, 0xFFFF,
    0xFFFF, 0xFFFF, 0xFFDF, 0xD6BA, 0xDEDB, 0xFFDF, 0xFFFF, 0xFFFF, 0xFFFF, 0xFFFF, 0xFFFF, 0xFFFF,
    0xFFDF, 0xFFDF, 0xF7BE, 0xFFDF, 0xF7BE, 0xF7BE, 0xF7BE, 0xF7BE, 0xBD53, 0xFDA6, 0xFDA6, 0xFDA6,
    0xFDA7, 0xFDE9, 0xFDA6, 0xFDC9, 0xFDA6, 0xFDA6, 0xFDA6, 0xFDA6, 0xFDA6, 0xFDA6, 0xFDA6, 0xFDA6,
    0xFDA6, 0xFDA6, 0xFDA6, 0xFDA6, 0xFDA6, 0xFDA6, 0xFDA6, 0xFDA6, 0xFDA6, 0xFDA6, 0xFDA6, 0xFDA6,
    0xFDA6, 0xFDA6, 0xFDA6, 0xFDA6, 0xFDA6, 0xFDA6, 0xFDC9, 0xFDC7, 0xFDEA, 0xFDEB, 0xFDA7, 0xFDE9,
    0xFDA6, 0xFE50, 0xFE0B, 0xFE4F, 0xFE0B, 0xFE0C, 0xFE2D, 0xFDC7, 0xFDE9, 0xFDEA, 0xFDA6, 0xFE50,
    0xFE0B, 0xFE2D, 0xFDEA, 0xFDEA, 0xFE0C, 0xFE2D, 0xFDEA, 0xFDA6, 0xFDA6, 0xFDA6, 0xFDA6, 0xFDA6,
    0xFDA6, 0xFDA6, 0xFDA6, 0xFDA6, 0xFDA6, 0xFDA6, 0xFDA6, 0xFDA6, 0xFDA6, 0xFDA6, 0xFDA6, 0xFDA6,
    0xFDA6, 0xFDA6, 0xFDA6, 0xFDA6, 0xFDA6, 0xFDA6, 0xFDA6, 0xFDA6, 0xFDA6, 0xFDA6, 0xFDA7, 0xFE50,
    0xFE93, 0xFE93, 0xFE2E, 0xFDA6, 0xE52A, 0xF79E, 0xF7BE, 0xF7BE, 0xF7BE, 0xF7BE, 0xEF7D, 0xFFDF,
    0xFFDF, 0xFFDF, 0xFFFF, 0xFFFF, 0xFFFF, 0xFFFF, 0xFFFF, 0xFFDF, 0xD6BA, 0xDEDB, 0xFFDF, 0xFFFF,
    0xFFFF, 0xFFFF, 0xFFFF, 0xFFFF, 0xFFFF, 0xFFDF, 0xFFDF, 0xF7BE, 0xF7BE, 0xF7BE, 0xF7BE, 0xF7BE,
    0xF7BE, 0xBD74, 0xFE50, 0xFE50, 0xFE50, 0xFE50, 0xFE50, 0xFE50, 0xFE50, 0xFE50, 0xFE50, 0xFE50,
    0xFE50, 0xFE50, 0xFE50, 0xFE50, 0xFE50, 0xFE50, 0xFE50, 0xFE50, 0xFE50, 0xFE50, 0xFE50, 0xFE50,
    0xFE50, 0xFE50, 0xFE50, 0xFE50, 0xFE50, 0xFE50, 0xFE50, 0xFE50, 0xFE50, 0xFE50, 0xFE50, 0xFE50,
    0xFE50, 0xFE50, 0xFE50, 0xFE50, 0xFE50, 0xFE50, 0xFE50, 0xFE50, 0xFE50, 0xFE50, 0xFE50, 0xFE50,
    0xFE50, 0xFE50, 0xFE50, 0xFE50, 0xFE50, 0xFE50, 0xFE50, 0xFE50, 0xFE50, 0xFE50, 0xFE50, 0xFE50,
    0xFE50, 0xFE50, 0xFE50, 0xFE50, 0xFE50, 0xFE50, 0xFE50, 0xFE50, 0xFE50, 0xFE50, 0xFE50, 0xFE50,
    0xFE50, 0xFE50, 0xFE50, 0xFE50, 0xFE50, 0xFE50, 0xFE50, 0xFE50, 0xFE50, 0xFE50, 0xFE50, 0xFE50,
    0xFE50, 0xFE50, 0xFE50, 0xFE50, 0xFE50, 0xFE50, 0xFE50, 0xFE50, 0xFE50, 0xE5AF, 0xF79E, 0xF7BE,
    0xF7BE, 0xF7BE, 0xF7BE, 0xEF7D, 0xFFDF, 0xFFDF, 0xFFDF, 0xFFFF, 0xFFFF, 0xFFFF, 0xFFFF, 0xFFFF,
    0xFFDF, 0xD6BA, 0xDEDB, 0xFFDF, 0xFFFF, 0xFFFF, 0xFFFF, 0xFFFF, 0xFFFF, 0xFFFF, 0xFFDF, 0xFFDF,
    0xF79E, 0xFFDF, 0xF7BE, 0xF7BE, 0xF7BE, 0xF79E, 0xB5B6, 0xFFFF, 0xFFFF, 0xFFFF, 0xFFFF, 0xFFFF,
    0xFFFF, 0xFFFF, 0xFFFF, 0xFFFF, 0xFFFF, 0xFFFF, 0xFFFF, 0xFFFF, 0xFFFF, 0xFFFF, 0xFFFF, 0xFFFF,
    0xFFFF, 0xFFFF, 0xFFFF, 0xFFFF, 0xFFFF, 0xFFFF, 0xFFFF, 0xFFFF, 0xFFFF, 0xFFFF, 0xFFFF, 0xFFFF,
    0xFFFF, 0xFFFF, 0xFFFF, 0xFFFF, 0xFFFF, 0xFFFF, 0xFFFF, 0xFFFF, 0xFFFF, 0xFFFF, 0xFFFF, 0xFFFF,
    0xFFFF, 0xFFFF, 0xFFFF, 0xFFFF, 0xFFFF, 0xFFFF, 0xFFFF, 0xFFFF, 0xFFFF, 0xFFFF, 0xFFFF, 0xFFFF,
    0xFFFF, 0xFFFF, 0xFFFF, 0xFFFF, 0xFFFF, 0xFFFF, 0xFFFF, 0xFFFF, 0xFFFF, 0xFFFF, 0xFFFF, 0xFFFF,
    0xFFFF, 0xFFFF, 0xFFFF, 0xFFFF, 0xFFFF, 0xFFFF, 0xFFFF, 0xFFFF, 0xFFFF, 0xFFFF, 0xFFFF, 0xFFFF,
    0xFFFF, 0xFFFF, 0xFFFF, 0xFFFF, 0xFFFF, 0xFFFF, 0xFFFF, 0xFFFF, 0xFFFF, 0xFFFF, 0xFFFF, 0xFFFF,
    0xFFFF, 0xFFFF, 0xE71C, 0xF79E, 0xF7BE, 0xF7BE, 0xF7BE, 0xF7BE, 0xEF7D, 0xFFDF, 0xFFDF, 0xFFDF,
    0xFFFF, 0xFFFF, 0xFFFF, 0xFFFF, 0xFFFF, 0xFFDF, 0xD6BA, 0xD6BA, 0xFFDF, 0xFFFF, 0xFFFF, 0xFFFF,
    0xFFFF, 0xFFFF, 0xFFFF, 0xFFDF, 0xFFDF, 0xF79E, 0xF7BE, 0xF7BE, 0xF7BE, 0xF7BE, 0xF7BE, 0xBDB7,
    0xFFFF, 0xFFFF, 0xFFFF, 0xFFFF, 0xFFFF, 0xFFFF, 0xFFFF, 0xFFFF, 0xFFFF, 0xFFFF, 0xFFFF, 0xFFFF,
    0xFFFF, 0xFFFF, 0xFFFF, 0xFFFF, 0xFFFF, 0xFFFF, 0xFFFF, 0xFFFF, 0xFFFF, 0xFFFF, 0xFFFF, 0xFFFF,
    0xFFFF, 0xFFFF, 0xFFFF, 0xFFFF, 0xFFFF, 0xFFFF, 0xFFFF, 0xFFFF, 0xFFFF, 0xFFFF, 0xFFFF, 0xFFFF,
    0xFFFF, 0xFFFF, 0xFFFF, 0xFFFF, 0xFFFF, 0xFFFF, 0xFFFF, 0xFFFF, 0xFFFF, 0xFFFF, 0xFFFF, 0xFFFF,
    0xFFFF, 0xFFFF, 0xFFFF, 0xFFFF, 0xFFFF, 0xFFFF, 0xFFFF, 0xFFFF, 0xFFFF, 0xFFFF, 0xFFFF, 0xFFFF,
    0xFFFF, 0xFFFF, 0xFFFF, 0xFFFF, 0xFFFF, 0xFFFF, 0xFFFF, 0xFFFF, 0xFFFF, 0xFFFF, 0xFFFF, 0xFFFF,
    0xFFFF, 0xFFFF, 0xFFFF, 0xFFFF, 0xFFFF, 0xFFFF, 0xFFFF, 0xFFFF, 0xFFFF, 0xFFFF, 0xFFFF, 0xFFFF,
    0xFFFF, 0xFFFF, 0xFFFF, 0xFFFF, 0xFFFF, 0xFFFF, 0xFFFF, 0xE71C, 0xF79E, 0xF7BE, 0xF7BE, 0xF7BE,
    0xF7BE, 0xEF7D, 0xFFDF, 0xFFDF, 0xFFDF, 0xFFFF, 0xFFFF, 0xFFFF, 0xFFFF, 0xFFFF, 0xFFDF, 0xD6BA,
    0xD6BA, 0xFFDF, 0xFFFF, 0xFFFF, 0xFFFF, 0xFFFF, 0xFFFF, 0xFFFF, 0xFFDF, 0xFFDF, 0xF79E, 0xF7BE,
    0xF7BE, 0xF7BE, 0xF7BE, 0xF7BE, 0xBDD7, 0xFFFF, 0xFFFF, 0xFFFF, 0xFFFF, 0xFFFF, 0xFFFF, 0xFFFF,
    0xFFFF, 0xFFFF, 0xFFFF, 0xFFFF, 0xFFFF, 0xFFFF, 0xFFFF, 0xFFFF, 0xFFFF, 0xFFFF, 0xFFFF, 0xFFFF,
    0xFFFF, 0xFFFF, 0xFFFF, 0xFFFF, 0xFFFF, 0xFFFF, 0xFFFF, 0xFFFF, 0xFFFF, 0xFFFF, 0xFFFF, 0xFFFF,
    0xFFFF, 0xFFFF, 0xFFFF, 0xFFFF, 0xFFFF, 0xFFFF, 0xFFFF, 0xFFFF, 0xFFFF, 0xFFFF, 0xFFFF, 0xFFFF,
    0xFFFF, 0xFFFF, 0xFFFF, 0xFFFF, 0xFFFF, 0xFFFF, 0xFFFF, 0xFFFF, 0xFFFF, 0xFFFF, 0xFFFF, 0xFFFF,
    0xFFFF, 0xFFFF, 0xFFFF, 0xFFFF, 0xFFFF, 0xFFFF, 0xFFFF, 0xFFFF, 0xFFFF, 0xFFFF, 0xFFFF, 0xFFFF,
    0xFFFF, 0xFFFF, 0xFFFF, 0xFFFF, 0xFFFF, 0xFFFF, 0xFFFF, 0xFFFF, 0xFFFF, 0xFFFF, 0xFFFF, 0xFFFF,
    0xFFFF, 0xFFFF, 0xFFFF, 0xFFFF, 0xFFFF, 0xFFFF, 0xFFFF, 0xFFFF, 0xFFFF, 0xFFFF, 0xFFFF, 0xFFFF,
    0xE71C, 0xF79E, 0xF7BE, 0xF7BE, 0xF7BE, 0xF7BE, 0xEF7D, 0xFFDF, 0xFFDF, 0xFFDF, 0xFFFF, 0xFFFF,
    0xFFFF, 0xFFFF, 0xFFFF, 0xFFDF, 0xD6BA, 0xD6BA, 0xFFDF, 0xFFFF, 0xFFFF, 0xFFFF, 0xFFFF, 0xFFFF,
    0xFFFF, 0xFFDF, 0xFFDF, 0xF79E, 0xF7BE, 0xF7BE, 0xF7BE, 0xF7BE, 0xF7BE, 0xBDD7, 0xFFFF, 0xFFFF,
    0xFFFF, 0xFFFF, 0xFFFF, 0xFFFF, 0xFFFF, 0xFFFF, 0xFFFF, 0xFFFF, 0xFFFF, 0xFFFF, 0xFFFF, 0xFFFF,
    0xFFFF, 0xFFFF, 0xFFFF, 0xFFFF, 0xFFFF, 0xFFFF, 0xFFFF, 0xFFFF, 0xFFFF, 0xFFFF, 0xFFFF, 0xFFFF,
    0xFFFF, 0xFFFF, 0xFFFF, 0xFFFF, 0xFFFF, 0xFFFF, 0xFFFF, 0xFFFF, 0xFFFF, 0xFFFF, 0xFFFF, 0xFFFF,
    0xFFFF, 0xFFFF, 0xFFFF, 0xFFFF, 0xFFFF, 0xFFFF, 0xFFFF, 0xFFFF, 0xFFFF, 0xFFFF, 0xFFFF, 0xFFFF,
    0xFFFF, 0xFFFF, 0xFFFF, 0xFFFF, 0xFFFF, 0xFFFF, 0xFFFF, 0xFFFF, 0xFFFF, 0xFFFF, 0xFFFF, 0xFFFF,
    0xFFFF, 0xFFFF, 0xFFFF, 0xFFFF, 0xFFFF, 0xFFFF, 0xFFFF, 0xFFFF, 0xFFFF, 0xFFFF, 0xFFFF, 0xFFFF,
    0xFFFF, 0xFFFF, 0xFFFF, 0xFFFF, 0xFFFF, 0xFFFF, 0xFFFF, 0xFFFF, 0xFFFF, 0xFFFF, 0xFFFF, 0xFFFF,
    0xFFFF, 0xFFFF, 0xFFFF, 0xFFFF, 0xFFFF, 0xE71C, 0xF79E, 0xF7BE, 0xF7BE, 0xF7BE, 0xF7BE, 0xEF7D,
    0xFFDF, 0xFFDF, 0xFFDF, 0xFFFF, 0xFFFF, 0xFFFF, 0xFFFF, 0xFFFF, 0xFFDF, 0xD6BA, 0xDF1B, 0xFFDF,
    0xFFFF, 0xFFFF, 0xFFFF, 0xFFFF, 0xFFFF, 0xFFFF, 0xFFDF, 0xFFDF, 0xF79E, 0xF7BE, 0xF7BE, 0xF7BE,
    0xF7BE, 0xF79E, 0xB5B6, 0xFFFF, 0xFFFF, 0xFFFF, 0xFFFF, 0xFFFF, 0xFFFF, 0xFFFF, 0xFFFF, 0xFFFF,
    0xFFFF, 0xFFFF, 0xFFFF, 0xFFFF, 0xFFFF, 0xFFFF, 0xFFFF, 0xFFFF, 0xFFFF, 0xFFFF, 0xFFFF, 0xFFFF,
    0xFFFF, 0xFFFF, 0xFFFF, 0xFFFF, 0xFFFF, 0xFFFF, 0xFFFF, 0xFFFF, 0xFFFF, 0xFFFF, 0xFFFF, 0xFFFF,
    0xFFFF, 0xFFFF, 0xFFFF, 0xFFFF, 0xFFFF, 0xFFFF, 0xFFFF, 0xFFFF, 0xFFFF, 0xFFFF, 0xFFFF, 0xFFFF,
    0xFFFF, 0xFFFF, 0xFFFF, 0xFFFF, 0xFFFF, 0xFFFF, 0xFFFF, 0xFFFF, 0xFFFF, 0xFFFF, 0xFFFF, 0xFFFF,
    0xFFFF, 0xFFFF, 0xFFFF, 0xFFFF, 0xFFFF, 0xFFFF, 0xFFFF, 0xFFFF, 0xFFFF, 0xFFFF, 0xFFFF, 0xFFFF,
    0xFFFF, 0xFFFF, 0xFFFF, 0xFFFF, 0xFFFF, 0xFFFF, 0xFFFF, 0xFFFF, 0xFFFF, 0xFFFF, 0xFFFF, 0xFFFF,
    0xFFFF, 0xFFFF, 0xFFFF, 0xFFFF, 0xFFFF, 0xFFFF, 0xFFFF, 0xFFFF, 0xFFFF, 0xFFFF, 0xE71C, 0xF79E,
    0xF7BE, 0xF7BE, 0xF7BE, 0xF7BE, 0xEF7D, 0xFFDF, 0xFFDF, 0xFFDF, 0xFFFF, 0xFFFF, 0xFFFF, 0xFFFF,
    0xFFFF, 0xFFDF, 0xD6BA, 0xD6DB, 0xFFDF, 0xFFFF, 0xFFFF, 0xFFFF, 0xFFFF, 0xFFFF, 0xFFFF, 0xFFDF,
    0xFFDF, 0xF79E, 0xF7BE, 0xF7BE, 0xF7BE, 0xF7BE, 0xF79E, 0xB5B6, 0xFFFF, 0xFFFF, 0xFFFF, 0xFFFF,
    0xFFFF, 0xFFFF, 0xFFFF, 0xFFFF, 0xFFFF, 0xFFFF, 0xFFFF, 0xFFFF, 0xFFFF, 0xFFFF, 0xFFFF, 0xFFDF,
    0xFFFF, 0xFFFF, 0xFFFF, 0xFFFF, 0xFFFF, 0xFFFF, 0xFFFF, 0xFFFF, 0xFFFF, 0xFFFF, 0xFFFF, 0xFFFF,
    0xFFFF, 0xFFFF, 0xFFFF, 0xFFFF, 0xFFFF, 0xFFFF, 0xFFFF, 0xFFFF, 0xFFFF, 0xFFFF, 0xFFFF, 0xFFFF,
    0xFFFF, 0xFFFF, 0xFFFF, 0xFFFF, 0xFFFF, 0xFFFF, 0xFFFF, 0xFFFF, 0xFFFF, 0xFFFF, 0xFFFF, 0xFFFF,
    0xFFFF, 0xFFFF, 0xFFFF, 0xFFFF, 0xFFFF, 0xFFFF, 0xFFFF, 0xFFFF, 0xFFFF, 0xFFFF, 0xFFFF, 0xFFFF,
    0xFFFF, 0xFFFF, 0xFFFF, 0xFFFF, 0xFFFF, 0xFFFF, 0xFFFF, 0xFFFF, 0xFFFF, 0xFFFF, 0xFFFF, 0xFFFF,
    0xFFFF, 0xFFFF, 0xFFFF, 0xFFFF, 0xFFFF, 0xFFFF, 0xFFFF, 0xFFFF, 0xFFFF, 0xFFFF, 0xFFFF, 0xFFFF,
    0xFFFF, 0xFFFF, 0xFFFF, 0xE71C, 0xF79E, 0xF7BE, 0xF7BE, 0xF7BE, 0xF7BE, 0xEF7D, 0xFFDF, 0xFFDF,
    0xFFDF, 0xFFFF, 0xFFFF, 0xFFFF, 0xFFFF, 0xFFFF, 0xFFDF, 0xD6BA, 0xD6BA, 0xFFDF, 0xFFFF, 0xFFFF,
    0xFFFF, 0xFFFF, 0xFFFF, 0xFFFF, 0xFFDF, 0xFFDF, 0xF79E, 0xF7BE, 0xF7BE, 0xF7BE, 0xF7BE, 0xF79E,
    0xB5B6, 0xFFFF, 0xFFFF, 0xFFFF, 0xFFFF, 0xFFFF, 0xFFFF, 0xFFFF, 0xFFFF, 0xFFFF, 0xFFDF, 0xF7BE,
    0xF7BE, 0xF7BE, 0xF7BE, 0xF7BE, 0xDEDB, 0xF79E, 0xF7BE, 0xF7BE, 0xF7BE, 0xF7BE, 0xF7BE, 0xFFDF,
    0xFFFF, 0xFFFF, 0xFFFF, 0xFFFF, 0xFFFF, 0xFFFF, 0xFFFF, 0xFFFF, 0xFFFF, 0xFFFF, 0xFFFF, 0xFFFF,
    0xFFFF, 0xFFFF, 0xFFFF, 0xFFFF, 0xFFBF, 0xF7BE, 0xF7BE, 0xF7BE, 0xF7BE, 0xF7BE, 0xF7BE, 0xF7BE,
    0xF7BE, 0xF7BE, 0xF7BE, 0xF7BE, 0xF7BE, 0xFFDF, 0xFFFF, 0xFFFF, 0xFFFF, 0xFFFF, 0xFFFF, 0xFFFF,
    0xFFFF, 0xFFFF, 0xFFFF, 0xFFFF, 0xFFFF, 0xFFFF, 0xFFFF, 0xFFFF, 0xFFFF, 0xFFDF, 0xF7BE, 0xF7BE,
    0xF7BE, 0xF7BE, 0xF7BE, 0xF7BE, 0xF7BE, 0xF7BE, 0xF7BE, 0xF7BE, 0xF7BE, 0xF7BE, 0xF7BE, 0xFFDF,
    0xFFFF, 0xFFFF, 0xFFFF, 0xFFFF, 0xFFFF, 0xFFFF, 0xFFFF, 0xFFFF, 0xE71C, 0xF79E, 0xF7BE, 0xF7BE,
    0xF7BE, 0xF7BE, 0xEF7D, 0xFFDF, 0xFFDF, 0xFFDF, 0xFFFF, 0xFFFF, 0xFFFF, 0xFFFF, 0xFFFF, 0xFFDF,
    0xD6BA, 0xD6BA, 0xFFDF, 0xFFFF, 0xFFFF, 0xFFFF, 0xFFFF, 0xFFFF, 0xFFFF, 0xFFDF, 0xFFDF, 0xF79E,
    0xF7BE, 0xF7BE, 0xF7BE, 0xF7BE, 0xF79E, 0xB5B6, 0xFFFF, 0xFFFF, 0xFFFF, 0xFFFF, 0xFFFF, 0xFFFF,
    0xFFFF, 0xFFFF, 0xFFDF, 0xF7BE, 0xF7BE, 0xF7BE, 0xF7BE, 0xF7BE, 0xF7BE, 0xDEDB, 0xF79E, 0xF7BE,
    0xF7BE, 0xF7BE, 0xF7BE, 0xF7BE, 0xF7BE, 0xFFDF, 0xFFFF, 0xFFFF, 0xFFFF, 0xFFFF, 0xFFFF, 0xFFFF,
    0xFFFF, 0xFFFF, 0xFFFF, 0xFFFF, 0xFFFF, 0xFFFF, 0xFFFF, 0xFFFF, 0xF7BE, 0xF7BE, 0xF79E, 0xF7BE,
    0xF7BE, 0xF7BE, 0xF7BE, 0xF7BE, 0xF7BE, 0xF7BE, 0xF7BE, 0xF7BE, 0xF7BE, 0xF7BE, 0xF7BE, 0xFFFF,
    0xFFFF, 0xFFFF, 0xFFFF, 0xFFFF, 0xFFFF, 0xFFFF, 0xFFFF, 0xFFFF, 0xFFFF, 0xFFFF, 0xFFFF, 0xFFFF,
    0xFFFF, 0xFFDF, 0xF7BE, 0xF7BE, 0xF7BE, 0xF7BE, 0xF7BE, 0xF7BE, 0xF7BE, 0xF7BE, 0xF7BE, 0xF7BE,
    0xF7BE, 0xF7BE, 0xF7BE, 0xF7BE, 0xF7BE, 0xFFFF, 0xFFFF, 0xFFFF, 0xFFFF, 0xFFFF, 0xFFFF, 0xFFFF,
    0xFFFF, 0xE71C, 0xF79E, 0xF7BE, 0xF7BE, 0xF7BE, 0xF7BE, 0xEF7D, 0xFFDF, 0xFFDF, 0xFFDF, 0xFFFF,
    0xFFFF, 0xFFFF, 0xFFFF, 0xFFFF, 0xFFDF, 0xD6BA, 0xD6BA, 0xFFDF, 0xFFFF, 0xFFFF, 0xFFFF, 0xFFFF,
    0xFFFF, 0xFFFF, 0xFFDF, 0xFFDF, 0xF79E, 0xF7BE, 0xF7BE, 0xF7BE, 0xF7BE, 0xF7BE, 0xBDD7, 0xFFFF,
    0xFFFF, 0xFFFF, 0xFFFF, 0xFFFF, 0xFFFF, 0xFFFF, 0xFFFF, 0xF7BE, 0xF7BE, 0xF7BE, 0xCE59, 0xDEFB,
    0xF7BE, 0xF7BE, 0xDEDB, 0xF79E, 0xF7BE, 0xF7BE, 0xF7BE, 0xF7BE, 0xF7BE, 0xF7BE, 0xFFDF, 0xFFFF,
    0xFFFF, 0xFFFF, 0xFFFF, 0xFFFF, 0xFFFF, 0xFFFF, 0xFFFF, 0xFFFF, 0xFFFF, 0xFFFF, 0xFFFF, 0xFFFF,
    0xFFFF, 0xF7BE, 0xF79E, 0xD6BA, 0xF7BE, 0xF7BE, 0xF7BE, 0xF7BE, 0xF7BE, 0xF7BE, 0xF7BE, 0xF7BE,
    0xF7BE, 0xF7BE, 0xF7BE, 0xF7BE, 0xFFDF, 0xFFFF, 0xFFFF, 0xFFFF, 0xFFFF, 0xFFFF, 0xFFFF, 0xFFFF,
    0xFFFF, 0xFFFF, 0xFFFF, 0xFFFF, 0xFFFF, 0xFFFF, 0xFFDF, 0xF7BE, 0xF7BE, 0xF7BE, 0xF7BE, 0xEF7D,
    0xBDF8, 0xA515, 0x9CF4, 0xAD56, 0xD6BB, 0xF7BE, 0xF7BE, 0xF7BE, 0xF7BE, 0xF7BE, 0xFFDF, 0xFFFF,
    0xFFFF, 0xFFFF, 0xFFFF, 0xFFFF, 0xFFFF, 0xFFFF, 0xE71C, 0xF79E, 0xF7BE, 0xF7BE, 0xF7BE, 0xF7BE,
    0xEF7D, 0xFFDF, 0xFFDF, 0xFFDF, 0xFFDF, 0xFFDF, 0xFFFF, 0xFFFF, 0xFFFF, 0xFFDF, 0xD6BA, 0xD6BA,
    0xFFDF, 0xFFFF, 0xFFFF, 0xFFFF, 0xFFFF, 0xFFFF, 0xFFFF, 0xFFDF, 0xFFDF, 0xF79E, 0xF7BE, 0xF7BE,
    0xF7BE, 0xF7BE, 0xF7BE, 0xBDD7, 0xFFFF, 0xFFFF, 0xFFFF, 0xFFFF, 0xFFFF, 0xFFFF, 0xFFFF, 0xFFFF,
    0xF7BE, 0xF79E, 0xD6BA, 0xAD75, 0xC618, 0xDEDB, 0xF7BE, 0xDEDB, 0xF79E, 0xEF5D, 0xDEDB, 0xDEDB,
    0xDEDB, 0xE71C, 0xF7BE, 0xFFDF, 0xFFFF, 0xFFFF, 0xFFFF, 0xFFFF, 0xFFFF, 0xFFFF, 0xFFFF, 0xFFFF,
    0xFFFF, 0xFFFF, 0xFFFF, 0xFFFF, 0xFFFF, 0xFFFF, 0xF7BE, 0xF79E, 0xD6BA, 0xF7BE, 0xF7BE, 0xF7BE,
    0xF7BE, 0xF7BE, 0xF7BE, 0xFF7C, 0xFF39, 0xFF17, 0xFF18, 0xF7BE, 0xF7BE, 0xFFDF, 0xFFFF, 0xFFFF,
    0xFFFF, 0xFFFF, 0xFFFF, 0xFFFF, 0xFFFF, 0xFFFF, 0xFFFF, 0xFFFF, 0xFFFF, 0xFFFF, 0xFFFF, 0xFFDF,
    0xF7BE, 0xF7BE, 0xF7BE, 0xF7BE, 0xBDF8, 0xBDF8, 0x7C11, 0x634E, 0x634E, 0x6BAF, 0xEF5D, 0xF7BE,
    0xF7BE, 0xF7BE, 0xF7BE, 0xFFDF, 0xFFFF, 0xFFFF, 0xFFFF, 0xFFFF, 0xFFFF, 0xFFFF, 0xFFFF, 0xE71C,
    0xF79E, 0xF7BE, 0xF7BE, 0xF7BE, 0xF7BE, 0xEF7D, 0xFFDF, 0xFFDF, 0xFFDF, 0xFFDF, 0xFFDF, 0xFFFF,
    0xFFFF, 0xFFFF, 0xFFDF, 0xD6BA, 0xD6BA, 0xFFDF, 0xFFFF, 0xFFFF, 0xFFFF, 0xFFFF, 0xFFFF, 0xFFFF,
    0xFFDF, 0xFFDF, 0xF79E, 0xF7BE, 0xF7BE, 0xF7BE, 0xF7BE, 0xF7BE, 0xBDD7, 0xFFFF, 0xFFFF, 0xFFFF,
    0xFFFF, 0xFFFF, 0xFFFF, 0xFFFF, 0xFFFF, 0xF7BE, 0xF79E, 0xCE59, 0xA514, 0xB5B6, 0xCE79, 0xF7BE,
    0xDEDB, 0xF79E, 0xE73C, 0xCE59, 0xCE59, 0xCE59, 0xDEDB, 0xF7BE, 0xFFDF, 0xFFFF, 0xFFFF, 0xFFFF,
    0xFFFF, 0xFFFF, 0xFFFF, 0xFFFF, 0xFFFF, 0xFFFF, 0xFFFF, 0xFFFF, 0xFFFF, 0xFFFF, 0xFFFF, 0xF7BE,
    0xF79E, 0xD6BA, 0xF7BE, 0xF7BE, 0xF7BE, 0xF7BE, 0xFF5A, 0xFEB3, 0xFE6F, 0xFE6F, 0xFE6F, 0xFE90,
    0xF7BE, 0xF7BE, 0xFFDF, 0xFFFF, 0xFFFF, 0xFFFF, 0xFFFF, 0xFFFF, 0xFFFF, 0xFFFF, 0xFFFF, 0xFFFF,
    0xFFFF, 0xFFFF, 0xFFFF, 0xFFFF, 0xFFDF, 0xF7BE, 0xF7BE, 0xF7BE, 0xF7BE, 0xC618, 0x8C72, 0x7C31,
    0x6B8F, 0x634E, 0x636E, 0xE73C, 0xF7BE, 0xF7BE, 0xF7BE, 0xF7BE, 0xFFDF, 0xFFFF, 0xFFFF, 0xFFFF,
    0xFFFF, 0xFFFF, 0xFFFF, 0xFFFF, 0xE71C, 0xF79E, 0xF7BE, 0xF7BE, 0xF7BE, 0xF7BE, 0xEF7D, 0xFFDF,
    0xFFDF, 0xFFDF, 0xFFDF, 0xFFDF, 0xFFFF, 0xFFFF, 0xFFFF, 0xFFDF, 0xD6BA, 0xD6BA, 0xFFDF, 0xFFFF,
    0xFFFF, 0xFFFF, 0xFFFF, 0xFFFF, 0xFFFF, 0xFFDF, 0xFFDF, 0xF79E, 0xF7BE, 0xF7BE, 0xF7BE, 0xF7BE,
    0xF79E, 0xBDB7, 0xFFFF, 0xFFFF, 0xFFFF, 0xFFFF, 0xFFFF, 0xFFFF, 0xFFFF, 0xFFFF, 0xF7BE, 0xF7BE,
    0xF7BE, 0xC638, 0xDEFB, 0xF7BE, 0xF7BE, 0xDEDB, 0xF79E, 0xF7BE, 0xF7BE, 0xF7BE, 0xF7BE, 0xF7BE,
    0xF7BE, 0xFFDF, 0xFFFF, 0xFFFF, 0xFFFF, 0xFFFF, 0xFFFF, 0xFFFF, 0xFFFF, 0xFFFF, 0xFFFF, 0xFFFF,
    0xFFFF, 0xFFFF, 0xFFFF, 0xFFDF, 0xEF7D, 0xEF5D, 0xCE79, 0xEF7D, 0xEF7D, 0xF75C, 0xFED4, 0xFE6F,
    0xFE6E, 0xFE2C, 0xFDEA, 0xFDC8, 0xFDEA, 0xEF7D, 0xEF7D, 0xF7BE, 0xFFFF, 0xFFFF, 0xFFFF, 0xFFFF,
    0xFFFF, 0xFFFF, 0xFFFF, 0xFFFF, 0xFFFF, 0xFFFF, 0xFFFF, 0xFFFF, 0xFFFF, 0xFFDF, 0xF7BE, 0xF79E,
    0xB5D7, 0x8C72, 0x8472, 0x8452, 0x8452, 0x6BAF, 0x634E, 0x636E, 0xE655, 0xFE51, 0xFF18, 0xF7BE,
    0xF7BE, 0xFFDF, 0xFFFF, 0xFFFF, 0xFFFF, 0xFFFF, 0xFFFF, 0xFFFF, 0xFFFF, 0xE71C, 0xF79E, 0xF7BE,
    0xF7BE, 0xF7BE, 0xF7BE, 0xEF7D, 0xFFDF, 0xFFDF, 0xFFDF, 0xFFDF, 0xFFDF, 0xFFFF, 0xFFFF, 0xFFFF,
    0xFFDF, 0xD6BA, 0xD6BA, 0xFFDF, 0xFFFF, 0xFFFF, 0xFFFF, 0xFFFF, 0xFFFF, 0xFFFF, 0xFFDF, 0xFFDF,
    0xF79E, 0xF7BE, 0xF7BE, 0xF7BE, 0xF7BE, 0xF79E, 0xB5B6, 0xFFFF, 0xFFFF, 0xFFFF, 0xFFFF, 0xFFFF,
    0xFFFF, 0xFFFF, 0xFFFF, 0xF7BE, 0xF7BE, 0xF7BE, 0xF79E, 0xF7BE, 0xF7BE, 0xF7BE, 0xDEDB, 0xF79E,
    0xF7BE, 0xF7BE, 0xF7BE, 0xF7BE, 0xF7BE, 0xF7BE, 0xFFDF, 0xFFFF, 0xFFFF, 0xFFFF, 0xFFFF, 0xFFFF,
    0xFFFF, 0xFFFF, 0xFFFF, 0xFFFF, 0xFFFF, 0xFFFF, 0xFFFF, 0xFFFF, 0xFFDF, 0xEF7D, 0xEF5D, 0xCE79,
    0xEF7D, 0xF75C, 0xFEB2, 0xFE6F, 0xFE0B, 0xFDA7, 0xFDA6, 0xFDA6, 0xFDA6, 0xFDC9, 0xEF7D, 0xEF7D,
    0xF7BE, 0xFFFF, 0xFFFF, 0xFFFF, 0xFFFF, 0xFFFF, 0xFFFF, 0xFFFF, 0xFFFF, 0xFFFF, 0xFFFF, 0xFFFF,
    0xFFFF, 0xFFFF, 0xFFDF, 0xF7BE, 0xD69A, 0x634E, 0x634E, 0x634E, 0x634E, 0x634E, 0x634E, 0x634E,
    0x636F, 0xEDF1, 0xFDA7, 0xFDEC, 0xF7BE, 0xF7BE, 0xFFDF, 0xFFFF, 0xFFFF, 0xFFFF, 0xFFFF, 0xFFFF,
    0xFFFF, 0xFFFF, 0xE71C, 0xF79E, 0xF7BE, 0xF7BE, 0xF7BE, 0xF7BE, 0xEF7D, 0xFFDF, 0xFFDF, 0xFFDF,
    0xFFDF, 0xFFDF, 0xFFFF, 0xFFFF, 0xFFFF, 0xFFDF, 0xD6BA, 0xD6BA, 0xFFDF, 0xFFFF, 0xFFFF, 0xFFFF,
    0xFFFF, 0xFFFF, 0xFFFF, 0xFFDF, 0xFFDF, 0xF79E, 0xF7BE, 0xF7BE, 0xF7BE, 0xF7BE, 0xF79E, 0xB5B6,
    0xFFFF, 0xFFFF, 0xFFFF, 0xFFFF, 0xFFFF, 0xFFFF, 0xFFFF, 0xFFDF, 0xD6BA, 0xD6BA, 0xD6BA, 0xD6BA,
    0xD6BA, 0xD6BA, 0xD6BA, 0xBDF7, 0xD5F4, 0xD5F5, 0xD5F5, 0xD5F5, 0xD5F5, 0xD5F5, 0xD5F5, 0xE6B8,
    0xFFFF, 0xFFFF, 0xFFFF, 0xFFFF, 0xFFFF, 0xFFFF, 0xFFFF, 0xFFFF, 0xFFFF, 0xFFFF, 0xFFFF, 0xFFFF,
    0xFFFF, 0xFFDF, 0xEF7D, 0xEF5D, 0xCE79, 0xEF7D, 0xFED4, 0xFE6E, 0xFDE9, 0xFDA6, 0xFDA6, 0xFDA6,
    0xFDA6, 0xFDA6, 0xFDC9, 0xEF7D, 0xEF7D, 0xF7BE, 0xFFFF, 0xFFFF, 0xFFFF, 0xFFFF, 0xFFFF, 0xFFFF,
    0xFFFF, 0xFFFF, 0xFFFF, 0xFFFF, 0xFFFF, 0xFFFF, 0xFFFF, 0xFFDF, 0xF7BE, 0xB5D7, 0x634E, 0x634E,
    0x634E, 0x73F0, 0x8431, 0x8431, 0x8431, 0xB533, 0xFDCB, 0xFDA7, 0xFDA8, 0xF79D, 0xF7BE, 0xFFDF,
    0xFFFF, 0xFFFF, 0xFFFF, 0xFFFF, 0xFFFF, 0xFFFF, 0xFFFF, 0xE71C, 0xF79E, 0xF7BE, 0xF7BE, 0xF7BE,
    0xF7BE, 0xEF7D, 0xFFDF, 0xFFDF, 0xFFDF, 0xFFDF, 0xFFDF, 0xFFFF, 0xFFFF, 0xFFFF, 0xFFDF, 0xD6BA,
    0xD6BA, 0xFFDF, 0xFFFF, 0xFFFF, 0xFFFF, 0xFFFF, 0xFFFF, 0xFFFF, 0xFFDF, 0xFFDF, 0xF79E, 0xF7BE,
    0xF7BE, 0xF7BE, 0xF7BE, 0xF79E, 0xBDD7, 0xFFFF, 0xFFFF, 0xFFFF, 0xFFFF, 0xFFFF, 0xFFFF, 0xFFFF,
    0xFFFF, 0xF7BE, 0xF7BE, 0xF7BE, 0xF7BE, 0xF7BE, 0xF7BE, 0xF7BE, 0xDEBA, 0xFD86, 0xFDA6, 0xFDA6,
    0xFDA6, 0xFDA6, 0xFDA6, 0xFDA6, 0xFE92, 0xFFFF, 0xFFFF, 0xFFFF, 0xFFFF, 0xFFFF, 0xFFFF, 0xFFFF,
    0xFFFF, 0xFFFF, 0xFFFF, 0xFFFF, 0xFFFF, 0xFFFF, 0xFFDF, 0xEF7D, 0xEF5D, 0xCE79, 0xF718, 0xFE6E,
    0xFDC9, 0xFDA6, 0xFDA6, 0xFDA6, 0xFDA6, 0xFDA6, 0xFDA6, 0xFDC9, 0xEF7D, 0xEF7D, 0xF7BE, 0xFFFF,
    0xFFFF, 0xFFFF, 0xFFFF, 0xFFFF, 0xFFFF, 0xFFFF, 0xFFFF, 0xFFFF, 0xFFFF, 0xFFFF, 0xFFFF, 0xFFFF,
    0xFFDF, 0xF7BE, 0xB5D7, 0x634E, 0x634E, 0xAD12, 0xF60F, 0xFDED, 0xFDED, 0xFDED, 0xFDA9, 0xFDA7,
    0xFDA7, 0xFDA8, 0xF79D, 0xF7BE, 0xFFDF, 0xFFFF, 0xFFFF, 0xFFFF, 0xFFFF, 0xFFFF, 0xFFFF, 0xFFFF,
    0xE71C, 0xF7BE, 0xF79E, 0xF7BE, 0xF7BE, 0xF7BE, 0xEF7D, 0xF7BE, 0xFFDF, 0xFFDF, 0xFFDF, 0xFFDF,
    0xFFFF, 0xFFFF, 0xFFFF, 0xFFDF, 0xD6BA, 0xD6BA, 0xFFDF, 0xFFFF, 0xFFFF, 0xFFFF, 0xFFFF, 0xFFFF,
    0xFFFF, 0xFFDF, 0xFFDF, 0xF79E, 0xF7BE, 0xF7BE, 0xF7BE, 0xF7BE, 0xF79E, 0xBDD7, 0xFFFF, 0xFFFF,
    0xFFFF, 0xFFFF, 0xFFFF, 0xFFFF, 0xFFFF, 0xFFFF, 0xF7BE, 0xF7BE, 0xEF5D, 0xF7BE, 0xF79E, 0xEF7D,
    0xF7BE, 0xDEBA, 0xFD86, 0xFDA6, 0xFDA6, 0xFDA6, 0xFDA6, 0xFDA6, 0xFDA6, 0xFE92, 0xFFFF, 0xFFFF,
    0xFFFF, 0xFFFF, 0xFFFF, 0xFFFF, 0xFFFF, 0xFFFF, 0xFFFF, 0xFFFF, 0xFFFF, 0xFFFF, 0xFFFF, 0xFFDF,
    0xEF7D, 0xEF5D, 0xCE79, 0xFE91, 0xFDEA, 0xFDA6, 0xFDA6, 0xFDA6, 0xFDA6, 0xFDA6, 0xFDA6, 0xFDA6,
    0xFDC9, 0xEF7D, 0xEF7D, 0xF7BE, 0xFFFF, 0xFFFF, 0xFFFF, 0xFFFF, 0xFFFF, 0xFFFF, 0xFFFF, 0xFFFF,
    0xFFFF, 0xFFFF, 0xFFFF, 0xFFFF, 0xFFFF, 0xFFDF, 0xF7BE, 0xD69A, 0x634E, 0x634E, 0xE612, 0xFD86,
    0xFD86, 0xFD86, 0xFD86, 0xFD87, 0xFDA7, 0xFDA7, 0xFDEC, 0xF7BE, 0xF7BE, 0xFFDF, 0xFFFF, 0xFFFF,
    0xFFFF, 0xFFFF, 0xFFFF, 0xFFFF, 0xFFFF, 0xE71C, 0xF79E, 0xF79E, 0xF7BE, 0xF7BE, 0xF7BE, 0xEF7D,
    0xF7BE, 0xFFDF, 0xFFDF, 0xFFDF, 0xFFDF, 0xFFFF, 0xFFFF, 0xFFFF, 0xFFDF, 0xD6BA, 0xD6BA, 0xFFDF,
    0xFFFF, 0xFFFF, 0xFFFF, 0xFFFF, 0xFFFF, 0xFFFF, 0xFFDF, 0xFFDF, 0xF79E, 0xF7BE, 0xF7BE, 0xF7BE,
    0xF7BE, 0xF79E, 0xB5B6, 0xFFFF, 0xFFFF, 0xFFFF, 0xFFFF, 0xFFFF, 0xFFFF, 0xFFFF, 0xFFFF, 0xF7BE,
    0xF7BE, 0xCE79, 0xAD76, 0x9CF4, 0xDEFB, 0xF7BE, 0xDEBA, 0xFD86, 0xFE2E, 0xFF18, 0xFF18, 0xFF18,
    0xFE94, 0xFDA6, 0xFE92, 0xFFFF, 0xFFFF, 0xFFFF, 0xFFFF, 0xFFFF, 0xFFFF, 0xFFFF, 0xFFFF, 0xFFFF,
    0xFFFF, 0xFFFF, 0xFFFF, 0xFFFF, 0xF7BE, 0xDEDB, 0xDEBB, 0xCDB3, 0xFE2C, 0xFDA6, 0xFDA6, 0xFDA6,
    0xFDA6, 0xFDA6, 0xFDA6, 0xFDA6, 0xFDA6, 0xFDA9, 0xDEDB, 0xDEDB, 0xEF7D, 0xFFFF, 0xFFFF, 0xFFFF,
    0xFFFF, 0xFFFF, 0xFFFF, 0xFFFF, 0xFFFF, 0xFFFF, 0xFFFF, 0xFFFF, 0xFFFF, 0xFFFF, 0xFFDF, 0xF7BE,
    0xF79E, 0xB596, 0x94B3, 0xEE33, 0xFD86, 0xFD86, 0xFDED, 0xFE0F, 0xFE0F, 0xFE2F, 0xFE30, 0xF719,
    0xF7BE, 0xF7BE, 0xFFDF, 0xFFFF, 0xFFFF, 0xFFFF, 0xFFFF, 0xFFFF, 0xF79E, 0xFFFF, 0xE71C, 0xF79E,
    0xF79E, 0xF7BE, 0xF7BE, 0xF7BE, 0xEF7D, 0xFFDF, 0xFFDF, 0xFFDF, 0xFFDF, 0xFFDF, 0xFFFF, 0xFFFF,
    0xFFFF, 0xFFDF, 0xD6BA, 0xD6BA, 0xFFDF, 0xFFFF, 0xFFFF, 0xFFFF, 0xFFFF, 0xFFFF, 0xFFFF, 0xFFDF,
    0xFFDF, 0xF79E, 0xF7BE, 0xF7BE, 0xF7BE, 0xF7BE, 0xF79E, 0xB5B6, 0xFFFF, 0xFFFF, 0xFFFF, 0xFFFF,
    0xFFFF, 0xFFFF, 0xFFFF, 0xFFFF, 0xF7BE, 0xF7BE, 0xF79E, 0x8C51, 0x9CF4, 0xF7BE, 0xF7BE, 0xDEBA,
    0xFD86, 0xFDC9, 0xFE0E, 0xFE0E, 0xFE0E, 0xFDEC, 0xFDA6, 0xFE92, 0xFFFF, 0xFFFF, 0xFFFF, 0xFFFF,
    0xFFFF, 0xFFFF, 0xFFFF, 0xFFFF, 0xFFFF, 0xFFFF, 0xFFFF, 0xFFFF, 0xFFFF, 0xF7BE, 0xDEDB, 0xDEBB,
    0xDD8E, 0xFDC7, 0xFDA6, 0xFDA6, 0xFDA6, 0xFDA6, 0xFDA6, 0xFDA6, 0xFDA6, 0xFDA6, 0xFDA9, 0xDEDB,
    0xDEDB, 0xEF7D, 0xFFFF, 0xFFFF, 0xFFFF, 0xFFFF, 0xFFFF, 0xFFFF, 0xFFFF, 0xFFFF, 0xFFFF, 0xFFFF,
    0xFFFF, 0xFFFF, 0xFFFF, 0xFFDF, 0xF7BE, 0xF7BE, 0xF7BE, 0xF7BE, 0xFEB6, 0xFD86, 0xFD86, 0xFDA9,
    0xFDED, 0xFDEC, 0xF77C, 0xF7BE, 0xF7BE, 0xF7BE, 0xF7BE, 0xFFDF, 0xFFFF, 0xFFFF, 0xFFFF, 0xFFFF,
    0xFFFF, 0xD69A, 0xFFDF, 0xE71C, 0xF79E, 0xF79E, 0xF7BE, 0xF7BE, 0xF7BE, 0xEF7D, 0xFFDF, 0xFFDF,
    0xFFDF, 0xFFDF, 0xFFDF, 0xFFFF, 0xFFFF, 0xFFFF, 0xFFDF, 0xD6BA, 0xD6BA, 0xFFDF, 0xFFFF, 0xFFFF,
    0xFFFF, 0xFFFF, 0xFFFF, 0xFFFF, 0xFFDF, 0xFFDF, 0xF79E, 0xF7BE, 0xF7BE, 0xF7BE, 0xF7BE, 0xF79E,
    0xB5B6, 0xFFFF, 0xFFFF, 0xFFFF, 0xFFFF, 0xFFFF, 0xFFFF, 0xFFFF, 0xFFFF, 0xF7BE, 0xF7BE, 0xC618,
    0xDEFB, 0xCE79, 0xD69A, 0xF7BE, 0xDEBA, 0xFD86, 0xFE0D, 0xFEB4, 0xFEB4, 0xFEB4, 0xFE51, 0xFDA6,
    0xFE92, 0xFFFF, 0xFFFF, 0xFFFF, 0xFFFF, 0xFFFF, 0xFFFF, 0xFFFF, 0xFFFF, 0xFFFF, 0xFFFF, 0xFFFF,
    0xFFFF, 0xFFFF, 0xF7BE, 0xDEDB, 0xDEBB, 0xC4CC, 0xDD09, 0xDD09, 0xDD09, 0xDD09, 0xDD09, 0xDD09,
    0xDD09, 0xDD09, 0xDD09, 0xDD2B, 0xD67A, 0xDEDB, 0xEF7D, 0xFFFF, 0xFFFF, 0xFFFF, 0xFFFF, 0xFFFF,
    0xFFFF, 0xFFFF, 0xFFFF, 0xFFFF, 0xFFFF, 0xFFFF, 0xFFFF, 0xFFFF, 0xFFDF, 0xF7BE, 0xF7BE, 0xF7BE,
    0xF7BE, 0xFEF7, 0xFD86, 0xFD86, 0xFD86, 0xFE94, 0xFE51, 0xF77C, 0xF7BE, 0xF7BE, 0xF7BE, 0xF7BE,
    0xFFDF, 0xFFFF, 0xFFFF, 0xFFFF, 0xFFFF, 0xFFFF, 0xD69A, 0xFFDF, 0xE71C, 0xF79E, 0xF79E, 0xF7BE,
    0xF7BE, 0xF7BE, 0xEF7D, 0xFFDF, 0xFFDF, 0xFFDF, 0xFFDF, 0xFFDF, 0xFFFF, 0xFFFF, 0xFFFF, 0xFFDF,
    0xD6BA, 0xD6BA, 0xFFDF, 0xFFFF, 0xFFFF, 0xFFFF, 0xFFFF, 0xFFFF, 0xFFFF, 0xFFDF, 0xFFDF, 0xF79E,
    0xF7BE, 0xF7BE, 0xF7BE, 0xF7BE, 0xF79E, 0xB5B6, 0xFFFF, 0xFFFF, 0xFFFF, 0xFFFF, 0xFFFF, 0xFFFF,
    0xFFFF, 0xFFFF, 0xF7BE, 0xF7BE, 0xF7BE, 0xF7BE, 0xF7BE, 0xF7BE, 0xF7BE, 0xDEBA, 0xFD86, 0xFDA6,
    0xFDA6, 0xFDA6, 0xFDA6, 0xFDA6, 0xFDA6, 0xFE95, 0xFFFF, 0xFFFF, 0xFFFF, 0xFFFF, 0xFFFF, 0xFFFF,
    0xFFFF, 0xFFFF, 0xFFFF, 0xFFFF, 0xFFFF, 0xFFFF, 0xFFFF, 0xFFBF, 0xDEDB, 0xDEDB, 0xDEBB, 0xDEBB,
    0xDEBB, 0xDEBB, 0xDEBB, 0xDEBB, 0xDEBB, 0xDEBB, 0xDEBB, 0xDEBB, 0xDEBB, 0xDEDB, 0xDEDB, 0xEF7D,
    0xFFFF, 0xFFFF, 0xFFFF, 0xFFFF, 0xFFFF, 0xFFFF, 0xFFFF, 0xFFFF, 0xFFFF, 0xFFFF, 0xFFFF, 0xFFFF,
    0xFFFF, 0xFFDF, 0xF7BE, 0xF7BE, 0xF7BE, 0xF7BE, 0xF7BE, 0xFED7, 0xFE50, 0xFE0F, 0xFE73, 0xF73A,
    0xF7BE, 0xF7BE, 0xF7BE, 0xF7BE, 0xF7BE, 0xFFDF, 0xFFFF, 0xFFFF, 0xFFFF, 0xFFFF, 0xFFFF, 0xD69A,
    0xFFDF, 0xE71C, 0xF79E, 0xF79E, 0xF7BE, 0xF7BE, 0xF7BE, 0xEF7D, 0xFFDF, 0xFFDF, 0xFFDF, 0xFFDF,
    0xFFDF, 0xFFFF, 0xFFFF, 0xFFFF, 0xFFDF, 0xD6BA, 0xD6BA, 0xFFDF, 0xFFFF, 0xFFFF, 0xFFFF, 0xFFFF,
    0xFFFF, 0xFFFF, 0xFFDF, 0xFFDF, 0xF79E, 0xF7BE, 0xF7BE, 0xF7BE, 0xF7BE, 0xF79E, 0xB5B6, 0xFFFF,
    0xFFFF, 0xFFFF, 0xFFFF, 0xFFFF, 0xFFFF, 0xFFFF, 0xFFFF, 0xFFBF, 0xF79E, 0xF7BE, 0xF7BE, 0xF7BE,
    0xF7BE, 0xF7BE, 0xDEBA, 0xFDA6, 0xFDA6, 0xFDA6, 0xFDA6, 0xFDA6, 0xFD86, 0xF5CD, 0xFF9D, 0xFFFF,
    0xFFFF, 0xFFFF, 0xFFFF, 0xFFFF, 0xFFFF, 0xFFFF, 0xFFFF, 0xFFFF, 0xFFFF, 0xFFFF, 0xFFFF, 0xFFFF,
    0xFFFF, 0xE73C, 0xDEBB, 0xDEDB, 0xDEDB, 0xDEDB, 0xDEDB, 0xDEDB, 0xDEDB, 0xDEDB, 0xDEDB, 0xDEDB,
    0xDEDB, 0xDEDB, 0xDEDB, 0xDEDB, 0xFFDF, 0xFFFF, 0xFFFF, 0xFFFF, 0xFFFF, 0xFFFF, 0xFFFF, 0xFFFF,
    0xFFFF, 0xFFFF, 0xFFFF, 0xFFFF, 0xFFFF, 0xFFFF, 0xFFFF, 0xF7BE, 0xF7BE, 0xF7BE, 0xF7BE, 0xF7BE,
    0xF7BE, 0xF7BE, 0xF7BE, 0xF7BE, 0xF7BE, 0xF7BE, 0xF7BE, 0xF7BE, 0xF7BE, 0xF7BE, 0xFFFF, 0xFFFF,
    0xFFFF, 0xFFFF, 0xFFFF, 0xFFFF, 0xD69A, 0xFFDF, 0xE71C, 0xF79E, 0xF79E, 0xF79E, 0xF7BE, 0xF7BE,
    0xEF7D, 0xF7BE, 0xFFDF, 0xFFDF, 0xFFDF, 0xFFDF, 0xFFFF, 0xFFFF, 0xFFFF, 0xFFDF, 0xD6BA, 0xD6DB,
    0xFFDF, 0xFFFF, 0xFFFF, 0xFFFF, 0xFFFF, 0xFFFF, 0xFFFF, 0xFFDF, 0xFFDF, 0xF79E, 0xF7BE, 0xF7BE,
    0xF7BE, 0xF7BE, 0xF79E, 0xB5B6, 0xFFFF, 0xFFFF, 0xFFFF, 0xFFFF, 0xFFFF, 0xFFFF, 0xFFFF, 0xFFFF,
    0xFFFF, 0xFFDF, 0xF79E, 0xF79E, 0xF79E, 0xF79E, 0xF79E, 0xE71C, 0xEE97, 0xEE97, 0xEE97, 0xEE97,
    0xEEB7, 0xF6D8, 0xFFBE, 0xFFFF, 0xFFFF, 0xFFFF, 0xFFFF, 0xFFFF, 0xFFFF, 0xFFFF, 0xFFFF, 0xFFFF,
    0xFFFF, 0xFFFF, 0xFFFF, 0xFFFF, 0xFFFF, 0xFFFF, 0xFFFF, 0xEF7D, 0xE6FC, 0xDEFB, 0xDEFB, 0xDEFB,
    0xDEFB, 0xDEFB, 0xDEFB, 0xDEFB, 0xDEFB, 0xDEFB, 0xDEFB, 0xEF5D, 0xFFDF, 0xFFFF, 0xFFFF, 0xFFFF,
    0xFFFF, 0xFFFF, 0xFFFF, 0xFFFF, 0xFFFF, 0xFFFF, 0xFFFF, 0xFFFF, 0xFFFF, 0xFFFF, 0xFFFF, 0xFFFF,
    0xFFFF, 0xFFBF, 0xFFBF, 0xFFBF, 0xFFBF, 0xFFBF, 0xFFBF, 0xFFBF, 0xFFBF, 0xFFBF, 0xFFBF, 0xFFBF,
    0xF7BE, 0xFFBF, 0xFFFF, 0xFFFF, 0xFFFF, 0xFFFF, 0xFFFF, 0xFFFF, 0xFFFF, 0xD69A, 0xFFDF, 0xE71C,
    0xF79E, 0xF79E, 0xF79E, 0xF7BE, 0xF7BE, 0xEF7D, 0xFFDF, 0xFFDF, 0xFFDF, 0xFFDF, 0xFFDF, 0xFFFF,
    0xFFFF, 0xFFFF, 0xFFDF, 0xD6BA, 0xD6BA, 0xFFDF, 0xFFFF, 0xFFFF, 0xFFFF, 0xFFFF, 0xFFFF, 0xFFFF,
    0xFFDF, 0xFFDF, 0xF79E, 0xF7BE, 0xF7BE, 0xF7BE, 0xF7BE, 0xF79E, 0xBDD7, 0xFFFF, 0xFFFF, 0xFFFF,
    0xFFFF, 0xFFFF, 0xFFFF, 0xFFFF, 0xFFFF, 0xFFFF, 0xFFFF, 0xFFFF, 0xFFFF, 0xFFFF, 0xFFFF, 0xFFFF,
    0xFFFF, 0xFFFF, 0xFFFF, 0xFFFF, 0xFFFF, 0xFFFF, 0xFFFF, 0xFFFF, 0xFFFF, 0xFFFF, 0xFFFF, 0xFFFF,
    0xFFFF, 0xFFFF, 0xFFFF, 0xFFFF, 0xFFFF, 0xFFFF, 0xFFFF, 0xFFFF, 0xFFFF, 0xFFFF, 0xFFFF, 0xFFFF,
    0xFFFF, 0xFFFF, 0xFFFF, 0xFFFF, 0xFFFF, 0xFFFF, 0xFFFF, 0xFFFF, 0xFFFF, 0xFFFF, 0xFFFF, 0xFFFF,
    0xFFFF, 0xFFFF, 0xFFFF, 0xFFFF, 0xFFFF, 0xFFFF, 0xFFFF, 0xFFFF, 0xFFFF, 0xFFFF, 0xFFFF, 0xFFFF,
    0xFFFF, 0xFFFF, 0xFFFF, 0xFFFF, 0xFFFF, 0xFFFF, 0xFFFF, 0xFFFF, 0xFFFF, 0xFFFF, 0xFFFF, 0xFFFF,
    0xFFFF, 0xFFFF, 0xFFFF, 0xFFFF, 0xFFFF, 0xFFFF, 0xFFFF, 0xFFFF, 0xFFFF, 0xFFFF, 0xFFFF, 0xFFFF,
    0xFFFF, 0xFFFF, 0xD69A, 0xFFDF, 0xE71C, 0xF79E, 0xF79E, 0xF79E, 0xF7BE, 0xF7BE, 0xEF7D, 0xF7BE,
    0xFFDF, 0xFFDF, 0xFFDF, 0xFFDF, 0xFFFF, 0xFFFF, 0xFFFF, 0xFFDF, 0xD6BA, 0xD6BA, 0xFFDF, 0xFFFF,
    0xFFFF, 0xFFFF, 0xFFFF, 0xFFFF, 0xFFFF, 0xFFDF, 0xFFDF, 0xF79E, 0xF7BE, 0xF7BE, 0xF7BE, 0xF7BE,
    0xF79E, 0xBDD7, 0xFFFF, 0xFFFF, 0xFFFF, 0xFFFF, 0xFFFF, 0xFFFF, 0xFFFF, 0xFFFF, 0xFFFF, 0xFFFF,
    0xFFFF, 0xFFFF, 0xFFFF, 0xFFFF, 0xFFFF, 0xFFFF, 0xFFFF, 0xFFFF, 0xFFFF, 0xFFFF, 0xFFFF, 0xFFFF,
    0xFFFF, 0xFFFF, 0xFFFF, 0xFFFF, 0xFFFF, 0xFFFF, 0xFFFF, 0xFFFF, 0xFFFF, 0xFFFF, 0xFFFF, 0xFFFF,
    0xFFFF, 0xFFFF, 0xFFFF, 0xFFFF, 0xFFFF, 0xFFFF, 0xFFFF, 0xFFFF, 0xFFFF, 0xFFFF, 0xFFFF, 0xFFFF,
    0xFFFF, 0xFFFF, 0xFFFF, 0xFFFF, 0xFFFF, 0xFFFF, 0xFFFF, 0xFFFF, 0xFFFF, 0xFFFF, 0xFFFF, 0xFFFF,
    0xFFFF, 0xFFFF, 0xFFFF, 0xFFFF, 0xFFFF, 0xFFFF, 0xFFFF, 0xFFFF, 0xFFFF, 0xFFFF, 0xFFFF, 0xFFFF,
    0xFFFF, 0xFFFF, 0xFFFF, 0xFFFF, 0xFFFF, 0xFFFF, 0xFFFF, 0xFFFF, 0xFFFF, 0xFFFF, 0xFFFF, 0xFFFF,
    0xFFFF, 0xFFFF, 0xFFFF, 0xFFFF, 0xFFFF, 0xFFFF, 0xFFFF, 0xD69A, 0xFFDF, 0xE71C, 0xF79E, 0xF79E,
    0xF79E, 0xF7BE, 0xF7BE, 0xEF7D, 0xF7BE, 0xFFDF, 0xFFDF, 0xFFDF, 0xFFDF, 0xFFFF, 0xFFFF, 0xFFFF,
    0xFFDF, 0xD6BA, 0xD6BA, 0xFFDF, 0xFFFF, 0xFFFF, 0xFFFF, 0xFFFF, 0xFFFF, 0xFFFF, 0xFFDF, 0xFFDF,
    0xF79E, 0xF7BE, 0xF7BE, 0xF7BE, 0xF7BE, 0xF79E, 0xBDD7, 0xFFFF, 0xFFFF, 0xFFFF, 0xFFFF, 0xFFFF,
    0xFFFF, 0xFFFF, 0xFF5A, 0xFE50, 0xFE50, 0xFE50, 0xFE50, 0xFE50, 0xFE92, 0xFE50, 0xFE50, 0xFE50,
    0xFE50, 0xFE50, 0xFE92, 0xFE50, 0xFE50, 0xFE50, 0xFE71, 0xFFFF, 0xFFFF, 0xFFFF, 0xFFFF, 0xFFFF,
    0xFFFF, 0xFFFF, 0xFFFF, 0xFFFF, 0xFFFF, 0xFFFF, 0xFFFF, 0xFFFF, 0xFFFF, 0xFFDF, 0xFFDF, 0xFFFF,
    0xFFFF, 0xFFFF, 0xFFFF, 0xFFFF, 0xFFFF, 0xF7BE, 0xFFFF, 0xFFFF, 0xFFFF, 0xFFFF, 0xFFFF, 0xFFFF,
    0xFFFF, 0xFFFF, 0xFFFF, 0xFFFF, 0xFFFF, 0xFFFF, 0xFFFF, 0xFFFF, 0xFFFF, 0xFFFF, 0xFFFF, 0xFFFF,
    0xFFFF, 0xFFFF, 0xFFFF, 0xFFFF, 0xFFFF, 0xFFDF, 0xFFFF, 0xFFFF, 0xFFFF, 0xFFFF, 0xFFDF, 0xFFDF,
    0xFFFF, 0xFFFF, 0xFFFF, 0xFFFF, 0xFFFF, 0xFFFF, 0xFFFF, 0xFFFF, 0xFFFF, 0xFFFF, 0xFFFF, 0xFFFF,
    0xD69A, 0xFFDF, 0xE71C, 0xF79E, 0xF79E, 0xF79E, 0xF7BE, 0xF7BE, 0xEF7D, 0xF7BE, 0xFFDF, 0xFFDF,
    0xFFDF, 0xFFDF, 0xFFFF, 0xFFFF, 0xFFDF, 0xFFDF, 0xD6BA, 0xD6BA, 0xFFDF, 0xFFFF, 0xFFFF, 0xFFFF,
    0xFFFF, 0xFFFF, 0xFFFF, 0xFFDF, 0xFFDF, 0xF79E, 0xF7BE, 0xF7BE, 0xF7BE, 0xF7BE, 0xF79E, 0xBDD7,
    0xFFFF, 0xFFFF, 0xFFFF, 0xFFFF, 0xFFFF, 0xFFFF, 0xFFFF, 0xFF18, 0xFDA6, 0xFE6F, 0xFE0C, 0xFE2E,
    0xFDEA, 0xFE91, 0xFDA6, 0xFE2D, 0xFE0B, 0xFDEA, 0xFDEA, 0xFE93, 0xFDA6, 0xFE2E, 0xFDEA, 0xFDC8,
    0xFFFF, 0xFFFF, 0xFFFF, 0xFFFF, 0xFFFF, 0xFFFF, 0xFFFF, 0xFFFF, 0xFFFF, 0xFFFF, 0xFFFF, 0xFFFF,
    0xFFFF, 0xEF5D, 0xC618, 0xEF5D, 0xDEFB, 0xDEFB, 0xD6BA, 0xEF5D, 0xCE79, 0xEF7D, 0xAD55, 0xEF5D,
    0xDEDB, 0xEF5D, 0xF77E, 0xEF7D, 0xE6FC, 0xDEDB, 0xFFFF, 0xFFFF, 0xFFFF, 0xFFFF, 0xFFFF, 0xFFFF,
    0xFFFF, 0xFFFF, 0xFFFF, 0xFFFF, 0xFFFF, 0xFFFF, 0xFFFF, 0xFFFF, 0xFFFF, 0xEF5D, 0xBDF7, 0xB596,
    0xFFBF, 0xDEFB, 0xAD35, 0xDEFB, 0xBDD7, 0xEF7D, 0xD6BA, 0xEF7D, 0xD67A, 0xF79E, 0xFFFF, 0xFFFF,
    0xFFFF, 0xFFFF, 0xFFFF, 0xFFFF, 0xFFFF, 0xD69A, 0xFFDF, 0xE71C, 0xF79E, 0xF79E, 0xF79E, 0xF7BE,
    0xF7BE, 0xEF7D, 0xF7BE, 0xFFDF, 0xFFDF, 0xFFDF, 0xFFDF, 0xFFFF, 0xFFFF, 0xFFDF, 0xFFDF, 0xD6BA,
    0xD6BA, 0xFFDF, 0xFFFF, 0xFFFF, 0xFFFF, 0xFFFF, 0xFFFF, 0xFFFF, 0xFFDF, 0xFFDF, 0xF79E, 0xF7BE,
    0xF7BE, 0xF7BE, 0xF7BE, 0xF79E, 0xB5B6, 0xFFFF, 0xFFFF, 0xFFFF, 0xFFFF, 0xFFFF, 0xFFFF, 0xFFFF,
    0xFF18, 0xFDA6, 0xFE70, 0xFDC9, 0xFEB2, 0xFE91, 0xFE70, 0xFDC7, 0xFE92, 0xFDE9, 0xFE6F, 0xFE70,
    0xFE71, 0xFDA6, 0xFE6F, 0xFE2D, 0xFDC8, 0xFFFF, 0xFFFF, 0xFFFF, 0xFFFF, 0xFFFF, 0xFFFF, 0xFFFF,
    0xFFFF, 0xFFFF, 0xFFFF, 0xFFFF, 0xFFFF, 0xFFFF, 0xDEFB, 0xD6BA, 0xD67A, 0xCE59, 0xFFDF, 0xAD55,
    0xB576, 0xCE59, 0xCE79, 0xCE59, 0xC618, 0x9CD3, 0xC638, 0xCE79, 0xCE59, 0xC5F8, 0xFFDF, 0xFFFF,
    0xFFFF, 0xFFFF, 0xFFFF, 0xFFFF, 0xFFFF, 0xFFFF, 0xFFFF, 0xFFFF, 0xFFFF, 0xFFFF, 0xFFFF, 0xFFFF,
    0xFFFF, 0xFFFF, 0xEF5D, 0xBDD7, 0xD6BA, 0xAD75, 0xD6BA, 0xBDF7, 0xEF7D, 0xDEFB, 0xBDD7, 0xBDD7,
    0xB5B6, 0xD67A, 0xDEDB, 0xFFFF, 0xFFFF, 0xFFFF, 0xFFFF, 0xFFFF, 0xFFFF, 0xFFFF, 0xD69A, 0xFFDF,
    0xE71C, 0xF79E, 0xF79E, 0xF79E, 0xF7BE, 0xF7BE, 0xEF7D, 0xF7BE, 0xFFDF, 0xFFDF, 0xFFDF, 0xFFDF,
    0xFFFF, 0xFFFF, 0xFFDF, 0xFFDF, 0xD6BA, 0xDEDB, 0xFFDF, 0xFFFF, 0xFFFF, 0xFFFF, 0xFFFF, 0xFFFF,
    0xFFFF, 0xFFDF, 0xFFDF, 0xF79E, 0xF7BE, 0xF7BE, 0xF7BE, 0xF7BE, 0xF79E, 0xB5B6, 0xFFFF, 0xFFFF,
    0xFFFF, 0xFFFF, 0xFFFF, 0xFFFF, 0xFFFF, 0xFF18, 0xFDA6, 0xFE0C, 0xFDEC, 0xFE50, 0xFE0D, 0xFDC9,
    0xFE0D, 0xFE0D, 0xFDEC, 0xFE2E, 0xFDEC, 0xFDC9, 0xFE0D, 0xFE0D, 0xFDEB, 0xFDC8, 0xFFFF, 0xFFFF,
    0xFFFF, 0xFFFF, 0xFFFF, 0xFFFF, 0xFFFF, 0xFFFF, 0xFFFF, 0xFFFF, 0xFFFF, 0xFFFF, 0xFFFF, 0xFFFF,
    0xDEFB, 0xEF5D, 0xF79E, 0xFFFF, 0xDEDB, 0xE6FC, 0xB5B6, 0xF79E, 0xF79E, 0xEF7D, 0xE71C, 0xEF7D,
    0xE6FC, 0xEF5D, 0xEF7D, 0xFFFF, 0xFFFF, 0xFFFF, 0xFFFF, 0xFFFF, 0xFFFF, 0xFFFF, 0xFFFF, 0xFFFF,
    0xFFFF, 0xFFFF, 0xFFFF, 0xFFFF, 0xFFFF, 0xFFFF, 0xFFFF, 0xFFBF, 0xF7BE, 0xF7BE, 0xB596, 0xFFDF,
    0xE71C, 0xEF5D, 0xF7BE, 0xEF7D, 0xDEFB, 0xF79E, 0xF79E, 0xF79E, 0xFFFF, 0xFFFF, 0xFFFF, 0xFFFF,
    0xFFFF, 0xFFFF, 0xFFFF, 0xD69A, 0xFFDF, 0xE71C, 0xF79E, 0xF79E, 0xF79E, 0xF7BE, 0xF7BE, 0xEF7D,
    0xF7BE, 0xFFDF, 0xFFDF, 0xFFDF, 0xFFDF, 0xFFFF, 0xFFFF, 0xFFDF, 0xFFDF, 0xD6BA, 0xDEDA, 0xFFDF,
    0xFFFF, 0xFFFF, 0xFFFF, 0xFFFF, 0xFFFF, 0xFFFF, 0xFFDF, 0xFFDF, 0xF79E, 0xF7BE, 0xF7BE, 0xF7BE,
    0xF79E, 0xF79E, 0xB5B6, 0xFFFF, 0xFFFF, 0xFFFF, 0xFFFF, 0xFFFF, 0xFFFF, 0xFFFF, 0xFF5A, 0xFE72,
    0xFE72, 0xFE72, 0xFE72, 0xFE72, 0xFE72, 0xFE72, 0xFE72, 0xFE72, 0xFE72, 0xFE72, 0xFE72, 0xFE72,
    0xFE72, 0xFE72, 0xFE93, 0xFFFF, 0xFFFF, 0xFFFF, 0xFFFF, 0xFFFF, 0xFFFF, 0xFFFF, 0xFFFF, 0xFFFF,
    0xFFFF, 0xFFFF, 0xFFFF, 0xFFFF, 0xFFFF, 0xFFFF, 0xFFFF, 0xFFFF, 0xFFFF, 0xFFFF, 0xFFFF, 0xFFDF,
    0xFFFF, 0xFFFF, 0xFFFF, 0xFFFF, 0xFFFF, 0xFFFF, 0xFFFF, 0xFFFF, 0xFFFF, 0xFFFF, 0xFFFF, 0xFFFF,
    0xFFFF, 0xFFFF, 0xFFFF, 0xFFFF, 0xFFFF, 0xFFFF, 0xFFFF, 0xFFFF, 0xFFFF, 0xFFFF, 0xFFFF, 0xFFFF,
    0xFFFF, 0xFFFF, 0xFFDF, 0xF7BE, 0xFFFF, 0xFFFF, 0xFFFF, 0xFFFF, 0xFFFF, 0xFFFF, 0xFFFF, 0xFFFF,
    0xFFFF, 0xFFFF, 0xFFFF, 0xFFFF, 0xFFFF, 0xFFFF, 0xFFFF, 0xFFFF, 0xD69A, 0xFFDF, 0xE71C, 0xF79E,
    0xF79E, 0xF79E, 0xF7BE, 0xF7BE, 0xEF7D, 0xF7BE, 0xFFDF, 0xFFDF, 0xFFDF, 0xFFDF, 0xFFFF, 0xFFFF,
    0xFFDF, 0xFFDF, 0xD6BA, 0xDEDB, 0xFFDF, 0xFFFF, 0xFFFF, 0xFFFF, 0xFFFF, 0xFFFF, 0xFFFF, 0xFFDF,
    0xFFDF, 0xF79E, 0xF7BE, 0xF7BE, 0xF7BE, 0xF79E, 0xF79E, 0xB5B6, 0xFFFF, 0xFFFF, 0xFFFF, 0xFFFF,
    0xFFFF, 0xFFFF, 0xFFFF, 0xFFFF, 0xFFFF, 0xFFFF, 0xFFFF, 0xFFFF, 0xFFFF, 0xFFFF, 0xFFFF, 0xFFFF,
    0xFFFF, 0xFFFF, 0xFFFF, 0xFFFF, 0xFFFF, 0xFFFF, 0xFFFF, 0xFFFF, 0xFFFF, 0xFFFF, 0xFFFF, 0xFFFF,
    0xFFFF, 0xFFFF, 0xFFFF, 0xFFFF, 0xFFFF, 0xFFFF, 0xFFFF, 0xFFFF, 0xFFFF, 0xFFFF, 0xFFFF, 0xFFFF,
    0xFFFF, 0xFFFF, 0xFFFF, 0xFFFF, 0xFFFF, 0xFFFF, 0xFFFF, 0xFFFF, 0xFFFF, 0xFFFF, 0xFFFF, 0xFFFF,
    0xFFFF, 0xFFFF, 0xFFFF, 0xFFFF, 0xFFFF, 0xFFFF, 0xFFFF, 0xFFFF, 0xFFFF, 0xFFFF, 0xFFFF, 0xFFFF,
    0xFFFF, 0xFFFF, 0xFFFF, 0xFFFF, 0xFFFF, 0xFFFF, 0xFFFF, 0xFFFF, 0xFFFF, 0xFFFF, 0xFFFF, 0xFFFF,
    0xFFFF, 0xFFFF, 0xFFFF, 0xFFFF, 0xFFFF, 0xFFFF, 0xFFFF, 0xFFFF, 0xFFFF, 0xFFFF, 0xFFFF, 0xFFFF,
    0xFFFF, 0xD69A, 0xFFDF, 0xE71C, 0xF79E, 0xF79E, 0xF79E, 0xF7BE, 0xF7BE, 0xEF7D, 0xF7BE, 0xFFDF,
    0xFFDF, 0xFFDF, 0xFFDF, 0xFFFF, 0xFFFF, 0xFFDF, 0xFFDF, 0xD6BA, 0xD6BA, 0xFFDF, 0xFFFF, 0xFFFF,
    0xFFFF, 0xFFFF, 0xFFFF, 0xFFFF, 0xFFDF, 0xFFDF, 0xF79E, 0xF7BE, 0xF7BE, 0xF7BE, 0xF79E, 0xF79E,
    0xBDD7, 0xFFFF, 0xFFFF, 0xFFFF, 0xFFFF, 0xFFFF, 0xFFFF, 0xFFFF, 0xFFFF, 0xFFFF, 0xFFFF, 0xFFFF,
    0xFFFF, 0xFFFF, 0xFFFF, 0xFFFF, 0xFFFF, 0xFFFF, 0xFFFF, 0xFFFF, 0xFFFF, 0xFFFF, 0xFFFF, 0xFFFF,
    0xFFFF, 0xFFFF, 0xFFFF, 0xFFFF, 0xFFFF, 0xFFFF, 0xFFFF, 0xFFFF, 0xFFFF, 0xFFFF, 0xFFFF, 0xFFFF,
    0xFFFF, 0xFFFF, 0xFFFF, 0xFFFF, 0xFFFF, 0xFFFF, 0xFFFF, 0xFFFF, 0xFFFF, 0xFFFF, 0xFFFF, 0xFFFF,
    0xFFFF, 0xFFFF, 0xFFFF, 0xFFFF, 0xFFFF, 0xFFFF, 0xFFFF, 0xFFFF, 0xFFFF, 0xFFFF, 0xFFFF, 0xFFFF,
    0xFFFF, 0xFFFF, 0xFFFF, 0xFFFF, 0xFFFF, 0xFFFF, 0xFFFF, 0xFFFF, 0xFFFF, 0xFFFF, 0xFFFF, 0xFFFF,
    0xFFFF, 0xFFFF, 0xFFFF, 0xFFFF, 0xFFFF, 0xFFFF, 0xFFFF, 0xFFFF, 0xFFFF, 0xFFFF, 0xFFFF, 0xFFFF,
    0xFFFF, 0xFFFF, 0xFFFF, 0xFFFF, 0xFFFF, 0xFFFF, 0xDEDB, 0xFFFF, 0xE71C, 0xF79E, 0xF79E, 0xF79E,
    0xF7BE, 0xF7BE, 0xEF7D, 0xF7BE, 0xFFDF, 0xFFDF, 0xFFDF, 0xFFDF, 0xFFFF, 0xFFFF, 0xFFFF, 0xFFDF,
    0xD6BA, 0xD6BA, 0xFFDF, 0xFFFF, 0xFFFF, 0xFFFF, 0xFFFF, 0xFFFF, 0xFFFF, 0xFFDF, 0xFFDF, 0xF79E,
    0xF7BE, 0xF7BE, 0xF7BE, 0xF7BE, 0xF79E, 0xBDD7, 0xFFFF, 0xFFFF, 0xFFFF, 0xFFFF, 0xFFFF, 0xFFFF,
    0xFFFF, 0xFFFF, 0xFFFF, 0xFFFF, 0xFFFF, 0xFFFF, 0xFFFF, 0xFFFF, 0xFFFF, 0xFFFF, 0xFFFF, 0xFFFF,
    0xFFFF, 0xFFFF, 0xFFFF, 0xFFFF, 0xFFFF, 0xFFFF, 0xFFFF, 0xFFFF, 0xFFFF, 0xFFFF, 0xFFFF, 0xFFFF,
    0xFFFF, 0xFFFF, 0xFFFF, 0xFFFF, 0xFFFF, 0xFFFF, 0xFFFF, 0xFFFF, 0xFFFF, 0xFFFF, 0xFFFF, 0xFFFF,
    0xFFFF, 0xFFFF, 0xFFFF, 0xFFFF, 0xFFFF, 0xFFFF, 0xFFFF, 0xFFFF, 0xFFFF, 0xFFFF, 0xFFFF, 0xFFFF,
    0xFFFF, 0xFFFF, 0xFFFF, 0xFFFF, 0xFFFF, 0xFFFF, 0xFFFF, 0xFFFF, 0xFFFF, 0xFFFF, 0xFFFF, 0xFFFF,
    0xFFFF, 0xFFFF, 0xFFFF, 0xFFFF, 0xFFFF, 0xFFFF, 0xFFFF, 0xFFFF, 0xFFFF, 0xFFFF, 0xFFFF, 0xFFFF,
    0xFFFF, 0xFFFF, 0xFFFF, 0xFFFF, 0xFFFF, 0xFFFF, 0xFFFF, 0xFFFF, 0xFFFF, 0xFFFF, 0xFFFF, 0xEF5D,
    0xFFFF, 0xE71C, 0xF79E, 0xF79E, 0xF79E, 0xF7BE, 0xF7BE, 0xEF7D, 0xF7BE, 0xFFDF, 0xFFDF, 0xFFDF,
    0xFFDF, 0xFFFF, 0xFFFF, 0xFFFF, 0xFFDF, 0xD6BA, 0xD6BA, 0xFFDF, 0xFFFF, 0xFFFF, 0xFFFF, 0xFFFF,
    0xFFFF, 0xFFFF, 0xFFDF, 0xFFDF, 0xF79E, 0xF7BE, 0xF7BE, 0xF7BE, 0xF79E, 0xF79E, 0xBDD7, 0xFFFF,
    0xFFFF, 0xFFFF, 0xFFFF, 0xFFFF, 0xFFFF, 0xFFFF, 0xFFFF, 0xFFFF, 0xFFFF, 0xFFFF, 0xFFFF, 0xFFFF,
    0xFFFF, 0xFFFF, 0xFFFF, 0xFFFF, 0xFFFF, 0xFFFF, 0xFFFF, 0xFFFF, 0xFFFF, 0xFFFF, 0xFFFF, 0xFFFF,
    0xFFFF, 0xFFFF, 0xFFFF, 0xFFFF, 0xFFFF, 0xFFFF, 0xFFFF, 0xFFFF, 0xFFFF, 0xFFFF, 0xFFFF, 0xFFFF,
    0xFFFF, 0xFFFF, 0xFFFF, 0xFFFF, 0xFFFF, 0xFFFF, 0xFFFF, 0xFFFF, 0xFFFF, 0xFFFF, 0xFFFF, 0xFFFF,
    0xFFFF, 0xFFFF, 0xFFFF, 0xFFFF, 0xFFFF, 0xFFFF, 0xFFFF, 0xFFFF, 0xFFFF, 0xFFFF, 0xFFFF, 0xFFFF,
    0xFFFF, 0xFFFF, 0xFFFF, 0xFFFF, 0xFFFF, 0xFFFF, 0xFFFF, 0xFFFF, 0xFFFF, 0xFFFF, 0xFFFF, 0xFFFF,
    0xFFFF, 0xFFFF, 0xFFFF, 0xFFFF, 0xFFFF, 0xFFFF, 0xFFFF, 0xFFFF, 0xFFFF, 0xFFFF, 0xFFFF, 0xFFFF,
    0xFFFF, 0xFFFF, 0xFFFF, 0xFFFF, 0xEF5D, 0xFFFF, 0xE71C, 0xF79E, 0xF79E, 0xF79E, 0xF7BE, 0xF7BE,
    0xEF7D, 0xF7BE, 0xFFDF, 0xFFDF, 0xFFDF, 0xFFDF, 0xFFFF, 0xFFFF, 0xFFDF, 0xFFDF, 0xD6BA, 0xDEDB,
    0xFFDF, 0xFFFF, 0xFFFF, 0xFFFF, 0xFFFF, 0xFFFF, 0xFFFF, 0xFFDF, 0xFFDF, 0xF79E, 0xF7BE, 0xF7BE,
    0xF7BE, 0xF79E, 0xF79E, 0xBDD7, 0xFFFF, 0xFFFF, 0xFFFF, 0xFFFF, 0xFFFF, 0xFFFF, 0xFFFF, 0xFFFF,
    0xFFFF, 0xFFFF, 0xFFFF, 0xFFFF, 0xFFFF, 0xFFFF, 0xFFFF, 0xFFFF, 0xFFFF, 0xFFFF, 0xFFFF, 0xFFFF,
    0xFFFF, 0xFFFF, 0xFFFF, 0xFFFF, 0xFFFF, 0xFFFF, 0xFFFF, 0xFFFF, 0xFFFF, 0xFFFF, 0xFFFF, 0xFFFF,
    0xFFFF, 0xFFFF, 0xFFFF, 0xFFFF, 0xFFFF, 0xFFFF, 0xFFFF, 0xFFFF, 0xFFFF, 0xFFFF, 0xFFFF, 0xFFFF,
    0xFFFF, 0xFFFF, 0xFFFF, 0xFFFF, 0xFFFF, 0xFFFF, 0xFFFF, 0xFFFF, 0xFFFF, 0xFFFF, 0xFFFF, 0xFFFF,
    0xFFFF, 0xFFFF, 0xFFFF, 0xFFFF, 0xFFFF, 0xFFFF, 0xFFFF, 0xFFFF, 0xFFFF, 0xFFFF, 0xFFFF, 0xFFFF,
    0xFFFF, 0xFFFF, 0xFFFF, 0xFFFF, 0xFFFF, 0xFFFF, 0xFFFF, 0xFFFF, 0xFFFF, 0xFFFF, 0xFFFF, 0xFFFF,
    0xFFFF, 0xFFFF, 0xFFFF, 0xFFFF, 0xFFFF, 0xFFFF, 0xFFFF, 0xFFFF, 0xFFFF, 0xEF5D, 0xFFFF, 0xE71C,
    0xF79E, 0xF79E, 0xF79E, 0xF7BE, 0xF7BE, 0xEF7D, 0xF7BE, 0xFFDF, 0xFFDF, 0xFFDF, 0xFFDF, 0xFFFF,
    0xFFFF, 0xFFDF, 0xFFDF, 0xD6BA, 0xDEBA, 0xFFDF, 0xFFFF, 0xFFFF, 0xFFFF, 0xFFFF, 0xFFFF, 0xFFFF,
    0xFFDF, 0xFFDF, 0xF79E, 0xF7BE, 0xF7BE, 0xF7BE, 0xF79E, 0xF79E, 0xB5B6, 0xFFFF, 0xFFFF, 0xFFFF,
    0xFFFF, 0xFFFF, 0xFFFF, 0xFFFF, 0xFFFF, 0xFFFF, 0xFFDF, 0xEF7D, 0xEF5D, 0xEF5D, 0xEF5D, 0xEF5D,
    0xEF5D, 0xEF5D, 0xEF5D, 0xEF5D, 0xEF5D, 0xEF5D, 0xF79E, 0xFFFF, 0xFFFF, 0xFFFF, 0xFFFF, 0xFFFF,
    0xFFFF, 0xFFFF, 0xFFFF, 0xFFFF, 0xFFFF, 0xFFFF, 0xFFFF, 0xFFFF, 0xFFFF, 0xFFFF, 0xFFFF, 0xFFFF,
    0xF7BE, 0xEF5D, 0xE73C, 0xE73C, 0xE73C, 0xE73C, 0xE73C, 0xE73C, 0xE73C, 0xE73C, 0xE73C, 0xEF3D,
    0xF79E, 0xFFFF, 0xFFFF, 0xFFFF, 0xFFFF, 0xFFFF, 0xFFFF, 0xFFFF, 0xFFFF, 0xFFFF, 0xFFFF, 0xFFFF,
    0xFFFF, 0xFFFF, 0xFFFF, 0xFFFF, 0xFFFF, 0xFFFF, 0xEF7D, 0xE73C, 0xE73C, 0xE73C, 0xE73C, 0xE73C,
    0xE73C, 0xE73C, 0xE73C, 0xE73C, 0xE73C, 0xE73C, 0xEF7D, 0xFFFF, 0xFFFF, 0xFFFF, 0xFFFF, 0xFFFF,
    0xFFFF, 0xFFFF, 0xEF5D, 0xFFFF, 0xE71C, 0xF79E, 0xF79E, 0xF79E, 0xF7BE, 0xF7BE, 0xEF7D, 0xF7BE,
    0xF7BE, 0xFFDF, 0xFFDF, 0xFFDF, 0xFFDF, 0xFFDF, 0xFFDF, 0xFFDF, 0xD6BA, 0xDEDB, 0xFFDF, 0xFFFF,
    0xFFFF, 0xFFFF, 0xFFFF, 0xFFFF, 0xFFDF, 0xFFDF, 0xFFDF, 0xF79E, 0xF7BE, 0xF7BE, 0xF7BE, 0xF79E,
    0xF79E, 0xB5B6, 0xFFFF, 0xFFFF, 0xFFFF, 0xFFFF, 0xFFFF, 0xFFFF, 0xFFFF, 0xFFFF, 0xE73D, 0x8C72,
    0x634E, 0x634E, 0x634E, 0x634E, 0x634E, 0x634E, 0x634E, 0x634E, 0x634E, 0x634E, 0x634E, 0x6B8F,
    0xB5B7, 0xFFDF, 0xFFFF, 0xFFFF, 0xFFFF, 0xFFFF, 0xFFFF, 0xFFFF, 0xFFFF, 0xFFFF, 0xFFFF, 0xFFFF,
    0xFFFF, 0xFFFF, 0xFFFF, 0xFFFF, 0xD69A, 0x6B4D, 0x4208, 0x41E8, 0x41E8, 0x41E8, 0x41E8, 0x41E8,
    0x41E8, 0x41E8, 0x41E8, 0x41E8, 0x4208, 0x52AB, 0xBDD7, 0xFFFF, 0xFFFF, 0xFFFF, 0xFFFF, 0xFFFF,
    0xFFFF, 0xFFFF, 0xFFFF, 0xFFFF, 0xFFFF, 0xFFFF, 0xFFFF, 0xFFFF, 0xFFFF, 0xFFFF, 0xB596, 0x4A49,
    0x39E8, 0x39E8, 0x4208, 0x5247, 0x5247, 0x4A28, 0x39E8, 0x39E8, 0x39E8, 0x39E8, 0x39E8, 0x4A69,
    0xB5B7, 0xFFFF, 0xFFFF, 0xFFFF, 0xFFFF, 0xFFFF, 0xFFFF, 0xEF5D, 0xFFFF, 0xE71C, 0xF79E, 0xF79E,
    0xF79E, 0xF7BE, 0xF7BE, 0xEF7D, 0xF7BE, 0xF7BE, 0xFFDF, 0xFFDF, 0xFFDF, 0xFFDF, 0xFFDF, 0xFFDF,
    0xFFDF, 0xD6BA, 0xD6BA, 0xFFDF, 0xFFFF, 0xFFFF, 0xFFFF, 0xFFFF, 0xFFFF, 0xFFDF, 0xFFDF, 0xFFDF,
    0xF79E, 0xF7BE, 0xF7BE, 0xF7BE, 0xF79E, 0xF79E, 0xB5B6, 0xFFFF, 0xFFFF, 0xFFFF, 0xFFFF, 0xFFFF,
    0xFFFF, 0xFFFF, 0xFFDF, 0x8C72, 0x634E, 0x634E, 0x634E, 0x634E, 0x634E, 0x634E, 0x634E, 0x634E,
    0x634E, 0x634E, 0x634E, 0x634E, 0x634E, 0x634E, 0xCE7A, 0xFFFF, 0xFFFF, 0xFFFF, 0xFFFF, 0xFFFF,
    0xFFFF, 0xFFFF, 0xFFFF, 0xFFFF, 0xFFFF, 0xFFFF, 0xFFFF, 0xFFFF, 0xF79E, 0x5AEB, 0x4208, 0x4208,
    0x4208, 0x4208, 0x4208, 0x4208, 0x4208, 0x4208, 0x4208, 0x4208, 0x4208, 0x4208, 0x4208, 0x4228,
    0xDEDB, 0xFFFF, 0xFFFF, 0xFFFF, 0xFFFF, 0xFFFF, 0xFFFF, 0xFFFF, 0xFFFF, 0xFFFF, 0xFFFF, 0xFFFF,
    0xFFFF, 0xFFFF, 0xDEBB, 0x4228, 0x4208, 0x4208, 0xA3C7, 0xD4E7, 0xDD08, 0xDD08, 0xDD07, 0xC467,
    0x62A8, 0x4208, 0x4208, 0x4208, 0x4208, 0x4228, 0xDEDB, 0xFFFF, 0xFFFF, 0xFFFF, 0xFFFF, 0xFFFF,
    0xEF5D, 0xFFFF, 0xE71C, 0xF79E, 0xF79E, 0xF79E, 0xF7BE, 0xF7BE, 0xEF7D, 0xF7BE, 0xF7BE, 0xFFDF,
    0xFFDF, 0xFFDF, 0xFFDF, 0xFFDF, 0xFFDF, 0xFFDF, 0xD6BA, 0xD6BA, 0xFFDF, 0xFFFF, 0xFFFF, 0xFFFF,
    0xFFFF, 0xFFFF, 0xFFDF, 0xFFDF, 0xFFDF, 0xF79E, 0xF7BE, 0xF7BE, 0xF7BE, 0xF79E, 0xF79E, 0xB5B6,
    0xFFFF, 0xFFFF, 0xFFFF, 0xFFFF, 0xFFFF, 0xFFFF, 0xFFFF, 0xEF7E, 0x636E, 0x634E, 0x634E, 0x634E,
    0x634E, 0x634E, 0x634E, 0x634E, 0x634E, 0x634E, 0x634E, 0x634E, 0x634E, 0x634E, 0x634E, 0xAD76,
    0xFFFF, 0xFFFF, 0xFFFF, 0xFFFF, 0xFFFF, 0xFFFF, 0xFFFF, 0xFFFF, 0xFFFF, 0xFFFF, 0xFFFF, 0xFFFF,
    0xFFFF, 0xDEFB, 0x4208, 0x4208, 0x4208, 0x4208, 0x4208, 0x4208, 0x4A28, 0x7B6A, 0x4A6A, 0x4208,
    0x4208, 0x4208, 0x4208, 0x4208, 0x4208, 0xB5B6, 0xFFFF, 0xFFFF, 0xFFFF, 0xFFFF, 0xFFFF, 0xFFFF,
    0xFFFF, 0xFFFF, 0xFFFF, 0xFFFF, 0xFFFF, 0xFFFF, 0xFFFF, 0xC638, 0x4208, 0x4A28, 0xCC86, 0xC4A9,
    0x6B0B, 0x52AB, 0x528B, 0x5ACB, 0x9BEA, 0xDD07, 0x7B08, 0x4208, 0x4208, 0x4208, 0x4208, 0xCE59,
    0xFFFF, 0xFFFF, 0xFFFF, 0xFFFF, 0xFFFF, 0xEF5D, 0xFFFF, 0xE71C, 0xF79E, 0xF79E, 0xF79E, 0xF7BE,
    0xF7BE, 0xEF7D, 0xF7BE, 0xF7BE, 0xFFDF, 0xFFDF, 0xFFDF, 0xFFDF, 0xFFDF, 0xFFDF, 0xFFDF, 0xD6BA,
    0xD6BA, 0xFFDF, 0xFFFF, 0xFFFF, 0xFFFF, 0xFFFF, 0xFFFF, 0xFFDF, 0xFFDF, 0xFFDF, 0xF79E, 0xF7BE,
    0xF7BE, 0xF7BE, 0xF79E, 0xF79E, 0xB5B6, 0xFFFF, 0xFFFF, 0xFFFF, 0xFFFF, 0xFFFF, 0xFFFF, 0xFFFF,
    0xEF7E, 0x634E, 0x634E, 0x634E, 0x634E, 0x634E, 0x634E, 0x634E, 0x634E, 0x634E, 0x634E, 0x634E,
    0x634E, 0x634E, 0x634E, 0x634E, 0xA555, 0xFFFF, 0xFFFF, 0xFFFF, 0xFFFF, 0xFFFF, 0xFFFF, 0xFFFF,
    0xFFFF, 0xFFFF, 0xFFFF, 0xFFFF, 0xFFFF, 0xFFFF, 0xDEDB, 0x41E8, 0x4208, 0x4208, 0x4208, 0x4208,
    0x4208, 0xCD2D, 0xE5EF, 0x6390, 0x52AC, 0x4208, 0x4208, 0x4208, 0x4208, 0x4208, 0xB596, 0xFFFF,
    0xFFFF, 0xFFFF, 0xFFFF, 0xFFFF, 0xFFFF, 0xFFFF, 0xFFFF, 0xFFFF, 0xFFFF, 0xFFFF, 0xFFFF, 0xFFFF,
    0xC638, 0x4208, 0xB427, 0xBC89, 0x52AB, 0x52AB, 0x52AB, 0x52AB, 0x52AB, 0x52AB, 0x7B6B, 0xDD07,
    0x5248, 0x4208, 0x4208, 0x4208, 0xCE59, 0xFFFF, 0xFFFF, 0xFFFF, 0xFFFF, 0xFFFF, 0xEF5D, 0xFFFF,
    0xE71C, 0xF79E, 0xF79E, 0xF79E, 0xF7BE, 0xF7BE, 0xEF7D, 0xF7BE, 0xF7BE, 0xFFDF, 0xFFDF, 0xFFDF,
    0xFFDF, 0xFFDF, 0xFFDF, 0xFFDF, 0xD6BA, 0xD6BA, 0xFFDF, 0xFFFF, 0xFFFF, 0xFFFF, 0xFFFF, 0xFFFF,
    0xFFDF, 0xFFDF, 0xFFDF, 0xF79E, 0xF7BE, 0xF7BE, 0xF7BE, 0xF79E, 0xF79E, 0xB5B6, 0xFFFF, 0xFFFF,
    0xFFFF, 0xFFFF, 0xFFFF, 0xFFFF, 0xFFFF, 0xEF7E, 0x634E, 0x634E, 0x634E, 0x634E, 0x634E, 0x94D4,
    0xFFDF, 0xFFFF, 0xFFDF, 0xBDF8, 0x634E, 0x634E, 0x634E, 0x634E, 0x634E, 0xA555, 0xFFFF, 0xFFFF,
    0xFFFF, 0xFFFF, 0xFFFF, 0xFFFF, 0xFFFF, 0xFFFF, 0xFFFF, 0xFFFF, 0xFFFF, 0xFFFF, 0xFFFF, 0xDEDB,
    0x41E8, 0x4208, 0x4208, 0x4208, 0x4208, 0x93AA, 0xFE4D, 0xDD29, 0x636F, 0x5B4F, 0x4208, 0x4208,
    0x4208, 0x4208, 0x4208, 0xB596, 0xFFFF, 0xFFFF, 0xFFFF, 0xFFFF, 0xFFFF, 0xFFFF, 0xFFFF, 0xFFFF,
    0xFFFF, 0xFFFF, 0xFFFF, 0xFFFF, 0xFFFF, 0xC638, 0x5247, 0xDD07, 0x6B4D, 0x9CF4, 0x52AB, 0x9CD3,
    0x5ACC, 0x52AB, 0x52AB, 0x52AB, 0xB469, 0xA3E7, 0x4208, 0x4208, 0x4208, 0xCE59, 0xFFFF, 0xFFFF,
    0xFFFF, 0xFFFF, 0xFFFF, 0xEF5D, 0xFFFF, 0xE71C, 0xF79E, 0xF79E, 0xF79E, 0xF7BE, 0xF7BE, 0xEF7D,
    0xF7BE, 0xF7BE, 0xFFDF, 0xFFDF, 0xFFDF, 0xFFDF, 0xFFDF, 0xFFDF, 0xFFDF, 0xD6BA, 0xDEBA, 0xFFDF,
    0xFFFF, 0xFFFF, 0xFFFF, 0xFFFF, 0xFFFF, 0xFFDF, 0xFFDF, 0xFFDF, 0xF79E, 0xF7BE, 0xF7BE, 0xF7BE,
    0xF79E, 0xF79E, 0xB5B6, 0xFFFF, 0xFFFF, 0xFFFF, 0xFFFF, 0xFFFF, 0xFFFF, 0xFFFF, 0xEF7E, 0x634E,
    0x634E, 0x634E, 0x634E, 0x634E, 0xAD76, 0xFFFF, 0xFFFF, 0xFFDF, 0xC618, 0x8411, 0xA535, 0xA535,
    0x9CF4, 0x636E, 0xA555, 0xFFFF, 0xFFFF, 0xFFFF, 0xFFFF, 0xFFFF, 0xFFFF, 0xFFFF, 0xFFFF, 0xFFFF,
    0xFFFF, 0xFFFF, 0xFFFF, 0xFFFF, 0xDEDB, 0x41E8, 0x4208, 0x4208, 0x4208, 0x41E8, 0xCD0C, 0xFDE9,
    0xDD08, 0x634E, 0x636F, 0x424A, 0x4208, 0x4208, 0x4208, 0x4208, 0xB596, 0xFFFF, 0xFFFF, 0xFFFF,
    0xFFFF, 0xFFFF, 0xFFFF, 0xFFFF, 0xFFFF, 0xFFFF, 0xFFFF, 0xFFFF, 0xFFFF, 0xFFFF, 0xC638, 0x7B07,
    0xC4A8, 0x52AB, 0xC618, 0xBDD7, 0xB596, 0x73AF, 0xC638, 0xC638, 0xA534, 0x7B6A, 0xCCA7, 0x4208,
    0x4208, 0x4208, 0xCE59, 0xFFFF, 0xFFFF, 0xFFFF, 0xFFFF, 0xFFFF, 0xEF5D, 0xFFFF, 0xE71C, 0xF79E,
    0xF79E, 0xF79E, 0xF7BE, 0xF7BE, 0xEF7D, 0xF7BE, 0xF7BE, 0xFFDF, 0xFFDF, 0xFFDF, 0xFFDF, 0xFFDF,
    0xFFDF, 0xFFDF, 0xD6BA, 0xD6BA, 0xFFDF, 0xFFFF, 0xFFFF, 0xFFFF, 0xFFFF, 0xFFFF, 0xFFDF, 0xFFDF,
    0xFFDF, 0xF79E, 0xF7BE, 0xF7BE, 0xF7BE, 0xF79E, 0xF79E, 0xB5B6, 0xFFFF, 0xFFFF, 0xFFFF, 0xFFFF,
    0xFFFF, 0xFFFF, 0xFFFF, 0xEF7E, 0x634E, 0x634E, 0x634E, 0x634E, 0x634E, 0xAD76, 0xFFFF, 0xF7BE,
    0xE71D, 0xBDF8, 0xDEDB, 0xFFFF, 0xFFFF, 0xFFFF, 0x8C72, 0xA555, 0xFFFF, 0xFFFF, 0xFFFF, 0xFFFF,
    0xFFFF, 0xFFFF, 0xFFFF, 0xFFFF, 0xFFFF, 0xFFFF, 0xFFFF, 0xFFFF, 0xFFFF, 0xDEDB, 0x41E8, 0x4208,
    0x4208, 0x4208, 0x4228, 0xEDCD, 0xFDA7, 0xDD08, 0x634E, 0x636F, 0x4AAC, 0x4208, 0x4208, 0x4208,
    0x4208, 0xB596, 0xFFFF, 0xFFFF, 0xFFFF, 0xFFFF, 0xFFFF, 0xFFFF, 0xFFFF, 0xFFFF, 0xFFFF, 0xFFFF,
    0xFFFF, 0xFFFF, 0xFFFF, 0xC638, 0x8326, 0xBC89, 0x52AB, 0x94B2, 0xEF5D, 0x7BCF, 0x738E, 0xBDF7,
    0xBDD7, 0x9CF4, 0x734B, 0xCCA7, 0x4208, 0x4208, 0x4208, 0xCE59, 0xFFFF, 0xFFFF, 0xFFFF, 0xFFFF,
    0xFFFF, 0xEF5D, 0xFFFF, 0xE71C, 0xF79E, 0xF79E, 0xF79E, 0xF7BE, 0xF7BE, 0xEF7D, 0xF7BE, 0xF7BE,
    0xFFDF, 0xFFDF, 0xFFDF, 0xFFDF, 0xFFDF, 0xFFDF, 0xFFDF, 0xD6BA, 0xD6BA, 0xFFDF, 0xFFFF, 0xFFFF,
    0xFFFF, 0xFFFF, 0xFFFF, 0xFFDF, 0xFFDF, 0xFFDF, 0xF79E, 0xF7BE, 0xF7BE, 0xF7BE, 0xF79E, 0xF79E,
    0xB5B6, 0xFFFF, 0xFFFF, 0xFFFF, 0xFFFF, 0xFFFF, 0xFFFF, 0xFFFF, 0xEF7E, 0x634E, 0x8C93, 0xA555,
    0xA555, 0x94B3, 0xAD76, 0xF79E, 0xE71C, 0xE71C, 0xBDF8, 0xD67A, 0xFFDF, 0xFFFF, 0xFFFF, 0x9493,
    0xA555, 0xFFFF, 0xFFFF, 0xFFFF, 0xFFFF, 0xFFFF, 0xFFFF, 0xFFFF, 0xFFFF, 0xFFFF, 0xFFFF, 0xFFFF,
    0xFFFF, 0xFFFF, 0xDEDB, 0x41E8, 0x4208, 0x4208, 0x4208, 0x62C8, 0xFE0C, 0xFDA6, 0xDD08, 0x634E,
    0x634E, 0x530E, 0x4208, 0x4208, 0x4208, 0x4208, 0xB596, 0xFFFF, 0xFFFF, 0xFFFF, 0xFFFF, 0xFFFF,
    0xFFFF, 0xFFFF, 0xFFFF, 0xFFFF, 0xFFFF, 0xFFFF, 0xFFFF, 0xFFFF, 0xC638, 0x72C7, 0xCCC8, 0x632D,
    0xCE79, 0x7BF0, 0xC639, 0x5B0C, 0x634D, 0x634D, 0x5B0C, 0x8BAA, 0xC467, 0x4208, 0x4208, 0x4208,
    0xCE59, 0xFFFF, 0xFFFF, 0xFFFF, 0xFFFF, 0xFFFF, 0xEF5D, 0xFFFF, 0xE71C, 0xF79E, 0xF79E, 0xF79E,
    0xF7BE, 0xF7BE, 0xEF7D, 0xF7BE, 0xF7BE, 0xFFDF, 0xFFDF, 0xFFDF, 0xFFDF, 0xFFDF, 0xFFDF, 0xF7BE,
    0xD6BA, 0xD6BA, 0xFFDF, 0xFFFF, 0xFFFF, 0xFFFF, 0xFFFF, 0xFFFF, 0xFFDF, 0xFFDF, 0xFFDF, 0xF79E,
    0xF7BE, 0xF7BE, 0xF7BE, 0xF79E, 0xF79E, 0xB5B6, 0xFFFF, 0xFFFF, 0xFFFF, 0xFFFF, 0xFFFF, 0xFFFF,
    0xFFFF, 0xEF7E, 0x636E, 0xEF7D, 0xF7BE, 0xF7BE, 0xEF5D, 0xAD35, 0xE71C, 0xE71C, 0xE71C, 0xBDF8,
    0xCE5A, 0xEF5D, 0xFFFF, 0xFFFF, 0x9493, 0xA555, 0xFFFF, 0xFFFF, 0xFFFF, 0xFFFF, 0xFFFF, 0xFFFF,
    0xFFFF, 0xFFFF, 0xFFFF, 0xFFFF, 0xFFFF, 0xFFFF, 0xFFFF, 0xDEDB, 0x41E8, 0x4208, 0x4208, 0x4208,
    0xAC29, 0xFDC8, 0xFDA6, 0xDD08, 0x634E, 0x634E, 0x634F, 0x4229, 0x4208, 0x4208, 0x4208, 0xB596,
    0xFFFF, 0xFFFF, 0xFFFF, 0xFFFF, 0xFFFF, 0xFFFF, 0xFFFF, 0xFFFF, 0xFFFF, 0xFFFF, 0xFFFF, 0xFFFF,
    0xFFFF, 0xC638, 0x4207, 0xD4C6, 0x7B8C, 0x632D, 0x52AB, 0x632D, 0x52CB, 0x52AB, 0x52AB, 0x52AB,
    0xCCC8, 0x8347, 0x4208, 0x4208, 0x4208, 0xCE59, 0xFFFF, 0xFFFF, 0xFFFF, 0xFFFF, 0xFFFF, 0xEF5D,
    0xFFFF, 0xE71C, 0xF79E, 0xF79E, 0xF79E, 0xF7BE, 0xF7BE, 0xEF7D, 0xF7BE, 0xF7BE, 0xFFDF, 0xFFDF,
    0xFFDF, 0xFFDF, 0xFFDF, 0xFFDF, 0xF7BE, 0xD6BA, 0xD6BA, 0xFFDF, 0xFFFF, 0xFFFF, 0xFFFF, 0xFFFF,
    0xFFFF, 0xFFDF, 0xFFDF, 0xFFDF, 0xF79E, 0xF7BE, 0xF7BE, 0xF7BE, 0xF79E, 0xF79E, 0xB5B6, 0xFFFF,
    0xFFFF, 0xFFFF, 0xFFFF, 0xFFFF, 0xFFFF, 0xFFFF, 0xEF7E, 0x634E, 0xF79E, 0xF7BE, 0xF77E, 0xE6FC,
    0xA535, 0xE71C, 0xE71C, 0xE71C, 0xBDF8, 0xCE5A, 0xE71C, 0xF77E, 0xFFFF, 0x9493, 0xA555, 0xFFFF,
    0xFFFF, 0xFFFF, 0xFFFF, 0xFFFF, 0xFFFF, 0xFFFF, 0xFFFF, 0xFFFF, 0xFFFF, 0xFFFF, 0xFFFF, 0xFFFF,
    0xDEDB, 0x41E8, 0x4208, 0x4208, 0x6AC7, 0xF588, 0xFDA6, 0xFDA6, 0xDD08, 0x634E, 0x634E, 0x634E,
    0x52EC, 0x4208, 0x4208, 0x4208, 0xB596, 0xFFFF, 0xFFFF, 0xFFFF, 0xFFFF, 0xFFFF, 0xFFFF, 0xFFFF,
    0xFFFF, 0xFFFF, 0xFFFF, 0xFFFF, 0xFFFF, 0xFFFF, 0xC638, 0x4208, 0x8307, 0xDD08, 0x6B0B, 0x52AB,
    0x52AB, 0x52AB, 0x52AB, 0x52AB, 0xB449, 0xCCA7, 0x4208, 0x4208, 0x4208, 0x4208, 0xCE59, 0xFFFF,
    0xFFFF, 0xFFFF, 0xFFFF, 0xFFFF, 0xF79E, 0xFFFF, 0xE71C, 0xF79E, 0xF79E, 0xF79E, 0xF7BE, 0xF7BE,
    0xEF7D, 0xF7BE, 0xF7BE, 0xFFDF, 0xFFDF, 0xFFDF, 0xFFDF, 0xFFDF, 0xFFDF, 0xF7BE, 0xD6BA, 0xD6BA,
    0xFFDF, 0xFFFF, 0xFFFF, 0xFFFF, 0xFFFF, 0xFFFF, 0xFFDF, 0xFFDF, 0xFFDF, 0xF79E, 0xF7BE, 0xF7BE,
    0xF7BE, 0xF79E, 0xF79E, 0xB5B6, 0xFFFF, 0xFFFF, 0xFFFF, 0xFFFF, 0xFFFF, 0xFFFF, 0xFFFF, 0xEF7E,
    0x634E, 0xEF7E, 0xEF5D, 0xE71C, 0xE6FC, 0xA535, 0xE71C, 0xE71C, 0xE71C, 0xBDF8, 0xCE5A, 0xE71C,
    0xE71C, 0xF79E, 0x9493, 0xA555, 0xFFFF, 0xFFFF, 0xFFFF, 0xFFFF, 0xFFFF, 0xFFFF, 0xFFFF, 0xFFFF,
    0xFFFF, 0xFFFF, 0xFFFF, 0xFFFF, 0xFFFF, 0xDEDB, 0x41E8, 0x4208, 0x6287, 0xE526, 0xFDA6, 0xFDA6,
    0xFDA6, 0xDD08, 0x634E, 0x634E, 0x634E, 0x634E, 0x52AB, 0x4208, 0x4208, 0xB596, 0xFFFF, 0xFFFF,
    0xFFFF, 0xFFFF, 0xFFFF, 0xFFFF, 0xFFFF, 0xFFFF, 0xFFFF, 0xFFFF, 0xFFFF, 0xFFFF, 0xFFFF, 0xC638,
    0x4208, 0x41E8, 0x8B46, 0xDD07, 0xAC49, 0x836B, 0x734B, 0x93CA, 0xCCC8, 0xD4A5, 0xDCE4, 0x6AA7,
    0x4208, 0x4208, 0x4208, 0xCE59, 0xFFFF, 0xFFFF, 0xFFFF, 0xFFFF, 0xFFFF, 0xFFFF, 0xFFFF, 0xE71C,
    0xF79E, 0xF79E, 0xF79E, 0xF7BE, 0xF7BE, 0xEF7D, 0xF7BE, 0xF7BE, 0xFFDF, 0xFFDF, 0xFFDF, 0xFFDF,
    0xFFDF, 0xFFDF, 0xF7BE, 0xD6BA, 0xD6BA, 0xFFDF, 0xFFFF, 0xFFFF, 0xFFFF, 0xFFFF, 0xFFFF, 0xFFDF,
    0xFFDF, 0xFFDF, 0xF79E, 0xF7BE, 0xF7BE, 0xF7BE, 0xF79E, 0xF79E, 0xB5B6, 0xFFFF, 0xFFFF, 0xFFFF,
    0xFFFF, 0xFFFF, 0xFFFF, 0xFFFF, 0xEF7E, 0x634E, 0xD67A, 0xD67A, 0xD67A, 0xCE59, 0x9CD4, 0xD67A,
    0xD67A, 0xD67A, 0xAD76, 0xBDD8, 0xD67A, 0xD67A, 0xD69A, 0x8431, 0xA555, 0xFFFF, 0xFFFF, 0xFFFF,
    0xFFFF, 0xFFFF, 0xFFFF, 0xFFFF, 0xFFFF, 0xFFFF, 0xFFFF, 0xFFFF, 0xFFFF, 0xFFFF, 0xDEDB, 0x41E8,
    0x5A68, 0xCCA6, 0xE526, 0xE526, 0xE506, 0xE506, 0xC488, 0x5B0D, 0x5B0D, 0x5B0D, 0x5B0D, 0x5B0D,
    0x4A8B, 0x4208, 0xB596, 0xFFFF, 0xFFFF, 0xFFFF, 0xFFFF, 0xFFFF, 0xFFFF, 0xFFFF, 0xFFFF, 0xFFFF,
    0xFFFF, 0xFFFF, 0xFFFF, 0xFFFF, 0xC638, 0x4208, 0x4208, 0x4208, 0x5A47, 0xA3C6, 0xC466, 0xCC86,
    0xB426, 0x7AE7, 0x39E7, 0x9365, 0xE4E4, 0x6AC7, 0x4208, 0x4208, 0xCE59, 0xFFFF, 0xFFFF, 0xFFFF,
    0xFFFF, 0xFFFF, 0xFFFF, 0xFFFF, 0xE71C, 0xF79E, 0xF79E, 0xF79E, 0xF7BE, 0xF7BE, 0xEF7D, 0xF7BE,
    0xF7BE, 0xFFDF, 0xFFDF, 0xFFDF, 0xFFDF, 0xFFDF, 0xFFDF, 0xF7BE, 0xD6BA, 0xD6BA, 0xFFDF, 0xFFFF,
    0xFFFF, 0xFFFF, 0xFFFF, 0xFFFF, 0xFFDF, 0xFFDF, 0xFFDF, 0xF79E, 0xF7BE, 0xF7BE, 0xF7BE, 0xF79E,
    0xF79E, 0xB5B6, 0xFFFF, 0xFFFF, 0xFFFF, 0xFFFF, 0xFFFF, 0xFFFF, 0xFFFF, 0xEF7E, 0x634E, 0x5B0D,
    0x5B0D, 0x5B0D, 0x5B0D, 0x5B2E, 0x5B0D, 0x5B0D, 0x5B0D, 0x5B2E, 0x5B2D, 0x5B0D, 0x5B0D, 0x5B0D,
    0x632E, 0xA555, 0xFFFF, 0xFFFF, 0xFFFF, 0xFFFF, 0xFFFF, 0xFFFF, 0xFFFF, 0xFFFF, 0xFFFF, 0xFFFF,
    0xFFFF, 0xFFFF, 0xFFFF, 0xDEDB, 0x41E8, 0x39E8, 0x39C8, 0x39C8, 0x39C8, 0x39C8, 0x39C8, 0x39C8,
    0x39C8, 0x39C8, 0x39C8, 0x39C8, 0x39C8, 0x39E8, 0x4208, 0xB596, 0xFFFF, 0xFFFF, 0xFFFF, 0xFFFF,
    0xFFFF, 0xFFFF, 0xFFFF, 0xFFFF, 0xFFFF, 0xFFFF, 0xFFFF, 0xFFFF, 0xFFFF, 0xC638, 0x4208, 0x4208,
    0x4208, 0x4208, 0x4208, 0x39E8, 0x39E8, 0x4208, 0x4208, 0x4208, 0x39E7, 0x9345, 0xE4E4, 0x72C7,
    0x4208, 0xCE59, 0xFFFF, 0xFFFF, 0xFFFF, 0xFFFF, 0xFFFF, 0xFFFF, 0xFFFF, 0xE71C, 0xF79E, 0xF79E,
    0xF79E, 0xF7BE, 0xF7BE, 0xEF7D, 0xF7BE, 0xF7BE, 0xFFDF, 0xFFDF, 0xFFDF, 0xFFDF, 0xFFDF, 0xFFDF,
    0xF7BE, 0xD6BA, 0xD6BA, 0xFFDF, 0xFFFF, 0xFFFF, 0xFFFF, 0xFFFF, 0xFFFF, 0xFFDF, 0xFFDF, 0xFFDF,
    0xF79E, 0xF7BE, 0xF7BE, 0xF7BE, 0xF79E, 0xF79E, 0xB5B6, 0xFFFF, 0xFFFF, 0xFFFF, 0xFFFF, 0xFFFF,
    0xFFFF, 0xFFFF, 0xF7BE, 0x73B0, 0x634E, 0x634E, 0x634E, 0x634E, 0x634E, 0x634E, 0x634E, 0x634E,
    0x634E, 0x634E, 0x634E, 0x634E, 0x634E, 0x634E, 0xBDD7, 0xFFFF, 0xFFFF, 0xFFFF, 0xFFFF, 0xFFFF,
    0xFFFF, 0xFFFF, 0xFFFF, 0xFFFF, 0xFFFF, 0xFFFF, 0xFFFF, 0xFFFF, 0xE73C, 0x4A49, 0x4208, 0x4208,
    0x4208, 0x4208, 0x4208, 0x4208, 0x4208, 0x4208, 0x4208, 0x4208, 0x4208, 0x4208, 0x4208, 0x41E8,
    0xC638, 0xFFFF, 0xFFFF, 0xFFFF, 0xFFFF, 0xFFFF, 0xFFFF, 0xFFFF, 0xFFFF, 0xFFFF, 0xFFFF, 0xFFFF,
    0xFFFF, 0xFFFF, 0xCE79, 0x4208, 0x4208, 0x4208, 0x4208, 0x4208, 0x4208, 0x4208, 0x4208, 0x4208,
    0x4208, 0x4208, 0x39E8, 0x9325, 0xABC5, 0x4208, 0xD69A, 0xFFFF, 0xFFFF, 0xFFFF, 0xFFFF, 0xFFFF,
    0xFFFF, 0xFFFF, 0xE71C, 0xF79E, 0xF79E, 0xF79E, 0xF7BE, 0xF7BE, 0xEF7D, 0xF7BE, 0xF7BE, 0xFFDF,
    0xFFDF, 0xFFDF, 0xFFDF, 0xFFDF, 0xFFDF, 0xFFDF, 0xD6BA, 0xD6BA, 0xFFDF, 0xFFFF, 0xFFFF, 0xFFFF,
    0xFFFF, 0xFFFF, 0xFFDF, 0xFFDF, 0xFFDF, 0xF79E, 0xF7BE, 0xF7BE, 0xF7BE, 0xF79E, 0xF79E, 0xB5B6,
    0xFFFF, 0xFFFF, 0xFFFF, 0xFFFF, 0xFFFF, 0xFFFF, 0xFFFF, 0xFFFF, 0xCE59, 0x634E, 0x634E, 0x634E,
    0x634E, 0x634E, 0x634E, 0x634E, 0x634E, 0x634E, 0x634E, 0x634E, 0x634E, 0x632E, 0x8431, 0xF79E,
    0xFFFF, 0xFFFF, 0xFFFF, 0xFFFF, 0xFFFF, 0xFFFF, 0xFFFF, 0xFFFF, 0xFFFF, 0xFFFF, 0xFFFF, 0xFFFF,
    0xFFFF, 0xFFFF, 0xAD76, 0x4208, 0x4208, 0x4208, 0x4208, 0x4208, 0x4208, 0x4208, 0x4208, 0x4208,
    0x4208, 0x4208, 0x4208, 0x39E8, 0x8C51, 0xFFBF, 0xFFFF, 0xFFFF, 0xFFFF, 0xFFFF, 0xFFFF, 0xFFFF,
    0xFFFF, 0xFFFF, 0xFFFF, 0xFFFF, 0xFFFF, 0xFFFF, 0xFFFF, 0xFFDF, 0x8C51, 0x4208, 0x4208, 0x4208,
    0x4208, 0x4208, 0x4208, 0x4208, 0x4208, 0x4208, 0x4208, 0x4208, 0x4208, 0x39E8, 0x9492, 0xFFDF,
    0xFFFF, 0xFFFF, 0xFFFF, 0xFFFF, 0xFFFF, 0xFFFF, 0xFFFF, 0xE71C, 0xF79E, 0xF79E, 0xF79E, 0xF7BE,
    0xF7BE, 0xEF7D, 0xF7BE, 0xF7BE, 0xFFDF, 0xFFDF, 0xFFDF, 0xFFDF, 0xFFDF, 0xFFDF, 0xFFDF, 0xD6BA,
    0xD6BA, 0xFFDF, 0xFFFF, 0xFFFF, 0xFFFF, 0xFFFF, 0xFFFF, 0xFFDF, 0xFFDF, 0xFFDF, 0xF79E, 0xF7BE,
    0xF7BE, 0xF7BE, 0xF79E, 0xF79E, 0xB5B6, 0xFFFF, 0xFFFF, 0xFFFF, 0xFFFF, 0xFFFF, 0xFFFF, 0xFFFF,
    0xFFFF, 0xFFFF, 0xEF5D, 0xCE79, 0xCE59, 0xCE59, 0xCE59, 0xCE59, 0xCE59, 0xCE59, 0xCE59, 0xCE59,
    0xCE59, 0xCE59, 0xD6BA, 0xFFBF, 0xFFFF, 0xFFFF, 0xFFFF, 0xFFFF, 0xFFFF, 0xFFFF, 0xFFFF, 0xFFFF,
    0xFFFF, 0xFFFF, 0xFFFF, 0xFFFF, 0xFFFF, 0xFFFF, 0xFFFF, 0xFFFF, 0xE6FC, 0xCE59, 0xCE39, 0xCE39,
    0xCE39, 0xCE39, 0xCE39, 0xCE39, 0xCE39, 0xCE39, 0xCE39, 0xCE39, 0xD6BA, 0xFFDF, 0xFFFF, 0xFFFF,
    0xFFFF, 0xFFFF, 0xFFFF, 0xFFFF, 0xFFFF, 0xFFFF, 0xFFFF, 0xFFFF, 0xFFFF, 0xFFFF, 0xFFFF, 0xFFFF,
    0xFFFF, 0xFFDF, 0xD69A, 0xCE59, 0xCE59, 0xCE59, 0xCE59, 0xCE59, 0xCE59, 0xCE59, 0xCE59, 0xCE59,
    0xCE59, 0xCE59, 0xD6BA, 0xFFDF, 0xFFFF, 0xFFFF, 0xFFFF, 0xFFFF, 0xFFFF, 0xFFFF, 0xFFFF, 0xFFFF,
    0xE71C, 0xF79E, 0xF79E, 0xF79E, 0xF7BE, 0xF7BE, 0xEF5D, 0xF7BE, 0xF7BE, 0xFFDF, 0xFFDF, 0xFFDF,
    0xFFDF, 0xFFDF, 0xFFDF, 0xF7BE, 0xD6BA, 0xD6BA, 0xFFDF, 0xFFFF, 0xFFFF, 0xFFFF, 0xFFFF, 0xFFFF,
    0xFFDF, 0xFFDF, 0xFFDF, 0xF79E, 0xF7BE, 0xF7BE, 0xF7BE, 0xF79E, 0xF79E, 0xB5B6, 0xFFFF, 0xFFFF,
    0xFFFF, 0xFFFF, 0xFFFF, 0xFFFF, 0xFFFF, 0xFFFF, 0xFFFF, 0xFFFF, 0xFFFF, 0xFFFF, 0xFFFF, 0xFFFF,
    0xFFFF, 0xFFFF, 0xFFFF, 0xFFFF, 0xFFFF, 0xFFFF, 0xFFFF, 0xFFFF, 0xFFFF, 0xFFFF, 0xFFFF, 0xFFFF,
    0xFFFF, 0xFFFF, 0xFFFF, 0xFFFF, 0xFFFF, 0xFFFF, 0xFFFF, 0xFFFF, 0xFFFF, 0xFFFF, 0xFFFF, 0xFFFF,
    0xFFFF, 0xFFFF, 0xFFFF, 0xFFFF, 0xFFFF, 0xFFFF, 0xFFFF, 0xFFFF, 0xFFFF, 0xFFFF, 0xFFFF, 0xFFFF,
    0xFFFF, 0xFFFF, 0xFFFF, 0xFFFF, 0xFFFF, 0xFFFF, 0xFFFF, 0xFFFF, 0xFFFF, 0xFFFF, 0xFFFF, 0xFFFF,
    0xFFFF, 0xFFFF, 0xFFFF, 0xFFFF, 0xFFFF, 0xFFFF, 0xFFFF, 0xFFFF, 0xFFFF, 0xFFFF, 0xFFFF, 0xFFFF,
    0xFFFF, 0xFFFF, 0xFFFF, 0xFFFF, 0xFFFF, 0xFFFF, 0xFFFF, 0xFFFF, 0xFFFF, 0xFFFF, 0xFFFF, 0xFFFF,
    0xFFFF, 0xFFFF, 0xFFFF, 0xFFFF, 0xFFFF, 0xE71C, 0xF79E, 0xF79E, 0xF79E, 0xF7BE, 0xF7BE, 0xEF5D,
    0xF7BE, 0xF7BE, 0xFFDF, 0xFFDF, 0xFFDF, 0xFFDF, 0xFFDF, 0xFFDF, 0xF7BE, 0xD6BA, 0xD6BA, 0xFFDF,
    0xFFFF, 0xFFFF, 0xFFFF, 0xFFFF, 0xFFFF, 0xFFDF, 0xFFDF, 0xFFDF, 0xF79E, 0xF7BE, 0xF7BE, 0xF7BE,
    0xF79E, 0xF79E, 0xB5B6, 0xFFFF, 0xFFFF, 0xFFFF, 0xFFFF, 0xFFFF, 0xFFFF, 0xFFFF, 0xFFFF, 0xFFFF,
    0xFFFF, 0xFFFF, 0xFFFF, 0xFFFF, 0xFFFF, 0xFFFF, 0xFFFF, 0xFFFF, 0xFFFF, 0xFFFF, 0xFFFF, 0xFFFF,
    0xFFFF, 0xFFFF, 0xFFFF, 0xFFFF, 0xFFFF, 0xFFFF, 0xFFFF, 0xFFFF, 0xFFFF, 0xFFFF, 0xFFFF, 0xFFFF,
    0xFFFF, 0xFFFF, 0xFFFF, 0xFFFF, 0xFFFF, 0xFFFF, 0xFFFF, 0xFFFF, 0xFFFF, 0xFFFF, 0xFFFF, 0xFFFF,
    0xFFFF, 0xFFFF, 0xFFFF, 0xFFFF, 0xFFFF, 0xFFFF, 0xFFFF, 0xFFFF, 0xFFFF, 0xFFFF, 0xFFFF, 0xFFFF,
    0xFFFF, 0xFFFF, 0xFFFF, 0xFFFF, 0xFFFF, 0xFFFF, 0xFFFF, 0xFFFF, 0xFFFF, 0xFFFF, 0xFFFF, 0xFFFF,
    0xFFFF, 0xFFFF, 0xFFFF, 0xFFFF, 0xFFFF, 0xFFFF, 0xFFFF, 0xFFFF, 0xFFFF, 0xFFFF, 0xFFFF, 0xFFFF,
    0xFFFF, 0xFFFF, 0xFFFF, 0xFFFF, 0xFFFF, 0xFFFF, 0xFFFF, 0xFFFF, 0xFFFF, 0xFFFF, 0xE71C, 0xF79E,
    0xF79E, 0xF79E, 0xF79E, 0xF7BE, 0xEF7D, 0xF7BE, 0xF7BE, 0xFFDF, 0xFFDF, 0xFFDF, 0xFFDF, 0xFFDF,
    0xFFDF, 0xFFDF, 0xD6BA, 0xD6BA, 0xFFDF, 0xFFFF, 0xFFFF, 0xFFFF, 0xFFFF, 0xFFFF, 0xFFDF, 0xFFDF,
    0xFFDF, 0xF79E, 0xF7BE, 0xF7BE, 0xF7BE, 0xF79E, 0xF79E, 0xB5B6, 0xFFFF, 0xFFFF, 0xFFFF, 0xFFFF,
    0xFFFF, 0xFFFF, 0xFFFF, 0xFFFF, 0xFFFF, 0xFFFF, 0xFFFF, 0xFFFF, 0xFFFF, 0xFFFF, 0xFFFF, 0xFFFF,
    0xFFFF, 0xFFFF, 0xFFFF, 0xFFFF, 0xFFFF, 0xFFFF, 0xFFFF, 0xFFFF, 0xFFFF, 0xFFFF, 0xFFFF, 0xFFFF,
    0xFFFF, 0xFFFF, 0xFFFF, 0xFFFF, 0xFFFF, 0xFFFF, 0xFFDF, 0xFFFF, 0xFFFF, 0xFFFF, 0xFFFF, 0xFFFF,
    0xF7BE, 0xFFFF, 0xFFFF, 0xFFFF, 0xF7BE, 0xFFFF, 0xFFFF, 0xFFFF, 0xE71C, 0xFFFF, 0xFFFF, 0xFFFF,
    0xFFFF, 0xFFFF, 0xFFBF, 0xF7BE, 0xFFFF, 0xFFFF, 0xFFFF, 0xFFFF, 0xFFFF, 0xFFFF, 0xFFFF, 0xFFFF,
    0xFFFF, 0xFFFF, 0xFFFF, 0xFFDF, 0xFFFF, 0xFFFF, 0xFFFF, 0xFFFF, 0xFFFF, 0xFFFF, 0xFFFF, 0xFFFF,
    0xFFFF, 0xFFFF, 0xFFFF, 0xFFFF, 0xFFFF, 0xFFFF, 0xFFFF, 0xFFFF, 0xFFFF, 0xFFFF, 0xFFFF, 0xFFFF,
    0xFFFF, 0xFFFF, 0xFFFF, 0xE71C, 0xF79E, 0xF79E, 0xF79E, 0xF79E, 0xF7BE, 0xEF7D, 0xF7BE, 0xF7BE,
    0xFFDF, 0xFFDF, 0xFFDF, 0xFFDF, 0xFFDF, 0xFFDF, 0xFFDF, 0xD6BA, 0xD6BA, 0xFFDF, 0xFFFF, 0xFFFF,
    0xFFFF, 0xFFFF, 0xFFFF, 0xFFDF, 0xFFDF, 0xF7BE, 0xF79E, 0xF7BE, 0xF7BE, 0xF7BE, 0xF79E, 0xF79E,
    0xB5B6, 0xFFFF, 0xFFFF, 0xFFFF, 0xFFFF, 0xAD55, 0xDEDB, 0xAD75, 0xE71C, 0xDEDB, 0xE73C, 0xBDB7,
    0xE6FC, 0xD69A, 0xDEDB, 0xDEDB, 0xE71C, 0xB596, 0xDEFB, 0xD6BA, 0xDEDB, 0xDEFB, 0xDEDB, 0xEF5D,
    0xEF5D, 0xE71C, 0xE71C, 0xDEFB, 0xE6FC, 0xFFFF, 0xFFFF, 0xFFFF, 0xFFFF, 0xFFFF, 0xF79E, 0xB596,
    0xBDF7, 0xDEDB, 0xDEFB, 0xD6BA, 0xE73C, 0xB5B6, 0xE71C, 0xD6BA, 0xE71C, 0xB576, 0xE71C, 0xCE39,
    0xE73C, 0xBDF7, 0xFFDF, 0xCE79, 0xE73C, 0xAD55, 0xE73C, 0xC618, 0xE71C, 0xD6BA, 0xEF3D, 0xFFFF,
    0xFFFF, 0xFFFF, 0xFFFF, 0xFFFF, 0xFFFF, 0xFFFF, 0xFFFF, 0xDEDB, 0xAD55, 0xEF5D, 0xCE59, 0xE71C,
    0xF7BE, 0xEF5D, 0xD67A, 0xE73C, 0xAD75, 0xEF5D, 0xBDD7, 0xF79E, 0xCE79, 0xEF5D, 0xCE79, 0xEF7D,
    0xCE79, 0xF7BE, 0xFFFF, 0xFFFF, 0xFFFF, 0xFFFF, 0xFFFF, 0xFFFF, 0xE71C, 0xF79E, 0xF79E, 0xF79E,
    0xF7BE, 0xF7BE, 0xEF7D, 0xF7BE, 0xF7BE, 0xFFDF, 0xFFDF, 0xFFDF, 0xFFDF, 0xFFDF, 0xFFDF, 0xF7BE,
    0xD6BA, 0xD6BA, 0xFFDF, 0xFFFF, 0xFFFF, 0xFFFF, 0xFFFF, 0xFFFF, 0xFFDF, 0xFFDF, 0xF7BE, 0xF79E,
    0xF7BE, 0xF7BE, 0xF7BE, 0xF79E, 0xF79E, 0xB5B6, 0xFFFF, 0xFFFF, 0xFFFF, 0xFFFF, 0xD69A, 0xC638,
    0xC618, 0xF79E, 0xA514, 0xBDB7, 0xCE59, 0xF79E, 0xF79E, 0xD69A, 0xBDD7, 0xC638, 0xC618, 0xF79E,
    0xF7BE, 0xD6BA, 0xC638, 0xC638, 0xBDF7, 0xBDF7, 0x9CF3, 0xBDB7, 0xBDF7, 0xBDF7, 0xFFFF, 0xFFFF,
    0xFFFF, 0xFFFF, 0xFFFF, 0xF79E, 0xAD55, 0xDEFB, 0xC638, 0xF79E, 0xB5B6, 0xC5F8, 0xB5B6, 0xBDD7,
    0x9CB3, 0xAD75, 0xB596, 0xC618, 0xEF7D, 0xDEFB, 0xCE59, 0xF79E, 0xF7BE, 0xDEFB, 0xC618, 0xF79E,
    0x9492, 0xCE59, 0xB576, 0xCE79, 0xFFFF, 0xFFFF, 0xFFFF, 0xFFFF, 0xFFFF, 0xFFFF, 0xFFFF, 0xFFFF,
    0xDEDB, 0xD69A, 0xD6BA, 0xC638, 0xBDB7, 0xD6BA, 0xC618, 0x8C71, 0xD6BA, 0xCE39, 0xFFDF, 0xD67A,
    0xDEDB, 0xB5B6, 0xBDD7, 0xE71C, 0xC638, 0xA514, 0xEF5D, 0xFFFF, 0xFFFF, 0xFFFF, 0xFFFF, 0xFFFF,
    0xFFFF, 0xE71C, 0xF79E, 0xF79E, 0xF79E, 0xF7BE, 0xF7BE, 0xEF5D, 0xF7BE, 0xF7BE, 0xFFDF, 0xFFDF,
    0xFFDF, 0xFFDF, 0xFFDF, 0xFFDF, 0xF7BE, 0xD6BA, 0xD6BA, 0xFFDF, 0xFFFF, 0xFFFF, 0xFFFF, 0xFFFF,
    0xFFFF, 0xFFDF, 0xFFDF, 0xF7BE, 0xF79E, 0xF7BE, 0xF7BE, 0xF7BE, 0xF79E, 0xF79E, 0xB5B6, 0xFFFF,
    0xFFFF, 0xFFFF, 0xFFFF, 0xE71C, 0xEF7D, 0xEF7D, 0xE71C, 0xDEFB, 0xE73C, 0xEF7D, 0xE71C, 0xFFFF,
    0xF79E, 0xE73C, 0xEF3D, 0xF77E, 0xE71C, 0xFFFF, 0xF79E, 0xE73C, 0xBDD7, 0xE71C, 0xE71C, 0xEF5D,
    0xEF5D, 0xEF5D, 0xE73C, 0xFFFF, 0xFFFF, 0xFFFF, 0xFFFF, 0xFFFF, 0xFFDF, 0xF79E, 0xFFFF, 0xF79E,
    0xFFFF, 0xE71C, 0xF79E, 0xDEDB, 0xEF5D, 0xDEDB, 0xE73C, 0xDEDB, 0xEF5D, 0xFFDF, 0xF7BE, 0xF79E,
    0xE73C, 0xFFFF, 0xF7BE, 0xEF5D, 0xE73C, 0xE71C, 0xEF7D, 0xE71C, 0xEF5D, 0xFFFF, 0xFFFF, 0xFFFF,
    0xFFFF, 0xFFFF, 0xFFFF, 0xFFFF, 0xFFFF, 0xF79E, 0xD6BA, 0xF79E, 0xC638, 0xDEDB, 0xDEDB, 0xEF7D,
    0xD6BA, 0xF79E, 0xDEFB, 0xF7BE, 0xF79E, 0xFFDF, 0xDEDB, 0xF79E, 0xFFDF, 0xF77E, 0xDEDB, 0xF7BE,
    0xFFFF, 0xFFFF, 0xFFFF, 0xFFFF, 0xFFFF, 0xFFFF, 0xE71C, 0xF79E, 0xF79E, 0xF79E, 0xF7BE, 0xF7BE,
    0xEF7D, 0xF7BE, 0xF7BE, 0xFFDF, 0xFFDF, 0xFFDF, 0xFFDF, 0xFFDF, 0xFFDF, 0xF7BE, 0xD6BA, 0xDEBA,
    0xFFDF, 0xFFFF, 0xFFFF, 0xFFFF, 0xFFFF, 0xFFFF, 0xFFDF, 0xFFDF, 0xF7BE, 0xF79E, 0xF7BE, 0xF7BE,
    0xF7BE, 0xF79E, 0xF79E, 0xB5B6, 0xFFFF, 0xFFFF, 0xFFFF, 0xFFFF, 0xFFFF, 0xFFFF, 0xFFFF, 0xFFFF,
    0xFFFF, 0xFFFF, 0xFFFF, 0xFFFF, 0xFFFF, 0xFFFF, 0xFFFF, 0xFFFF, 0xFFFF, 0xFFFF, 0xFFFF, 0xFFFF,
    0xFFFF, 0xF7BE, 0xFFFF, 0xFFFF, 0xFFFF, 0xFFFF, 0xFFFF, 0xFFFF, 0xFFFF, 0xFFFF, 0xFFFF, 0xFFFF,
    0xFFFF, 0xFFFF, 0xFFFF, 0xFFFF, 0xFFFF, 0xFFFF, 0xFFFF, 0xFFFF, 0xFFFF, 0xFFFF, 0xFFFF, 0xFFFF,
    0xFFFF, 0xFFFF, 0xFFFF, 0xFFFF, 0xFFFF, 0xFFFF, 0xFFFF, 0xFFFF, 0xFFFF, 0xFFFF, 0xFFFF, 0xFFFF,
    0xFFFF, 0xFFFF, 0xFFFF, 0xFFFF, 0xFFFF, 0xFFFF, 0xFFFF, 0xFFFF, 0xFFFF, 0xFFFF, 0xFFFF, 0xFFFF,
    0xFFFF, 0xFFDF, 0xFFDF, 0xFFFF, 0xFFFF, 0xFFFF, 0xFFFF, 0xFFFF, 0xFFFF, 0xFFFF, 0xFFFF, 0xFFFF,
    0xFFFF, 0xFFFF, 0xFFFF, 0xFFFF, 0xFFFF, 0xFFFF, 0xFFFF, 0xFFFF, 0xFFFF, 0xFFFF, 0xFFFF, 0xE71C,
    0xF79E, 0xF79E, 0xF79E, 0xF7BE, 0xF7BE, 0xEF7D, 0xF7BE, 0xF7BE, 0xFFDF, 0xFFDF, 0xFFDF, 0xFFDF,
    0xFFDF, 0xFFDF, 0xF7BE, 0xD6BA, 0xDEBA, 0xFFDF, 0xFFFF, 0xFFFF, 0xFFFF, 0xFFFF, 0xFFFF, 0xFFDF,
    0xFFDF, 0xF7BE, 0xF79E, 0xF7BE, 0xF7BE, 0xF7BE, 0xF79E, 0xF79E, 0xB5B6, 0xFFFF, 0xFFFF, 0xFFFF,
    0xFFFF, 0xFFFF, 0xFFFF, 0xFFFF, 0xFFFF, 0xFFFF, 0xFFFF, 0xFFFF, 0xFFFF, 0xFFFF, 0xFFFF, 0xFFFF,
    0xFFFF, 0xFFFF, 0xFFFF, 0xFFFF, 0xFFFF, 0xFFFF, 0xFFFF, 0xFFFF, 0xFFFF, 0xFFFF, 0xFFFF, 0xFFFF,
    0xFFFF, 0xFFFF, 0xFFFF, 0xFFFF, 0xFFFF, 0xFFFF, 0xFFFF, 0xFFFF, 0xFFFF, 0xFFFF, 0xFFFF, 0xFFFF,
    0xFFFF, 0xFFFF, 0xFFFF, 0xFFFF, 0xFFFF, 0xFFFF, 0xFFFF, 0xFFFF, 0xFFFF, 0xFFFF, 0xFFFF, 0xFFFF,
    0xFFFF, 0xFFFF, 0xFFFF, 0xFFFF, 0xFFFF, 0xFFFF, 0xFFFF, 0xFFFF, 0xFFFF, 0xFFFF, 0xFFFF, 0xFFFF,
    0xFFFF, 0xFFFF, 0xFFFF, 0xFFFF, 0xFFFF, 0xFFFF, 0xFFFF, 0xFFFF, 0xFFFF, 0xFFFF, 0xFFFF, 0xFFFF,
    0xFFFF, 0xFFFF, 0xFFFF, 0xFFFF, 0xFFFF, 0xFFFF, 0xFFFF, 0xFFFF, 0xFFFF, 0xFFFF, 0xFFFF, 0xFFFF,
    0xFFFF, 0xFFFF, 0xFFFF, 0xFFFF, 0xE71C, 0xF79E, 0xF79E, 0xF79E, 0xF7BE, 0xF7BE, 0xEF7D, 0xF7BE,
    0xF7BE, 0xFFDF, 0xFFDF, 0xFFDF, 0xFFDF, 0xFFDF, 0xFFDF, 0xF7BE, 0xD6BA, 0xD6BA, 0xFFDF, 0xFFFF,
    0xFFFF, 0xFFFF, 0xFFFF, 0xFFFF, 0xFFDF, 0xFFDF, 0xF7BE, 0xF79E, 0xF7BE, 0xF7BE, 0xF7BE, 0xF79E,
    0xF79E, 0xB5B6, 0xFFFF, 0xFFFF, 0xFFFF, 0xFFFF, 0xFFFF, 0xFFFF, 0xFFFF, 0xFFFF, 0xFFFF, 0xFFFF,
    0xFFFF, 0xFFFF, 0xFFFF, 0xFFFF, 0xFFFF, 0xFFFF, 0xFFFF, 0xFFFF, 0xFFFF, 0xFFFF, 0xFFFF, 0xFFFF,
    0xFFFF, 0xFFFF, 0xFFFF, 0xFFFF, 0xFFFF, 0xFFFF, 0xFFFF, 0xFFFF, 0xFFFF, 0xFFFF, 0xFFFF, 0xFFFF,
    0xFFFF, 0xFFFF, 0xFFFF, 0xFFFF, 0xFFFF, 0xFFFF, 0xFFFF, 0xFFFF, 0xFFFF, 0xFFFF, 0xFFFF, 0xFFFF,
    0xFFFF, 0xFFFF, 0xFFFF, 0xFFFF, 0xFFFF, 0xFFFF, 0xFFFF, 0xFFFF, 0xFFFF, 0xFFFF, 0xFFFF, 0xFFFF,
    0xFFFF, 0xFFFF, 0xFFFF, 0xFFFF, 0xFFFF, 0xFFFF, 0xFFFF, 0xFFFF, 0xFFFF, 0xFFFF, 0xFFFF, 0xFFFF,
    0xFFFF, 0xFFFF, 0xFFFF, 0xFFFF, 0xFFFF, 0xFFFF, 0xFFFF, 0xFFFF, 0xFFFF, 0xFFFF, 0xFFFF, 0xFFFF,
    0xFFFF, 0xFFFF, 0xFFFF, 0xFFFF, 0xFFFF, 0xFFFF, 0xFFFF, 0xFFFF, 0xFFFF, 0xE71C, 0xF79E, 0xF79E,
    0xF79E, 0xF7BE, 0xF7BE, 0xEF5D, 0xF7BE, 0xF7BE, 0xFFDF, 0xFFDF, 0xFFDF, 0xFFDF, 0xFFDF, 0xFFDF,
    0xF7BE, 0xD6BA, 0xD6BA, 0xFFDF, 0xFFFF, 0xFFFF, 0xFFFF, 0xFFFF, 0xFFFF, 0xFFDF, 0xFFDF, 0xF7BE,
    0xF79E, 0xF7BE, 0xF7BE, 0xF7BE, 0xF7BE, 0xF79E, 0xBDB7, 0xFFFF, 0xFFFF, 0xFFFF, 0xFFFF, 0xFFFF,
    0xFFFF, 0xFFFF, 0xFFFF, 0xFFFF, 0xFFFF, 0xFFFF, 0xFFFF, 0xFFFF, 0xFFFF, 0xFFFF, 0xFFFF, 0xFFFF,
    0xFFFF, 0xFFFF, 0xFFFF, 0xFFFF, 0xFFFF, 0xFFFF, 0xFFFF, 0xFFFF, 0xFFFF, 0xFFFF, 0xFFFF, 0xFFFF,
    0xFFFF, 0xFFFF, 0xFFFF, 0xFFFF, 0xFFFF, 0xFFFF, 0xFFFF, 0xFFFF, 0xFFFF, 0xFFFF, 0xFFFF, 0xFFFF,
    0xFFFF, 0xFFFF, 0xFFFF, 0xFFFF, 0xFFFF, 0xFFFF, 0xFFFF, 0xFFFF, 0xFFFF, 0xFFFF, 0xFFFF, 0xFFFF,
    0xFFFF, 0xFFFF, 0xFFFF, 0xFFFF, 0xFFFF, 0xFFFF, 0xFFFF, 0xFFFF, 0xFFFF, 0xFFFF, 0xFFFF, 0xFFFF,
    0xFFFF, 0xFFFF, 0xFFFF, 0xFFFF, 0xFFFF, 0xFFFF, 0xFFFF, 0xFFFF, 0xFFFF, 0xFFFF, 0xFFFF, 0xFFFF,
    0xFFFF, 0xFFFF, 0xFFFF, 0xFFFF, 0xFFFF, 0xFFFF, 0xFFFF, 0xFFFF, 0xFFFF, 0xFFFF, 0xFFFF, 0xFFFF,
    0xFFFF, 0xFFFF, 0xE71C, 0xF79E, 0xF79E, 0xF79E, 0xF7BE, 0xF7BE, 0xEF7D, 0xF7BE, 0xF7BE, 0xFFDF,
    0xFFDF, 0xFFDF, 0xFFDF, 0xFFDF, 0xFFDF, 0xF7BE, 0xD6BA, 0xD6BA, 0xFFDF, 0xFFFF, 0xFFFF, 0xFFFF,
    0xFFFF, 0xFFFF, 0xFFDF, 0xFFDF, 0xF7BE, 0xF79E, 0xF7BE, 0xF7BE, 0xF7BE, 0xF7BE, 0xF7BE, 0xCE59,
    0xDEDB, 0xDEDB, 0xDEDB, 0xDEDB, 0xDEDB, 0xDEDB, 0xDEDB, 0xDEBB, 0xDEBB, 0xD6BA, 0xDEBB, 0xDEBB,
    0xDEBB, 0xDEBB, 0xDEBB, 0xDEBB, 0xDEBB, 0xDEBB, 0xDEBB, 0xDEBB, 0xDEBB, 0xDEBB, 0xDEBB, 0xDEBB,
    0xDEBB, 0xDEBB, 0xDEBB, 0xDEBB, 0xDEBB, 0xDEBB, 0xDEBB, 0xDEBB, 0xDEBB, 0xDEBB, 0xDEBB, 0xDEBB,
    0xDEBB, 0xDEBB, 0xDEBB, 0xDEBB, 0xDEBB, 0xDEBB, 0xDEBB, 0xDEBB, 0xDEBB, 0xDEBB, 0xDEBB, 0xDEBB,
    0xDEBB, 0xDEBB, 0xDEBB, 0xDEBB, 0xDEBB, 0xDEBB, 0xDEBB, 0xDEBB, 0xDEBB, 0xDEBB, 0xDEBB, 0xDEBB,
    0xDEBB, 0xDEBB, 0xDEBB, 0xDEBB, 0xDEBB, 0xDEBB, 0xDEBB, 0xDEBB, 0xDEBB, 0xDEBB, 0xD6BA, 0xDEBB,
    0xDEBB, 0xDEBB, 0xDEBB, 0xDEBB, 0xDEBB, 0xDEBB, 0xD6BA, 0xD6BA, 0xD6BA, 0xD6BA, 0xD6BA, 0xD6BA,
    0xD6BA, 0xD6BA, 0xD6BA, 0xD6BA, 0xD6BA, 0xDEBB, 0xDEDB, 0xD6BA, 0xF79E, 0xF79E, 0xF79E, 0xF7BE,
    0xF7BE, 0xEF7D, 0xF7BE, 0xF7BE, 0xFFDF, 0xFFDF, 0xFFDF, 0xFFDF, 0xFFDF, 0xFFDF, 0xF7BE, 0xD6BA,
    0xD6BA, 0xFFDF, 0xFFFF, 0xFFFF, 0xFFFF, 0xFFFF, 0xFFFF, 0xFFDF, 0xFFDF, 0xF7BE, 0xF79E, 0xF7BE,
    0xF7BE, 0xF7BE, 0xF7BE, 0xF7BE, 0xF7BE, 0xF79E, 0xEF7D, 0xEF7D, 0xEF7D, 0xEF7D, 0xEF7D, 0xEF7D,
    0xEF7D, 0xEF7D, 0xEF7D, 0xEF7D, 0xEF7D, 0xEF7D, 0xEF7D, 0xEF7D, 0xEF7D, 0xEF7D, 0xEF7D, 0xEF7D,
    0xEF7D, 0xEF7D, 0xEF7D, 0xEF7D, 0xEF7D, 0xEF7D, 0xEF7D, 0xEF7D, 0xEF7D, 0xEF7D, 0xEF7D, 0xEF7D,
    0xEF7D, 0xEF7D, 0xEF7D, 0xEF7D, 0xEF7D, 0xEF7D, 0xEF7D, 0xEF7D, 0xEF7D, 0xEF7D, 0xEF7D, 0xEF7D,
    0xEF7D, 0xEF7D, 0xEF7D, 0xEF7D, 0xEF7D, 0xEF7D, 0xEF7D, 0xEF7D, 0xEF7D, 0xEF7D, 0xEF7D, 0xEF7D,
    0xEF7D, 0xEF7D, 0xEF7D, 0xEF7D, 0xEF7D, 0xEF7D, 0xEF7D, 0xEF7D, 0xEF7D, 0xEF7D, 0xEF7D, 0xEF7D,
    0xEF7D, 0xEF7D, 0xEF7D, 0xEF7D, 0xEF7D, 0xEF7D, 0xEF7D, 0xEF7D, 0xEF7D, 0xEF7D, 0xEF7D, 0xEF7D,
    0xEF7D, 0xEF7D, 0xEF7D, 0xEF7D, 0xEF7D, 0xEF7D, 0xEF7D, 0xEF7D, 0xEF7D, 0xEF7D, 0xEF7D, 0xEF7D,
    0xF79E, 0xF79E, 0xF7BE, 0xF7BE, 0xF7BE, 0xF7BE, 0xEF7D, 0xF7BE, 0xF7BE, 0xFFDF, 0xFFDF, 0xFFDF,
    0xFFDF, 0xFFDF, 0xFFDF, 0xF7BE, 0xD6BA, 0xDEDB, 0xFFDF, 0xFFFF, 0xFFFF, 0xFFFF, 0xFFFF, 0xFFFF,
    0xFFDF, 0xFFDF, 0xF7BE, 0xF7BE, 0xFFDF, 0xFFDF, 0xFFDF, 0xF7BE, 0xF7BE, 0xF7BE, 0xF7BE, 0xF79E,
    0xF79E, 0xF79E, 0xF79E, 0xF79E, 0xF79E, 0xF79E, 0xF79E, 0xF79E, 0xF79E, 0xF79E, 0xF79E, 0xF79E,
    0xF79E, 0xF79E, 0xF79E, 0xF79E, 0xF79E, 0xF79E, 0xF79E, 0xF79E, 0xF79E, 0xF79E, 0xF79E, 0xF79E,
    0xF79E, 0xF79E, 0xF79E, 0xF79E, 0xF79E, 0xF79E, 0xF79E, 0xF79E, 0xF79E, 0xF79E, 0xF79E, 0xF79E,
    0xF79E, 0xF79E, 0xF79E, 0xF79E, 0xF79E, 0xF79E, 0xF79E, 0xF79E, 0xF79E, 0xF79E, 0xF79E, 0xF79E,
    0xF79E, 0xF79E, 0xF79E, 0xF79E, 0xF79E, 0xF79E, 0xF79E, 0xF79E, 0xF79E, 0xF79E, 0xF79E, 0xF79E,
    0xF79E, 0xF79E, 0xF79E, 0xF79E, 0xF79E, 0xF79E, 0xF79E, 0xF79E, 0xF79E, 0xF79E, 0xF79E, 0xF79E,
    0xF79E, 0xF79E, 0xF79E, 0xF79E, 0xF79E, 0xF79E, 0xF79E, 0xF79E, 0xF79E, 0xF79E, 0xF79E, 0xF79E,
    0xF79E, 0xF79E, 0xF79E, 0xF79E, 0xF7BE, 0xF7BE, 0xF7BE, 0xF7BE, 0xF7BE, 0xF7BE, 0xFFDF, 0xF79E,
    0xF7BE, 0xF7BE, 0xFFDF, 0xFFDF, 0xFFDF, 0xFFDF, 0xFFDF, 0xFFDF, 0xF7BE, 0xD6BA, 0xD6BA, 0xFFDF,
    0xFFFF, 0xFFFF, 0xFFFF, 0xFFFF, 0xFFFF, 0xFFDF, 0xFFDF, 0xF7BE, 0xF7BE, 0xFFDF, 0xFFDF, 0xFFDF,
    0xFFDF, 0xFFDF, 0xF7BE, 0xF7BE, 0xF7BE, 0xF7BE, 0xF7BE, 0xF7BE, 0xF7BE, 0xF7BE, 0xF7BE, 0xF7BE,
    0xF7BE, 0xF7BE, 0xF7BE, 0xF7BE, 0xF7BE, 0xF7BE, 0xF7BE, 0xF7BE, 0xF7BE, 0xF7BE, 0xF7BE, 0xF7BE,
    0xF7BE, 0xF7BE, 0xF7BE, 0xF7BE, 0xF7BE, 0xF7BE, 0xF7BE, 0xF7BE, 0xF7BE, 0xF7BE, 0xF7BE, 0xF7BE,
    0xF7BE, 0xF7BE, 0xF7BE, 0xF7BE, 0xF7BE, 0xF7BE, 0xF7BE, 0xF7BE, 0xF7BE, 0xF7BE, 0xF7BE, 0xF7BE,
    0xF7BE, 0xF7BE, 0xF7BE, 0xF7BE, 0xF7BE, 0xF7BE, 0xF7BE, 0xF7BE, 0xF7BE, 0xF7BE, 0xF7BE, 0xF7BE,
    0xF7BE, 0xF7BE, 0xF7BE, 0xF7BE, 0xF7BE, 0xF7BE, 0xF7BE, 0xF7BE, 0xF7BE, 0xF7BE, 0xF7BE, 0xF7BE,
    0xF7BE, 0xF7BE, 0xF7BE, 0xF7BE, 0xF7BE, 0xF7BE, 0xF7BE, 0xF7BE, 0xF7BE, 0xF7BE, 0xF7BE, 0xF7BE,
    0xF7BE, 0xF7BE, 0xF7BE, 0xF7BE, 0xF7BE, 0xF7BE, 0xF7BE, 0xF7BE, 0xF7BE, 0xF7BE, 0xF7BE, 0xF7BE,
    0xFFDF, 0xFFDF, 0xFFDF, 0xFFDF, 0xF7BE, 0xF7BE, 0xF7BE, 0xFFDF, 0xFFDF, 0xFFDF, 0xFFDF, 0xFFDF,
    0xFFDF, 0xF7BE, 0xD6BA, 0xD6BA, 0xFFDF, 0xFFFF, 0xFFFF, 0xFFFF, 0xFFFF, 0xFFFF, 0xFFDF, 0xFFDF,
    0xF7BE, 0xF7BE, 0xFFDF, 0xFFFF, 0xFFFF, 0xFFDF, 0xFFDF, 0xFFDF, 0xFFDF, 0xFFDF, 0xFFDF, 0xFFDF,
    0xFFDF, 0xFFDF, 0xFFDF, 0xFFDF, 0xFFDF, 0xFFDF, 0xFFDF, 0xFFDF, 0xFFDF, 0xFFDF, 0xFFDF, 0xFFDF,
    0xFFDF, 0xFFDF, 0xFFDF, 0xFFDF, 0xFFDF, 0xFFDF, 0xFFDF, 0xFFDF, 0xFFDF, 0xFFDF, 0xFFDF, 0xFFDF,
    0xFFDF, 0xFFDF, 0xFFDF, 0xFFDF, 0xFFDF, 0xFFDF, 0xFFDF, 0xFFDF, 0xFFDF, 0xFFDF, 0xFFDF, 0xFFDF,
    0xFFDF, 0xFFDF, 0xFFDF, 0xFFDF, 0xFFDF, 0xFFDF, 0xFFDF, 0xFFDF, 0xFFDF, 0xFFDF, 0xFFDF, 0xFFDF,
    0xFFDF, 0xFFDF, 0xFFDF, 0xFFDF, 0xFFDF, 0xFFDF, 0xFFDF, 0xFFDF, 0xFFDF, 0xFFDF, 0xFFDF, 0xFFDF,
    0xFFDF, 0xFFDF, 0xFFDF, 0xFFDF, 0xFFDF, 0xFFDF, 0xFFDF, 0xFFDF, 0xFFDF, 0xFFDF, 0xFFDF, 0xFFDF,
    0xFFDF, 0xFFDF, 0xFFDF, 0xF7BE, 0xF7BE, 0xF7BE, 0xFFDF, 0xFFDF, 0xFFDF, 0xF7BE, 0xF7BE, 0xFFDF,
    0xFFDF, 0xFFDF, 0xFFDF, 0xFFDF, 0xFFDF, 0xFFDF, 0xFFFF, 0xFFFF, 0xFFDF, 0xF7BE, 0xF7BE, 0xF7BE,
    0xFFDF, 0xFFDF, 0xFFDF, 0xFFDF, 0xFFDF, 0xFFDF, 0xF7BE, 0xD6BA, 0xD6BA, 0xFFDF, 0xFFFF, 0xFFFF,
    0xFFFF, 0xFFFF, 0xFFFF, 0xFFDF, 0xFFDF, 0xF7BE, 0xF7BE, 0xF7BE, 0xFFDF, 0xFFFF, 0xFFFF, 0xFFFF,
    0xFFFF, 0xFFFF, 0xFFDF, 0xFFDF, 0xFFDF, 0xFFDF, 0xFFDF, 0xFFDF, 0xFFDF, 0xFFDF, 0xFFDF, 0xFFDF,
    0xFFDF, 0xFFDF, 0xFFDF, 0xFFDF, 0xFFDF, 0xFFDF, 0xFFDF, 0xFFDF, 0xFFDF, 0xFFDF, 0xFFDF, 0xFFDF,
    0xFFDF, 0xFFDF, 0xFFDF, 0xFFDF, 0xFFDF, 0xFFDF, 0xFFDF, 0xFFDF, 0xFFDF, 0xFFDF, 0xFFDF, 0xFFDF,
    0xFFDF, 0xFFDF, 0xFFDF, 0xFFDF, 0xFFDF, 0xFFDF, 0xFFDF, 0xFFDF, 0xFFDF, 0xFFDF, 0xFFDF, 0xFFDF,
    0xFFDF, 0xFFDF, 0xFFDF, 0xFFDF, 0xFFDF, 0xFFDF, 0xFFDF, 0xFFDF, 0xFFDF, 0xFFDF, 0xFFDF, 0xFFDF,
    0xFFDF, 0xFFDF, 0xFFDF, 0xFFDF, 0xFFDF, 0xFFDF, 0xFFDF, 0xFFDF, 0xFFDF, 0xFFDF, 0xFFDF, 0xFFDF,
    0xFFDF, 0xFFDF, 0xFFDF, 0xFFDF, 0xFFDF, 0xFFDF, 0xFFDF, 0xFFDF, 0xFFDF, 0xFFDF, 0xFFDF, 0xFFDF,
    0xFFDF, 0xFFDF, 0xFFDF, 0xFFDF, 0xFFDF, 0xFFDF, 0xFFFF, 0xFFFF, 0xFFFF, 0xFFFF, 0xFFFF, 0xFFFF,
    0xFFDF, 0xF7BE, 0xF7BE, 0xF7BE, 0xF7BE, 0xF7BE, 0xFFDF, 0xFFDF, 0xFFDF, 0xFFDF, 0xFFDF, 0xF7BE,
    0xD69A, 0xD6BA, 0xFFDF, 0xFFFF, 0xFFFF, 0xFFFF, 0xFFFF, 0xFFFF, 0xFFDF, 0xFFDF, 0xF7BE, 0xF7BE,
    0xF7BE, 0xF7BE, 0xF7BE, 0xF7BE, 0xFFDF, 0xFFDF, 0xFFDF, 0xF7BE, 0xF7BE, 0xF7BE, 0xF7BE, 0xF7BE,
    0xF7BE, 0xF7BE, 0xF7BE, 0xF7BE, 0xFFDF, 0xFFDF, 0xFFDF, 0xFFDF, 0xFFDF, 0xFFDF, 0xFFDF, 0xFFDF,
    0xFFDF, 0xFFDF, 0xFFDF, 0xFFDF, 0xFFDF, 0xFFDF, 0xFFDF, 0xFFDF, 0xFFDF, 0xFFDF, 0xFFDF, 0xFFDF,
    0xFFDF, 0xFFDF, 0xFFDF, 0xFFDF, 0xFFDF, 0xFFDF, 0xFFDF, 0xFFDF, 0xFFDF, 0xFFDF, 0xFFDF, 0xFFDF,
    0xFFDF, 0xFFDF, 0xFFDF, 0xFFDF, 0xFFDF, 0xFFDF, 0xFFDF, 0xFFDF, 0xFFDF, 0xFFDF, 0xFFDF, 0xFFDF,
    0xFFDF, 0xFFDF, 0xFFDF, 0xFFDF, 0xFFDF, 0xFFDF, 0xFFDF, 0xFFDF, 0xFFDF, 0xFFDF, 0xFFDF, 0xFFDF,
    0xFFDF, 0xFFDF, 0xFFDF, 0xFFDF, 0xFFDF, 0xFFDF, 0xFFDF, 0xFFDF, 0xFFDF, 0xFFDF, 0xFFDF, 0xFFDF,
    0xFFDF, 0xFFDF, 0xFFDF, 0xFFDF, 0xFFDF, 0xFFDF, 0xFFDF, 0xFFDF, 0xFFDF, 0xFFDF, 0xFFDF, 0xF7BE,
    0xFFDF, 0xFFDF, 0xFFDF, 0xFFDF, 0xF7BE, 0xF79E, 0xF7BE, 0xF79E, 0xF7BE, 0xF7BE, 0xF7BE, 0xFFDF,
    0xFFDF, 0xFFDF, 0xFFDF, 0xFFDF, 0xF7BE, 0xD69A, 0xD6BA, 0xFFDF, 0xFFFF, 0xFFFF, 0xFFFF, 0xFFFF,
    0xFFFF, 0xFFDF, 0xFFDF, 0xF7BE, 0xF7BE, 0xF7BE, 0xF79E, 0xF79E, 0xF79E, 0xF79E, 0xF79E, 0xF79E,
    0xEF7D, 0xEF7D, 0xEF7D, 0xEF7D, 0xEF7D, 0xEF7D, 0xEF7D, 0xEF7D, 0xEF7D, 0xEF7D, 0xEF7D, 0xEF7D,
    0xEF7D, 0xEF7D, 0xEF7D, 0xEF7D, 0xEF7D, 0xEF7D, 0xEF7D, 0xEF7D, 0xEF7D, 0xEF7D, 0xEF7D, 0xEF7D,
    0xEF7D, 0xEF7D, 0xEF7D, 0xEF7D, 0xEF7D, 0xEF7D, 0xEF7D, 0xEF7D, 0xEF7D, 0xEF7D, 0xEF7D, 0xEF7D,
    0xEF7D, 0xEF7D, 0xEF7D, 0xEF7D, 0xEF7D, 0xEF7D, 0xEF7D, 0xEF7D, 0xEF7D, 0xEF7D, 0xEF7D, 0xEF7D,
    0xEF7D, 0xEF7D, 0xEF7D, 0xEF7D, 0xEF7D, 0xEF7D, 0xEF7D, 0xEF7D, 0xEF7D, 0xEF7D, 0xEF7D, 0xEF7D,
    0xEF7D, 0xEF7D, 0xEF7D, 0xEF7D, 0xEF7D, 0xEF7D, 0xEF7D, 0xEF7D, 0xEF7D, 0xEF7D, 0xEF7D, 0xEF7D,
    0xEF7D, 0xEF7D, 0xEF7D, 0xEF7D, 0xEF7D, 0xEF7D, 0xEF7D, 0xEF7D, 0xEF7D, 0xEF7D, 0xEF7D, 0xEF7D,
    0xEF7D, 0xEF7D, 0xEF7D, 0xEF7D, 0xF79E, 0xF79E, 0xF79E, 0xF79E, 0xF79E, 0xF79E, 0xF79E, 0xF79E,
    0xF79E, 0xF7BE, 0xF7BE, 0xFFDF, 0xFFDF, 0xFFDF, 0xFFDF, 0xFFDF, 0xFFDF, 0xF7BE, 0xD69A, 0xDEDB,
    0xFFDF, 0xFFFF, 0xFFFF, 0xFFFF, 0xFFFF, 0xFFFF, 0xFFDF, 0xFFDF, 0xF7BE, 0xF7BE, 0xF7BE, 0xF79E,
    0xF79E, 0xF79E, 0xF79E, 0xF79E, 0xF79E, 0xEF7D, 0xEF7D, 0xEF7D, 0xEF7D, 0xEF7D, 0xEF7D, 0xEF7D,
    0xEF7D, 0xEF7D, 0xEF7D, 0xEF7D, 0xEF7D, 0xEF7D, 0xEF7D, 0xEF7D, 0xEF7D, 0xEF7D, 0xEF7D, 0xEF7D,
    0xEF7D, 0xEF7D, 0xEF7D, 0xEF7D, 0xEF7D, 0xEF7D, 0xEF7D, 0xEF7D, 0xEF7D, 0xEF7D, 0xEF7D, 0xEF7D,
    0xEF7D, 0xEF7D, 0xEF7D, 0xEF7D, 0xEF7D, 0xEF7D, 0xEF7D, 0xEF7D, 0xEF7D, 0xEF7D, 0xEF7D, 0xEF7D,
    0xEF7D, 0xEF7D, 0xEF7D, 0xEF7D, 0xEF7D, 0xEF7D, 0xEF7D, 0xEF7D, 0xEF7D, 0xEF7D, 0xEF7D, 0xEF7D,
    0xEF7D, 0xEF7D, 0xEF7D, 0xEF7D, 0xEF7D, 0xEF7D, 0xEF7D, 0xEF7D, 0xEF7D, 0xEF7D, 0xEF7D, 0xEF7D,
    0xEF7D, 0xEF7D, 0xEF7D, 0xEF7D, 0xEF7D, 0xEF7D, 0xEF7D, 0xEF7D, 0xEF7D, 0xEF7D, 0xEF7D, 0xEF7D,
    0xEF7D, 0xEF7D, 0xEF7D, 0xEF7D, 0xEF7D, 0xEF7D, 0xEF7D, 0xEF7D, 0xEF7D, 0xF79E, 0xF79E, 0xF79E,
    0xF79E, 0xF79E, 0xF79E, 0xF79E, 0xF79E, 0xF79E, 0xF7BE, 0xF7BE, 0xFFDF, 0xFFDF, 0xFFDF, 0xFFDF,
    0xFFDF, 0xFFDF, 0xF7BE, 0xD69A, 0xD6BA, 0xFFDF, 0xFFDF, 0xFFFF, 0xFFFF, 0xFFFF, 0xFFFF, 0xFFDF,
    0xFFDF, 0xF7BE, 0xF7BE, 0xF7BE, 0xF79E, 0xF79E, 0xF79E, 0xF79E, 0xF79E, 0xF79E, 0xEF7D, 0xEF7D,
    0xEF7D, 0xEF7D, 0xEF7D, 0xF79E, 0xEF7D, 0xEF7D, 0xEF7D, 0xEF7D, 0xEF7D, 0xEF7D, 0xF79E, 0xEF7D,
    0xEF7D, 0xEF7D, 0xEF7D, 0xEF7D, 0xEF7D, 0xEF7D, 0xEF7D, 0xEF7D, 0xEF7D, 0xEF7D, 0xEF7D, 0xEF7D,
    0xEF7D, 0xEF7D, 0xEF7D, 0xEF7D, 0xEF7D, 0xEF7D, 0xEF7D, 0xEF7D, 0xEF7D, 0xEF7D, 0xEF7D, 0xEF7D,
    0xEF7D, 0xEF7D, 0xEF7D, 0xEF7D, 0xEF7D, 0xEF7D, 0xEF7D, 0xEF7D, 0xEF7D, 0xEF7D, 0xEF7D, 0xEF7D,
    0xEF7D, 0xEF7D, 0xEF7D, 0xEF7D, 0xEF7D, 0xEF7D, 0xEF7D, 0xEF7D, 0xEF7D, 0xEF7D, 0xEF7D, 0xEF7D,
    0xEF7D, 0xEF7D, 0xEF7D, 0xEF7D, 0xEF7D, 0xEF7D, 0xEF7D, 0xEF7D, 0xEF7D, 0xEF7D, 0xEF7D, 0xEF7D,
    0xEF7D, 0xEF7D, 0xEF7D, 0xEF7D, 0xEF7D, 0xEF7D, 0xEF7D, 0xEF7D, 0xEF7D, 0xEF7D, 0xEF7D, 0xEF7D,
    0xEF7D, 0xEF7D, 0xF79E, 0xF79E, 0xF79E, 0xF79E, 0xF79E, 0xF79E, 0xF79E, 0xF79E, 0xF79E, 0xF7BE,
    0xF7BE, 0xF7BE, 0xFFDF, 0xFFDF, 0xFFDF, 0xFFDF, 0xFFDF, 0xF7BE, 0xD69A, 0xD6BA, 0xFFDF, 0xFFDF,
    0xFFFF, 0xFFFF, 0xFFFF, 0xFFFF, 0xFFDF, 0xFFDF, 0xF7BE, 0xF7BE, 0xF7BE, 0xF79E, 0xF79E, 0xF79E,
    0xF79E, 0xF79E, 0xF79E, 0xEF7D, 0xEF7D, 0xEF7D, 0xEF7D, 0xEF7D, 0xF79E, 0xF79E, 0xF79E, 0xF79E,
    0xF79E, 0xF79E, 0xF79E, 0xF79E, 0xEF7D, 0xEF7D, 0xEF7D, 0xEF7D, 0xEF7D, 0xEF7D, 0xEF7D, 0xEF7D,
    0xEF7D, 0xEF7D, 0xEF7D, 0xEF7D, 0xEF7D, 0xEF7D, 0xEF7D, 0xEF7D, 0xEF7D, 0xEF7D, 0xEF7D, 0xEF7D,
    0xEF7D, 0xEF7D, 0xEF7D, 0xEF7D, 0xEF7D, 0xEF7D, 0xEF7D, 0xEF7D, 0xEF7D, 0xEF7D, 0xEF7D, 0xEF7D,
    0xEF7D, 0xEF7D, 0xEF7D, 0xEF7D, 0xEF7D, 0xEF7D, 0xEF7D, 0xEF7D, 0xEF7D, 0xEF7D, 0xEF7D, 0xEF7D,
    0xEF7D, 0xEF7D, 0xEF7D, 0xEF7D, 0xEF7D, 0xEF7D, 0xEF7D, 0xEF7D, 0xEF7D, 0xEF7D, 0xEF7D, 0xEF7D,
    0xEF7D, 0xEF7D, 0xEF7D, 0xEF7D, 0xEF7D, 0xEF7D, 0xEF7D, 0xEF7D, 0xEF7D, 0xEF7D, 0xEF7D, 0xEF7D,
    0xEF7D, 0xEF7D, 0xEF7D, 0xEF7D, 0xEF7D, 0xEF7D, 0xEF7D, 0xF79E, 0xF79E, 0xF79E, 0xF79E, 0xF79E,
    0xF79E, 0xF79E, 0xF79E, 0xF79E, 0xF7BE, 0xF7BE, 0xF7BE, 0xFFDF, 0xFFDF, 0xFFDF, 0xFFDF, 0xFFDF,
    0xF7BE, 0xD6BA, 0xD6BA, 0xFFDF, 0xFFDF, 0xFFFF, 0xFFFF, 0xFFFF, 0xFFFF, 0xFFDF, 0xFFDF, 0xF7BE,
    0xF7BE, 0xF7BE, 0xF79E, 0xF79E, 0xF79E, 0xF79E, 0xF79E, 0xF79E, 0xEF7D, 0xEF7D, 0xEF7D, 0xF79E,
    0xF79E, 0xF79E, 0xF79E, 0xF79E, 0xF79E, 0xF79E, 0xF79E, 0xF79E, 0xF79E, 0xF79E, 0xF79E, 0xEF7D,
    0xEF7D, 0xEF7D, 0xEF7D, 0xEF7D, 0xEF7D, 0xEF7D, 0xEF7D, 0xEF7D, 0xEF7D, 0xEF7D, 0xEF7D, 0xEF7D,
    0xEF7D, 0xEF7D, 0xEF7D, 0xEF7D, 0xEF7D, 0xEF7D, 0xEF7D, 0xEF7D, 0xEF7D, 0xEF7D, 0xEF7D, 0xEF7D,
    0xEF7D, 0xEF7D, 0xEF7D, 0xEF7D, 0xEF7D, 0xEF7D, 0xEF7D, 0xEF7D, 0xEF7D, 0xEF7D, 0xEF7D, 0xEF7D,
    0xEF7D, 0xEF7D, 0xEF7D, 0xEF7D, 0xEF7D, 0xEF7D, 0xEF7D, 0xEF7D, 0xEF7D, 0xEF7D, 0xEF7D, 0xEF7D,
    0xEF7D, 0xEF7D, 0xEF7D, 0xEF7D, 0xEF7D, 0xEF7D, 0xEF7D, 0xEF7D, 0xEF7D, 0xEF7D, 0xEF7D, 0xEF7D,
    0xEF7D, 0xEF7D, 0xEF7D, 0xEF7D, 0xEF7D, 0xEF7D, 0xEF7D, 0xEF7D, 0xEF7D, 0xEF7D, 0xEF7D, 0xEF7D,
    0xF79E, 0xF79E, 0xF79E, 0xF79E, 0xF79E, 0xF79E, 0xF79E, 0xF79E, 0xF79E, 0xF7BE, 0xF7BE, 0xF7BE,
    0xFFDF, 0xFFDF, 0xFFDF, 0xFFDF, 0xFFDF, 0xF7BE, 0xD6BA, 0xD6BA, 0xFFDF, 0xFFDF, 0xFFFF, 0xFFFF,
    0xFFFF, 0xFFFF, 0xFFDF, 0xFFDF, 0xF7BE, 0xF7BE, 0xF7BE, 0xF79E, 0xF79E, 0xF79E, 0xF79E, 0xF79E,
    0xF79E, 0xEF7D, 0xEF7D, 0xEF7D, 0xF79E, 0xF79E, 0xF79E, 0xF79E, 0xF79E, 0xF79E, 0xF79E, 0xF79E,
    0xEF7D, 0xEF7D, 0xF79E, 0xF79E, 0xEF7D, 0xEF7D, 0xEF7D, 0xEF7D, 0xEF7D, 0xEF7D, 0xEF7D, 0xEF7D,
    0xEF7D, 0xEF7D, 0xEF7D, 0xEF7D, 0xEF7D, 0xEF7D, 0xEF7D, 0xEF7D, 0xEF7D, 0xEF7D, 0xEF7D, 0xEF7D,
    0xEF7D, 0xEF7D, 0xEF7D, 0xEF7D, 0xF77D, 0xF77D, 0xF77D, 0xEF7D, 0xEF7D, 0xEF7D, 0xEF7D, 0xEF7D,
    0xEF7D, 0xEF7D, 0xEF7D, 0xEF7D, 0xEF7D, 0xEF7D, 0xEF7D, 0xEF7D, 0xEF7D, 0xEF7D, 0xEF7D, 0xEF7D,
    0xEF7D, 0xEF7D, 0xEF7D, 0xEF7D, 0xEF7D, 0xEF7D, 0xEF7D, 0xEF7D, 0xEF7D, 0xEF7D, 0xEF7D, 0xEF7D,
    0xEF7D, 0xEF7D, 0xEF7D, 0xEF7D, 0xEF7D, 0xEF7D, 0xEF7D, 0xEF7D, 0xEF7D, 0xEF7D, 0xEF7D, 0xEF7D,
    0xEF7D, 0xEF7D, 0xEF7D, 0xEF7D, 0xEF7D, 0xF79E, 0xF79E, 0xF79E, 0xF79E, 0xF79E, 0xF79E, 0xF79E,
    0xF79E, 0xF79E, 0xF7BE, 0xF7BE, 0xF7BE, 0xFFDF, 0xFFDF, 0xFFDF, 0xFFDF, 0xFFDF, 0xF7BE, 0xD69A,
    0xD6BA, 0xFFDF, 0xFFDF, 0xFFFF, 0xFFFF, 0xFFFF, 0xFFFF, 0xFFDF, 0xFFDF, 0xF7BE, 0xF7BE, 0xF7BE,
    0xF79E, 0xF79E, 0xF79E, 0xF79E, 0xF79E, 0xF79E, 0xEF7D, 0xEF7D, 0xEF7D, 0xEF7D, 0xF79E, 0xF79E,
    0xEF5D, 0xDEDB, 0xDEFB, 0xDEFB, 0xDEDB, 0xEF5D, 0xF79E, 0xEF7D, 0xF79E, 0xEF7D, 0xEF7D, 0xEF7D,
    0xEF7D, 0xEF7D, 0xEF7D, 0xEF7D, 0xEF7D, 0xEF7D, 0xEF7D, 0xEF7D, 0xEF7D, 0xEF7D, 0xEF7D, 0xEF7D,
    0xEF7D, 0xEF7D, 0xEF7D, 0xEF7D, 0xEF7D, 0xEF7D, 0xEF7D, 0xEF7D, 0xF77D, 0xF77D, 0xF77D, 0xF77D,
    0xF77D, 0xF77D, 0xF77D, 0xF77D, 0xF77D, 0xF77D, 0xF77D, 0xF77D, 0xF77D, 0xF77D, 0xF77D, 0xEF7D,
    0xEF7D, 0xEF7D, 0xEF7D, 0xEF7D, 0xEF7D, 0xEF7D, 0xEF7D, 0xEF7D, 0xEF7D, 0xEF7D, 0xEF7D, 0xEF7D,
    0xEF7D, 0xEF7D, 0xEF7D, 0xEF7D, 0xEF7D, 0xEF7D, 0xEF7D, 0xEF7D, 0xEF7D, 0xEF7D, 0xEF7D, 0xEF7D,
    0xEF7D, 0xEF7D, 0xEF7D, 0xEF7D, 0xEF7D, 0xEF7D, 0xEF7D, 0xEF7D, 0xEF7D, 0xEF7D, 0xF79E, 0xF79E,
    0xF79E, 0xF79E, 0xF79E, 0xF79E, 0xF79E, 0xF79E, 0xF79E, 0xF7BE, 0xF7BE, 0xF7BE, 0xFFDF, 0xFFDF,
    0xFFDF, 0xFFDF, 0xFFDF, 0xF7BE, 0xD69A, 0xD6BA, 0xFFDF, 0xFFDF, 0xFFFF, 0xFFFF, 0xFFFF, 0xFFFF,
    0xFFDF, 0xFFDF, 0xF7BE, 0xF7BE, 0xF7BE, 0xF79E, 0xF79E, 0xF79E, 0xF79E, 0xF79E, 0xF79E, 0xEF7D,
    0xEF7D, 0xEF7D, 0xEF7D, 0xEF7D, 0xDEDB, 0xDEFB, 0xF79E, 0xF79E, 0xF79E, 0xF79E, 0xDEFB, 0xE71C,
    0xEF7D, 0xF79E, 0xEF7D, 0xEF7D, 0xEF7D, 0xEF7D, 0xEF7D, 0xEF7D, 0xEF7D, 0xEF7D, 0xEF7D, 0xEF7D,
    0xEF7D, 0xEF7D, 0xEF7D, 0xEF7D, 0xEF7D, 0xEF7D, 0xEF7D, 0xEF7D, 0xEF7D, 0xEF7D, 0xEF7D, 0xEF7D,
    0xF77D, 0xF77D, 0xF79D, 0xF79D, 0xF79D, 0xF79D, 0xF79D, 0xF77C, 0xF79C, 0xF79D, 0xF79D, 0xF79D,
    0xF79D, 0xF77D, 0xF77D, 0xF77D, 0xEF7D, 0xEF7D, 0xEF7D, 0xEF7D, 0xEF7D, 0xEF7D, 0xEF7D, 0xEF7D,
    0xEF7D, 0xEF7D, 0xEF7D, 0xEF7D, 0xEF7D, 0xEF7D, 0xEF7D, 0xEF7D, 0xEF7D, 0xEF7D, 0xEF7D, 0xEF7D,
    0xEF7D, 0xEF7D, 0xEF7D, 0xEF7D, 0xEF7D, 0xEF7D, 0xEF7D, 0xEF7D, 0xEF7D, 0xEF7D, 0xEF7D, 0xEF7D,
    0xEF7D, 0xEF7D, 0xEF7D, 0xF79E, 0xF79E, 0xF79E, 0xF79E, 0xF79E, 0xF79E, 0xF79E, 0xF79E, 0xF79E,
    0xF7BE, 0xF7BE, 0xF7BE, 0xFFDF, 0xFFDF, 0xFFDF, 0xFFDF, 0xFFDF, 0xF7BE, 0xD69A, 0xD6BA, 0xFFDF,
    0xFFDF, 0xFFFF, 0xFFFF, 0xFFFF, 0xFFFF, 0xFFDF, 0xFFDF, 0xF7BE, 0xF7BE, 0xF7BE, 0xF79E, 0xF79E,
    0xF79E, 0xF79E, 0xF79E, 0xF79E, 0xEF7D, 0xEF7D, 0xEF7D, 0xEF7D, 0xE71C, 0xE71C, 0xF79E, 0xF79E,
    0xF79E, 0xF79E, 0xF79E, 0xF79E, 0xDEFB, 0xE73C, 0xF79E, 0xEF7D, 0xEF7D, 0xEF7D, 0xEF7D, 0xEF7D,
    0xEF7D, 0xEF7D, 0xEF7D, 0xEF7D, 0xEF7D, 0xEF7D, 0xEF7D, 0xEF7D, 0xEF7D, 0xEF7D, 0xEF7D, 0xEF7D,
    0xEF7D, 0xEF7D, 0xEF7D, 0xEF7D, 0xF77D, 0xF77D, 0xF77D, 0xF79C, 0xE71A, 0xE6DA, 0xE6DA, 0xE6D9,
    0xE6DA, 0xE6DA, 0xE6DA, 0xE6DA, 0xE6FA, 0xF75C, 0xFF9C, 0xF77D, 0xF77D, 0xF77D, 0xEF7D, 0xEF7D,
    0xEF7D, 0xEF7D, 0xEF7D, 0xEF7D, 0xEF7D, 0xEF7D, 0xEF7D, 0xEF7D, 0xEF7D, 0xEF7D, 0xEF7D, 0xEF7D,
    0xEF7D, 0xEF7D, 0xEF7D, 0xEF7D, 0xEF7D, 0xEF7D, 0xEF7D, 0xEF7D, 0xEF7D, 0xEF7D, 0xEF7D, 0xEF7D,
    0xEF7D, 0xEF7D, 0xEF7D, 0xEF7D, 0xEF7D, 0xEF7D, 0xEF7D, 0xEF7D, 0xF79E, 0xF79E, 0xF79E, 0xF79E,
    0xF79E, 0xF79E, 0xF79E, 0xF79E, 0xF79E, 0xF7BE, 0xF7BE, 0xF7BE, 0xFFDF, 0xFFDF, 0xFFDF, 0xFFDF,
    0xFFDF, 0xF7BE, 0xD69A, 0xD6BA, 0xFFDF, 0xFFDF, 0xFFFF, 0xFFFF, 0xFFFF, 0xFFFF, 0xFFDF, 0xFFDF,
    0xF7BE, 0xF7BE, 0xF7BE, 0xF79E, 0xF79E, 0xF79E, 0xF79E, 0xF79E, 0xF79E, 0xEF7D, 0xEF7D, 0xEF7D,
    0xEF7D, 0xD69A, 0xF79E, 0xF79E, 0xF79E, 0xEF7D, 0xEF7D, 0xF79E, 0xF79E, 0xF79E, 0xD69A, 0xF79E,
    0xEF7D, 0xEF7D, 0xEF7D, 0xEF7D, 0xEF7D, 0xEF7D, 0xEF7D, 0xEF7D, 0xEF7D, 0xEF7D, 0xEF7D, 0xEF7D,
    0xEF7D, 0xEF7D, 0xEF7D, 0xEF7D, 0xEF7D, 0xEF7D, 0xEF7D, 0xEF7D, 0xF77D, 0xF77D, 0xF77C, 0xDE57,
    0xD56E, 0xEDAB, 0xEDCB, 0xEDCB, 0xEDCB, 0xEDEB, 0xEDCB, 0xEDCB, 0xEDCB, 0xEDAB, 0xDD6C, 0xD5F4,
    0xEF5B, 0xF77D, 0xF77D, 0xEF7D, 0xEF7D, 0xEF7D, 0xEF7D, 0xEF7D, 0xEF7D, 0xEF7D, 0xEF7D, 0xEF7D,
    0xEF7D, 0xEF7D, 0xEF7D, 0xEF7D, 0xEF7D, 0xEF7D, 0xEF7D, 0xEF7D, 0xEF7D, 0xEF7D, 0xEF7D, 0xEF7D,
    0xEF7D, 0xEF7D, 0xEF7D, 0xEF7D, 0xEF7D, 0xEF7D, 0xEF7D, 0xEF7D, 0xEF7D, 0xEF7D, 0xEF7D, 0xEF7D,
    0xEF7D, 0xF79E, 0xF79E, 0xF79E, 0xF79E, 0xF79E, 0xF79E, 0xF79E, 0xF79E, 0xF79E, 0xF7BE, 0xF7BE,
    0xF7BE, 0xFFDF, 0xFFDF, 0xFFDF, 0xFFDF, 0xFFDF, 0xF7BE, 0xD69A, 0xD6BA, 0xFFDF, 0xFFDF, 0xFFFF,
    0xFFFF, 0xFFFF, 0xFFFF, 0xFFDF, 0xFFDF, 0xF7BE, 0xF7BE, 0xF7BE, 0xF79E, 0xF79E, 0xF79E, 0xF79E,
    0xF79E, 0xF79E, 0xEF7D, 0xEF7D, 0xEF7D, 0xEF7D, 0xD69A, 0xEF7D, 0xF79E, 0xF79E, 0xA514, 0xB596,
    0xF79E, 0xF79E, 0xF79E, 0xD69A, 0xF79E, 0xEF7D, 0xEF7D, 0xEF7D, 0xEF7D, 0xEF7D, 0xEF7D, 0xEF7D,
    0xEF7D, 0xEF7D, 0xEF7D, 0xEF7D, 0xEF7D, 0xEF7D, 0xEF7D, 0xEF7D, 0xEF7D, 0xEF7D, 0xEF7D, 0xEF7D,
    0xEF7D, 0xF77D, 0xF77C, 0xD5B3, 0xEDCB, 0xF5CB, 0xF5CB, 0xF5EB, 0xF5EB, 0xF5CB, 0xEDEB, 0xF5EB,
    0xF5EB, 0xF5CB, 0xF5CB, 0xF5EB, 0xEDEB, 0xCD4E, 0xEF1B, 0xF77D, 0xF77D, 0xEF7D, 0xEF7D, 0xEF7D,
    0xEF7D, 0xEF7D, 0xEF7D, 0xEF7D, 0xEF7D, 0xEF7D, 0xEF7D, 0xEF7D, 0xEF7D, 0xEF7D, 0xEF7D, 0xEF7D,
    0xEF7D, 0xF79E, 0xEF7D, 0xEF7D, 0xEF7D, 0xEF7D, 0xEF7D, 0xEF7D, 0xEF7D, 0xEF7D, 0xEF7D, 0xEF7D,
    0xEF7D, 0xEF7D, 0xEF7D, 0xEF7D, 0xF79E, 0xF79E, 0xF79E, 0xF79E, 0xF79E, 0xF79E, 0xF79E, 0xF79E,
    0xF79E, 0xF79E, 0xF79E, 0xF7BE, 0xF7BE, 0xF7BE, 0xFFDF, 0xFFDF, 0xFFDF, 0xFFDF, 0xFFDF, 0xF7BE,
    0xD69A, 0xD6BA, 0xFFDF, 0xFFDF, 0xFFFF, 0xFFFF, 0xFFFF, 0xFFFF, 0xFFDF, 0xFFDF, 0xF7BE, 0xF7BE,
    0xF7BE, 0xF79E, 0xF79E, 0xF79E, 0xF79E, 0xF79E, 0xF79E, 0xEF7D, 0xEF7D, 0xEF7D, 0xEF7D, 0xD69A,
    0xEF7D, 0xEF7D, 0xE71C, 0x94B2, 0x8C71, 0xE73C, 0xEF7D, 0xEF7D, 0xD69A, 0xF79E, 0xEF7D, 0xEF7D,
    0xEF7D, 0xEF7D, 0xEF7D, 0xEF7D, 0xEF7D, 0xEF7D, 0xEF7D, 0xEF7D, 0xEF7D, 0xEF7D, 0xEF7D, 0xEF7D,
    0xEF7D, 0xEF7D, 0xEF7D, 0xEF7D, 0xEF7D, 0xF77D, 0xF77D, 0xD636, 0xEDCB, 0xF5EB, 0xF5EB, 0xF5CA,
    0xF5CB, 0xF5EB, 0xF60D, 0xFF18, 0xF60F, 0xF5CB, 0xF5CB, 0xF5EB, 0xF5EB, 0xF5EB, 0xF5EA, 0xC550,
    0xF75D, 0xF77D, 0xEF7D, 0xEF7D, 0xEF7D, 0xEF7D, 0xEF7D, 0xEF7D, 0xEF7D, 0xEF7D, 0xEF7D, 0xEF7D,
    0xEF7D, 0xEF7D, 0xEF7D, 0xEF7D, 0xEF7D, 0xEF7D, 0xF79E, 0xF79E, 0xEF7D, 0xEF7D, 0xEF7D, 0xEF7D,
    0xEF7D, 0xEF7D, 0xEF7D, 0xEF7D, 0xEF7D, 0xEF7D, 0xEF7D, 0xEF7D, 0xEF7D, 0xF79E, 0xF79E, 0xF79E,
    0xF79E, 0xF79E, 0xF79E, 0xF79E, 0xF79E, 0xF79E, 0xF79E, 0xF79E, 0xF7BE, 0xF7BE, 0xF7BE, 0xFFDF,
    0xFFDF, 0xFFDF, 0xFFDF, 0xFFDF, 0xF7BE, 0xD69A, 0xD6BA, 0xFFDF, 0xFFDF, 0xFFFF, 0xFFFF, 0xFFFF,
    0xFFFF, 0xFFDF, 0xFFDF, 0xF7BE, 0xF7BE, 0xF7BE, 0xF79E, 0xF79E, 0xF79E, 0xF79E, 0xF79E, 0xF79E,
    0xEF7D, 0xEF7D, 0xEF7D, 0xF79E, 0xD69A, 0xEF7D, 0xEF7D, 0xA534, 0xDEDB, 0xD69A, 0xAD75, 0xEF7D,
    0xEF7D, 0xD6BA, 0xF79E, 0xF79E, 0xF79E, 0xF79E, 0xF79E, 0xEF7D, 0xEF7D, 0xEF7D, 0xEF7D, 0xEF7D,
    0xEF7D, 0xEF7D, 0xEF7D, 0xEF7D, 0xEF7D, 0xEF7D, 0xEF7D, 0xEF7D, 0xEF7D, 0xEF7D, 0xF77D, 0xF75C,
    0xD52C, 0xEDCA, 0xF5EA, 0xEDCB, 0xF5CB, 0xEDCB, 0xF60D, 0xFF59, 0xF693, 0xF739, 0xF62E, 0xEDEB,
    0xEDCB, 0xEDCB, 0xEDCB, 0xEDCB, 0xED8A, 0xDE99, 0xF77D, 0xF77D, 0xEF7D, 0xEF7D, 0xEF7D, 0xEF7D,
    0xEF7D, 0xEF7D, 0xEF7D, 0xEF7D, 0xEF7D, 0xEF7D, 0xEF7D, 0xEF7D, 0xF79E, 0xF79E, 0xF79E, 0xF79E,
    0xF79E, 0xF79E, 0xF79E, 0xF79E, 0xF79E, 0xEF7D, 0xEF7D, 0xEF7D, 0xEF7D, 0xEF7D, 0xEF7D, 0xEF7D,
    0xF79E, 0xEF7D, 0xF79E, 0xF79E, 0xF79E, 0xF79E, 0xF79E, 0xF79E, 0xF79E, 0xF79E, 0xF79E, 0xF79E,
    0xF79E, 0xF7BE, 0xF7BE, 0xF7BE, 0xFFDF, 0xFFDF, 0xFFDF, 0xFFDF, 0xFFDF, 0xF7BE, 0xD69A, 0xD6BA,
    0xFFDF, 0xFFDF, 0xFFFF, 0xFFFF, 0xFFFF, 0xFFFF, 0xFFDF, 0xFFDF, 0xF7BE, 0xF7BE, 0xF7BE, 0xF79E,
    0xF79E, 0xF79E, 0xF79E, 0xF79E, 0xF79E, 0xEF7D, 0xEF7D, 0xEF7D, 0xEF7D, 0xD69A, 0xEF7D, 0xEF7D,
    0x7BEF, 0x8C71, 0x8C71, 0x8C51, 0xEF7D, 0xEF7D, 0xD6BA, 0xF79E, 0xF79E, 0xF79E, 0xF79E, 0xF79E,
    0xEF7D, 0xEF7D, 0xEF7D, 0xEF7D, 0xEF7D, 0xEF7D, 0xEF7D, 0xEF7D, 0xEF7D, 0xEF7D, 0xEF7D, 0xEF7D,
    0xEF7D, 0xEF7D, 0xEF7D, 0xF77D, 0xDEB9, 0xE58A, 0xEDCA, 0xEDCA, 0xEDCA, 0xEDCB, 0xEDED, 0xFF39,
    0xF630, 0xF5CB, 0xEE0F, 0xFF39, 0xEE0E, 0xEDCB, 0xEDCB, 0xEDCB, 0xEDCB, 0xF5CB, 0xCDD4, 0xF77D,
    0xEF7D, 0xEF7D, 0xEF7D, 0xEF7D, 0xEF7D, 0xEF7D, 0xEF7D, 0xEF7D, 0xEF7D, 0xEF7D, 0xEF7D, 0xEF7D,
    0xF79E, 0xF79E, 0xF79E, 0xF79E, 0xF79E, 0xF79E, 0xF79E, 0xF79E, 0xF79E, 0xF79E, 0xEF7D, 0xEF7D,
    0xEF7D, 0xEF7D, 0xEF7D, 0xEF7D, 0xF79E, 0xF79E, 0xF79E, 0xF79E, 0xF79E, 0xF7BE, 0xF7BE, 0xF7BE,
    0xF7BE, 0xF7BE, 0xF7BE, 0xF7BE, 0xF79E, 0xF79E, 0xF7BE, 0xF7BE, 0xF7BE, 0xFFDF, 0xFFDF, 0xFFDF,
    0xFFDF, 0xFFDF, 0xF7BE, 0xD69A, 0xDEFB, 0xFFDF, 0xFFDF, 0xFFFF, 0xFFFF, 0xFFFF, 0xFFFF, 0xFFDF,
    0xFFDF, 0xF7BE, 0xF7BE, 0xF7BE, 0xF7BE, 0xF79E, 0xF79E, 0xF79E, 0xF79E, 0xF79E, 0xF79E, 0xF79E,
    0xF79E, 0xEF7D, 0xD69A, 0xEF7D, 0xEF7D, 0xEF7D, 0xEF7D, 0xEF7D, 0xEF7D, 0xEF7D, 0xEF7D, 0xD6BA,
    0xF79E, 0xF79E, 0xF79E, 0xF79E, 0xF79E, 0xF79E, 0xF79E, 0xF79E, 0xF79E, 0xEF7D, 0xEF7D, 0xEF7D,
    0xEF7D, 0xEF7D, 0xEF7D, 0xEF7D, 0xEF7D, 0xEF7D, 0xEF7D, 0xEF7D, 0xF77D, 0xD678, 0xE58A, 0xEDCA,
    0xEDCA, 0xEDCA, 0xEDCA, 0xEE71, 0xF6D5, 0xEE2F, 0xEE51, 0xEE50, 0xEE93, 0xF693, 0xEDCB, 0xEDCB,
    0xEDCB, 0xEDCA, 0xEDCB, 0xC593, 0xF77D, 0xEF7D, 0xEF7D, 0xEF7D, 0xEF7D, 0xEF7D, 0xEF7D, 0xEF7D,
    0xEF7D, 0xEF7D, 0xF79E, 0xF79E, 0xF79E, 0xF79E, 0xF7BE, 0xFFDF, 0xFFDF, 0xFFDF, 0xFFDF, 0xF7BE,
    0xF7BE, 0xF7BE, 0xF79E, 0xF79E, 0xF79E, 0xEF7D, 0xF79E, 0xF79E, 0xF79E, 0xF79E, 0xF79E, 0xF79E,
    0xF7BE, 0xFFDF, 0xFFDF, 0xF7BE, 0xFFDF, 0xFFDF, 0xF7BE, 0xF7BE, 0xF7BE, 0xF7BE, 0xF7BE, 0xF7BE,
    0xF7BE, 0xF7BE, 0xFFDF, 0xFFDF, 0xFFDF, 0xFFDF, 0xFFDF, 0xF7BE, 0xD69A, 0xD6BA, 0xFFDF, 0xFFDF,
    0xFFDF, 0xFFFF, 0xFFFF, 0xFFFF, 0xFFDF, 0xFFDF, 0xF7BE, 0xF7BE, 0xF7BE, 0xF7BE, 0xF79E, 0xF79E,
    0xF79E, 0xF79E, 0xF79E, 0xF79E, 0xF79E, 0xF79E, 0xEF7D, 0xD69A, 0xEF7D, 0xEF7D, 0xEF7D, 0xEF7D,
    0xEF7D, 0xEF7D, 0xEF7D, 0xEF7D, 0xD6BA, 0xF79E, 0xF79E, 0xF79E, 0xEF7D, 0xEF7D, 0xEF7D, 0xEF7D,
    0xEF7D, 0xF79E, 0xEF7D, 0xEF7D, 0xEF7D, 0xEF7D, 0xEF7D, 0xEF7D, 0xEF7D, 0xEF7D, 0xEF7D, 0xEF7D,
    0xEF7D, 0xF77D, 0xDEB9, 0xDD4A, 0xEDCA, 0xEDCA, 0xEDCA, 0xEDCA, 0xEE71, 0xF6B5, 0xF739, 0xF6B5,
    0xF75A, 0xEE73, 0xF693, 0xEDCA, 0xEDCA, 0xEDCA, 0xEDCA, 0xEDAA, 0xC5B5, 0xEF7D, 0xEF7D, 0xEF7D,
    0xEF7D, 0xEF7D, 0xEF7D, 0xEF7D, 0xEF7D, 0xEF7D, 0xEF7D, 0xF79E, 0xF79E, 0xF79E, 0xF79E, 0xDEFB,
    0xDEDB, 0xD6BA, 0xDEFB, 0xD6BA, 0xDEDB, 0xE71C, 0xF7BE, 0xF7BE, 0xF79E, 0xF79E, 0xF79E, 0xF79E,
    0xF79E, 0xF79E, 0xF79E, 0xF7BE, 0xF79E, 0xDEFB, 0xDEDB, 0xDEDB, 0xDEDB, 0xD6BA, 0xDEDB, 0xE71C,
    0xF7BE, 0xF7BE, 0xF7BE, 0xF7BE, 0xF7BE, 0xF7BE, 0xF7BE, 0xFFDF, 0xFFDF, 0xFFDF, 0xFFDF, 0xFFDF,
    0xF7BE, 0xD69A, 0xD6BA, 0xFFDF, 0xFFDF, 0xFFFF, 0xFFFF, 0xFFFF, 0xFFFF, 0xFFDF, 0xFFDF, 0xF7BE,
    0xF7BE, 0xF7BE, 0xF7BE, 0xF79E, 0xF79E, 0xF79E, 0xF79E, 0xF79E, 0xF79E, 0xF79E, 0xF79E, 0xEF7D,
    0xD69A, 0xEF7D, 0xEF7D, 0xEF7D, 0xEF7D, 0xEF7D, 0xEF7D, 0xEF7D, 0xEF7D, 0xD6BA, 0xF79E, 0xF79E,
    0xEF7D, 0xEF7D, 0xEF7D, 0xEF7D, 0xEF7D, 0xEF7D, 0xF79E, 0xF79E, 0xF79E, 0xEF7D, 0xEF7D, 0xEF7D,
    0xEF7D, 0xEF7D, 0xEF7D, 0xEF7D, 0xEF7D, 0xEF7D, 0xEF7D, 0xE71B, 0xBCAB, 0xEDCA, 0xEDCA, 0xEDCA,
    0xEDCA, 0xEE51, 0xF6D6, 0xF739, 0xEDCB, 0xF738, 0xEEB4, 0xF673, 0xEDCA, 0xEDCA, 0xEDCA, 0xEDCA,
    0xD529, 0xCE78, 0xEF5D, 0xEF7D, 0xEF7D, 0xEF7D, 0xEF7D, 0xEF7D, 0xEF7D, 0xEF7D, 0xEF7D, 0xEF7D,
    0xF79E, 0xF7BE, 0xE73C, 0xD6BA, 0xF79E, 0xF79E, 0xF79E, 0xF79E, 0xF79E, 0xF79E, 0xEF7D, 0xD6BA,
    0xEF7D, 0xF7BE, 0xF79E, 0xF79E, 0xF79E, 0xF79E, 0xF79E, 0xF7BE, 0xE71C, 0xDEDB, 0xF79E, 0xF79E,
    0xF79E, 0xF79E, 0xF79E, 0xF7BE, 0xEF7D, 0xD6BA, 0xF79E, 0xF7BE, 0xF7BE, 0xF7BE, 0xF7BE, 0xF7BE,
    0xFFDF, 0xFFDF, 0xFFDF, 0xFFDF, 0xFFDF, 0xF7BE, 0xD69A, 0xD6BA, 0xFFDF, 0xFFDF, 0xFFFF, 0xFFFF,
    0xFFFF, 0xFFFF, 0xFFDF, 0xFFDF, 0xF7BE, 0xF7BE, 0xF7BE, 0xF7BE, 0xE73C, 0xDEFB, 0xDEFB, 0xDEFB,
    0xDEFB, 0xDEFB, 0xDEFB, 0xDEFB, 0xDEFB, 0xDEFB, 0xEF7D, 0xEF7D, 0xEF7D, 0xEF7D, 0xEF7D, 0xEF7D,
    0xEF7D, 0xEF7D, 0xDEFB, 0xDEFB, 0xDEDB, 0xDEDB, 0xDEDB, 0xDEDB, 0xDEDB, 0xDEDB, 0xDEDB, 0xE73C,
    0xEF7D, 0xEF7D, 0xEF7D, 0xEF7D, 0xEF7D, 0xEF7D, 0xEF7D, 0xEF7D, 0xEF7D, 0xEF7D, 0xEF7D, 0xEF7D,
    0xEF5C, 0xAD33, 0xD529, 0xEDCA, 0xEDCA, 0xEDCA, 0xEDED, 0xF6D6, 0xF6B5, 0xEDAA, 0xF694, 0xF6D6,
    0xEE0F, 0xEDCA, 0xEDAA, 0xEDCA, 0xE58A, 0xA48E, 0xE71C, 0xEF5D, 0xEF7D, 0xEF7D, 0xEF7D, 0xEF7D,
    0xEF7D, 0xEF7D, 0xEF7D, 0xEF7D, 0xF79E, 0xF79E, 0xE73C, 0xDEDB, 0xF79E, 0xF79E, 0xF79E, 0xF79E,
    0xF79E, 0xF79E, 0xF79E, 0xF79E, 0xF79E, 0xD6BA, 0xEF5D, 0xF7BE, 0xF79E, 0xF79E, 0xF79E, 0xF7BE,
    0xE71C, 0xE71C, 0xF79E, 0xF79E, 0xF79E, 0xF79E, 0xF79E, 0xF79E, 0xF79E, 0xF7BE, 0xF79E, 0xD69A,
    0xF79E, 0xF7BE, 0xF7BE, 0xF7BE, 0xF7BE, 0xFFDF, 0xFFDF, 0xFFDF, 0xFFDF, 0xFFDF, 0xF7BE, 0xD69A,
    0xD6BA, 0xFFDF, 0xFFDF, 0xFFFF, 0xFFFF, 0xFFFF, 0xFFFF, 0xFFDF, 0xFFDF, 0xF7BE, 0xF7BE, 0xF7BE,
    0xDEDB, 0xEF5D, 0xF7BE, 0xF7BE, 0xF7BE, 0xF79E, 0xF79E, 0xF79E, 0xF79E, 0xF79E, 0xF79E, 0xF79E,
    0xEF7D, 0xEF7D, 0xEF7D, 0xEF7D, 0xEF7D, 0xF79E, 0xF79E, 0xF79E, 0xF79E, 0xF79E, 0xF79E, 0xF79E,
    0xF79E, 0xF79E, 0xF79E, 0xF79E, 0xE71C, 0xDEDB, 0xEF7D, 0xEF7D, 0xEF7D, 0xEF7D, 0xEF7D, 0xEF7D,
    0xEF7D, 0xEF7D, 0xEF7D, 0xEF7D, 0xEF7D, 0xEF5D, 0xD699, 0x9C4F, 0xCD0A, 0xEDCB, 0xEDCA, 0xEDAA,
    0xEDAA, 0xEDAA, 0xEDAA, 0xEDAA, 0xEDCA, 0xEDAA, 0xEDAA, 0xEDAA, 0xDD49, 0x9C2C, 0xCE38, 0xEF5C,
    0xEF5D, 0xEF7D, 0xEF7D, 0xEF7D, 0xEF7D, 0xEF7D, 0xEF7D, 0xEF7D, 0xEF7D, 0xF79E, 0xF79E, 0xD69A,
    0xF79E, 0xF79E, 0xF79E, 0xF79E, 0xF79E, 0xF79E, 0xF79E, 0xF79E, 0xF79E, 0xF79E, 0xF79E, 0xCE79,
    0xF7BE, 0xF79E, 0xF79E, 0xF79E, 0xEF7D, 0xD6BA, 0xF79E, 0xF79E, 0xF79E, 0xF79E, 0xF79E, 0xF79E,
    0xF79E, 0xF79E, 0xF79E, 0xF79E, 0xF79E, 0xD69A, 0xF7BE, 0xF7BE, 0xF7BE, 0xF7BE, 0xFFDF, 0xFFDF,
    0xFFDF, 0xFFDF, 0xFFDF, 0xF7BE, 0xD69A, 0xD6BA, 0xFFDF, 0xFFDF, 0xFFDF, 0xFFFF, 0xFFFF, 0xFFFF,
    0xFFDF, 0xFFDF, 0xF7BE, 0xF7BE, 0xDEDB, 0xF79E, 0xF7BE, 0xF7BE, 0xF79E, 0xF79E, 0xF79E, 0xF79E,
    0xF79E, 0xF79E, 0xF79E, 0xF79E, 0xF79E, 0xF79E, 0xEF7D, 0xEF7D, 0xEF7D, 0xEF7D, 0xEF7D, 0xEF7D,
    0xEF7D, 0xEF7D, 0xEF7D, 0xEF7D, 0xF79E, 0xF79E, 0xF79E, 0xF79E, 0xF79E, 0xF79E, 0xEF5D, 0xDEDB,
    0xEF7D, 0xEF7D, 0xEF7D, 0xEF7D, 0xEF7D, 0xEF7D, 0xEF7D, 0xEF7D, 0xEF7D, 0xEF7D, 0xEF7D, 0xEF3C,
    0xCE58, 0x9CB1, 0x93EB, 0xB448, 0xBC88, 0xBC88, 0xBC88, 0xBC88, 0xBC88, 0xBC88, 0xBC88, 0xB468,
    0xA40A, 0x944F, 0xC5F7, 0xE71B, 0xEF5D, 0xEF5D, 0xEF7D, 0xEF7D, 0xEF7D, 0xEF7D, 0xEF7D, 0xEF7D,
    0xEF7D, 0xEF7D, 0xF79E, 0xD6BA, 0xEF5D, 0xF79E, 0xF79E, 0xF79E, 0xF79E, 0xF79E, 0xF79E, 0xF79E,
    0xF79E, 0xF79E, 0xF79E, 0xF79E, 0xE73C, 0xDEFB, 0xF79E, 0xF79E, 0xF79E, 0xD69A, 0xEF7D, 0xEF7D,
    0xF79E, 0xF79E, 0xE71C, 0xF79E, 0xF79E, 0xF79E, 0xF79E, 0xF79E, 0xF79E, 0xF79E, 0xE71C, 0xEF5D,
    0xF7BE, 0xF7BE, 0xF7BE, 0xFFDF, 0xFFDF, 0xFFDF, 0xFFDF, 0xFFDF, 0xF7BE, 0xD69A, 0xDEFB, 0xFFDF,
    0xFFDF, 0xFFFF, 0xFFFF, 0xFFFF, 0xFFFF, 0xFFDF, 0xFFDF, 0xF7BE, 0xF79E, 0xDEFB, 0xF7BE, 0xF7BE,
    0xF79E, 0xF79E, 0xE71C, 0xA514, 0xC638, 0xEF7D, 0xF79E, 0xF79E, 0xF79E, 0xF79E, 0xEF7D, 0xEF7D,
    0xEF7D, 0xEF7D, 0xEF7D, 0xEF7D, 0xEF7D, 0xEF7D, 0xEF7D, 0xEF7D, 0xEF7D, 0xBDF7, 0xA534, 0xE71C,
    0xF79E, 0xF79E, 0xF79E, 0xF79E, 0xD69A, 0xEF7D, 0xEF7D, 0xEF7D, 0xEF7D, 0xEF7D, 0xEF7D, 0xEF7D,
    0xEF7D, 0xEF7D, 0xEF7D, 0xEF7D, 0xEF5D, 0xE73C, 0xD6B9, 0xBDD6, 0xAD54, 0xA513, 0xA513, 0xA4F3,
    0xA4F3, 0xA4F3, 0xA4F3, 0xA4F3, 0xAD33, 0xB595, 0xCE59, 0xE71C, 0xEF5D, 0xEF7D, 0xEF7D, 0xEF7D,
    0xEF7D, 0xEF7D, 0xEF7D, 0xEF7D, 0xEF7D, 0xEF7D, 0xEF7D, 0xF79E, 0xCE79, 0xEF7D, 0xEF7D, 0xEF7D,
    0xAD75, 0x94B2, 0x9CF3, 0xEF5D, 0xAD55, 0xE71C, 0x9CF3, 0xEF7D, 0xEF7D, 0xEF7D, 0xD69A, 0xF79E,
    0xF79E, 0xF79E, 0xCE79, 0xEF7D, 0xEF7D, 0xEF7D, 0xC638, 0x9CF3, 0xEF7D, 0xEF7D, 0xEF7D, 0xF79E,
    0xF79E, 0xF79E, 0xF79E, 0xF79E, 0xD6BA, 0xF7BE, 0xF7BE, 0xF7BE, 0xFFDF, 0xFFDF, 0xFFDF, 0xFFDF,
    0xFFDF, 0xF7BE, 0xD69A, 0xD6BA, 0xFFDF, 0xFFDF, 0xFFFF, 0xFFFF, 0xFFFF, 0xFFFF, 0xFFDF, 0xFFDF,
    0xF7BE, 0xE73C, 0xEF5D, 0xF7BE, 0xF79E, 0xE71C, 0xA514, 0x9CF3, 0xBDF7, 0xB5B6, 0xEF7D, 0xEF7D,
    0xF79E, 0xF79E, 0xEF7D, 0xEF7D, 0xEF7D, 0xEF7D, 0xEF7D, 0xEF7D, 0xEF7D, 0xEF7D, 0xEF7D, 0xEF7D,
    0xEF7D, 0xEF7D, 0xAD55, 0xC638, 0x9CD3, 0xA534, 0xE73C, 0xF79E, 0xF79E, 0xDEFB, 0xE71C, 0xEF7D,
    0xEF7D, 0xEF7D, 0xEF7D, 0xEF7D, 0xEF7D, 0xEF7D, 0xEF7D, 0xEF7D, 0xEF7D, 0xEF7D, 0xEF5D, 0xE73C,
    0xDEFB, 0xDEDB, 0xD6BA, 0xD6BA, 0xD6BA, 0xD6BA, 0xD6BA, 0xD6BA, 0xD6BA, 0xDEDA, 0xDEDB, 0xE71C,
    0xEF5D, 0xEF5D, 0xEF7D, 0xEF7D, 0xEF7D, 0xEF7D, 0xEF7D, 0xEF7D, 0xEF7D, 0xEF7D, 0xEF7D, 0xEF7D,
    0xEF7D, 0xC638, 0xEF7D, 0xEF7D, 0xCE59, 0xBDD7, 0xEF7D, 0xD69A, 0xAD75, 0x8430, 0x8430, 0xDEFB,
    0xEF7D, 0xEF7D, 0xEF7D, 0xCE79, 0xF79E, 0xF79E, 0xEF7D, 0xCE79, 0xEF7D, 0xEF7D, 0xEF7D, 0x73AE,
    0x8430, 0xA514, 0xA514, 0xA514, 0x8C51, 0xE73C, 0xF79E, 0xF79E, 0xF79E, 0xD69A, 0xF7BE, 0xF7BE,
    0xF7BE, 0xFFDF, 0xFFDF, 0xFFDF, 0xFFDF, 0xFFDF, 0xF7BE, 0xD69A, 0xD6BA, 0xFFDF, 0xFFDF, 0xFFFF,
    0xFFFF, 0xFFFF, 0xFFDF, 0xFFDF, 0xFFDF, 0xF7BE, 0xE71C, 0xEF5D, 0xF79E, 0xF79E, 0xD69A, 0x8410,
    0xBDF7, 0xCE79, 0xB5B6, 0xEF7D, 0xEF7D, 0xEF7D, 0xEF7D, 0xEF7D, 0xEF7D, 0xEF7D, 0xEF7D, 0xEF7D,
    0xEF7D, 0xEF7D, 0xEF7D, 0xEF5D, 0xEF5D, 0xEF5D, 0xEF7D, 0xA534, 0xD6BA, 0xBDD7, 0x7BEF, 0xD69A,
    0xEF7D, 0xEF7D, 0xDEFB, 0xDEFB, 0xEF7D, 0xEF7D, 0xEF7D, 0xEF7D, 0xEF7D, 0xEF7D, 0xEF7D, 0xEF7D,
    0xEF7D, 0xEF7D, 0xEF7D, 0xEF5D, 0xEF5D, 0xEF5D, 0xE73C, 0xE73C, 0xE73C, 0xE73C, 0xE73C, 0xE73C,
    0xE73C, 0xE73C, 0xE73C, 0xEF5D, 0xEF5D, 0xEF5D, 0xEF5D, 0xEF7D, 0xEF7D, 0xEF7D, 0xEF7D, 0xEF7D,
    0xEF7D, 0xEF7D, 0xEF7D, 0xEF7D, 0xEF7D, 0xF79E, 0xC638, 0xEF7D, 0xEF7D, 0xC618, 0xCE59, 0xF79E,
    0xDEFB, 0xA514, 0x8410, 0x8C51, 0xE73C, 0xEF7D, 0xEF7D, 0xEF7D, 0xCE59, 0xF79E, 0xF79E, 0xEF7D,
    0xCE59, 0xEF7D, 0xEF7D, 0xEF7D, 0xE71C, 0xA514, 0xEF7D, 0xEF7D, 0xF79E, 0xCE59, 0xC638, 0xF79E,
    0xF79E, 0xF79E, 0xCE79, 0xF7BE, 0xF7BE, 0xF7BE, 0xFFDF, 0xFFDF, 0xFFDF, 0xFFDF, 0xFFDF, 0xF7BE,
    0xD69A, 0xD6BA, 0xFFDF, 0xFFDF, 0xFFDF, 0xFFFF, 0xFFFF, 0xFFDF, 0xFFDF, 0xFFDF, 0xF7BE, 0xEF7D,
    0xDEDB, 0xF79E, 0xF79E, 0xF79E, 0xEF7D, 0xC638, 0x7BEF, 0xB5B6, 0xEF7D, 0xEF7D, 0xEF7D, 0xEF7D,
    0xEF7D, 0xEF7D, 0xEF7D, 0xEF7D, 0xEF7D, 0xEF7D, 0xEF5D, 0xEF5D, 0xEF5D, 0xEF5D, 0xEF5D, 0xEF5D,
    0xAD55, 0x8430, 0xC638, 0xEF5D, 0xEF7D, 0xEF5D, 0xEF7D, 0xCE59, 0xEF5D, 0xEF7D, 0xEF7D, 0xEF7D,
    0xEF7D, 0xEF7D, 0xEF7D, 0xEF7D, 0xEF7D, 0xEF7D, 0xEF7D, 0xEF5D, 0xEF5D, 0xEF5D, 0xEF5D, 0xEF5D,
    0xEF5D, 0xE73C, 0xE73C, 0xE73C, 0xE73C, 0xE73C, 0xE73C, 0xE73C, 0xEF5D, 0xEF5D, 0xEF5D, 0xEF5D,
    0xEF5D, 0xEF5D, 0xEF7D, 0xEF7D, 0xEF7D, 0xEF7D, 0xEF7D, 0xEF7D, 0xEF7D, 0xEF7D, 0xEF7D, 0xBDF7,
    0xEF7D, 0xEF7D, 0xEF5D, 0x8C71, 0xA514, 0x8430, 0xDEFB, 0x9492, 0xD69A, 0x94B2, 0xEF7D, 0xEF7D,
    0xEF7D, 0xC618, 0xEF7D, 0xEF7D, 0xEF7D, 0xC618, 0xEF7D, 0xEF7D, 0xEF5D, 0xAD75, 0xAD55, 0xAD55,
    0xAD55, 0xAD55, 0x8430, 0xE71C, 0xF79E, 0xF79E, 0xF79E, 0xCE59, 0xF7BE, 0xF7BE, 0xF7BE, 0xFFDF,
    0xFFDF, 0xFFDF, 0xFFDF, 0xFFDF, 0xF7BE, 0xD69A, 0xD6BA, 0xFFDF, 0xFFDF, 0xFFDF, 0xFFFF, 0xFFFF,
    0xFFDF, 0xFFDF, 0xFFDF, 0xF7BE, 0xF7BE, 0xC638, 0xEF7D, 0xF79E, 0xF79E, 0xF79E, 0xEF7D, 0xEF7D,
    0xEF5D, 0xEF7D, 0xEF7D, 0xEF7D, 0xEF7D, 0xEF7D, 0xEF7D, 0xEF7D, 0xEF7D, 0xEF7D, 0xEF7D, 0xEF7D,
    0xEF5D, 0xEF5D, 0xEF5D, 0xEF5D, 0xEF5D, 0xEF5D, 0xEF5D, 0xEF5D, 0xEF5D, 0xEF7D, 0xEF5D, 0xE73C,
    0xBDD7, 0xEF5D, 0xEF7D, 0xEF7D, 0xEF7D, 0xEF7D, 0xEF7D, 0xEF7D, 0xEF7D, 0xEF7D, 0xEF5D, 0xEF5D,
    0xEF5D, 0xEF5D, 0xE73C, 0xC618, 0x9CD3, 0x8C71, 0x8C51, 0x8C51, 0x8C51, 0x8C51, 0x8C51, 0x8C51,
    0x9492, 0xB596, 0xDEFB, 0xEF5D, 0xEF5D, 0xEF5D, 0xEF5D, 0xEF7D, 0xEF7D, 0xEF7D, 0xEF7D, 0xEF7D,
    0xEF7D, 0xEF7D, 0xEF7D, 0xEF7D, 0xBDD7, 0xE73C, 0xEF7D, 0xEF7D, 0xEF5D, 0xE71C, 0xEF5D, 0xEF7D,
    0xEF5D, 0xEF7D, 0xE73C, 0xEF7D, 0xEF7D, 0xE73C, 0xC618, 0xEF7D, 0xEF7D, 0xEF7D, 0xBDD7, 0xEF5D,
    0xEF7D, 0xEF7D, 0xE71C, 0xDEFB, 0xE71C, 0xE71C, 0xE71C, 0xEF5D, 0xEF7D, 0xEF7D, 0xF79E, 0xE71C,
    0xD69A, 0xF79E, 0xF7BE, 0xF7BE, 0xFFDF, 0xFFDF, 0xFFDF, 0xFFDF, 0xFFDF, 0xF7BE, 0xD69A, 0xD6BB,
    0xFFDF, 0xFFDF, 0xFFDF, 0xFFDF, 0xFFDF, 0xFFDF, 0xFFDF, 0xFFDF, 0xF7BE, 0xF7BE, 0xDEFB, 0xBDD7,
    0xEF5D, 0xEF7D, 0xEF7D, 0xEF7D, 0xEF7D, 0xEF5D, 0xEF5D, 0xEF5D, 0xEF7D, 0xEF7D, 0xEF5D, 0xEF7D,
    0xEF7D, 0xEF7D, 0xEF7D, 0xEF7D, 0xEF7D, 0xEF5D, 0xEF5D, 0xEF5D, 0xEF5D, 0xEF5D, 0xEF5D, 0xEF5D,
    0xEF5D, 0xEF5D, 0xEF5D, 0xE71C, 0xAD55, 0xDEDB, 0xEF5D, 0xEF7D, 0xEF7D, 0xEF7D, 0xEF7D, 0xEF7D,
    0xEF7D, 0xEF7D, 0xEF7D, 0xEF5D, 0xEF5D, 0xEF5D, 0xD69A, 0x6B4D, 0x31A6, 0x39C7, 0x39C7, 0x39C7,
    0x31A6, 0x31A6, 0x31A6, 0x39C7, 0x31A6, 0x39C7, 0x31A6, 0x4A69, 0xBDD7, 0xEF5D, 0xEF5D, 0xEF5D,
    0xEF7D, 0xEF7D, 0xEF7D, 0xEF7D, 0xEF7D, 0xEF7D, 0xEF7D, 0xEF7D, 0xEF7D, 0xD69A, 0xC618, 0xEF5D,
    0xEF5D, 0xEF5D, 0xEF5D, 0xEF5D, 0xEF5D, 0xEF5D, 0xEF5D, 0xEF5D, 0xEF7D, 0xEF7D, 0xBDD7, 0xDEDB,
    0xEF7D, 0xEF7D, 0xEF7D, 0xC638, 0xD69A, 0xEF7D, 0xEF7D, 0xEF7D, 0xEF7D, 0xEF7D, 0xEF7D, 0xEF7D,
    0xEF7D, 0xEF7D, 0xEF7D, 0xEF7D, 0xBDD7, 0xE73C, 0xF79E, 0xF7BE, 0xF7BE, 0xFFDF, 0xFFDF, 0xFFDF,
    0xFFDF, 0xFFDF, 0xF7BE, 0xD69A, 0xD6BA, 0xFFDF, 0xFFDF, 0xFFDF, 0xFFDF, 0xFFDF, 0xFFDF, 0xFFDF,
    0xFFDF, 0xF7BE, 0xF7BE, 0xEF7D, 0xCE79, 0xAD55, 0xB5B6, 0xBDF7, 0xBDF7, 0xBDF7, 0xBDF7, 0xBDD7,
    0xBDD7, 0xBDF7, 0xDEFB, 0xEF7D, 0xEF7D, 0xEF7D, 0xEF7D, 0xEF7D, 0xEF7D, 0xEF7D, 0xEF7D, 0xD6BA,
    0xBDF7, 0xBDD7, 0xBDD7, 0xBDD7, 0xBDF7, 0xBDF7, 0xBDD7, 0xAD75, 0xA514, 0xCE59, 0xE73C, 0xEF5D,
    0xEF7D, 0xEF7D, 0xEF7D, 0xEF7D, 0xEF7D, 0xEF7D, 0xEF5D, 0xEF7D, 0xEF5D, 0xEF5D, 0xD6BA, 0x528A,
    0x31A6, 0x31A6, 0x31A6, 0x31A6, 0x31A6, 0x31A6, 0x632C, 0x31A6, 0x31A6, 0x31A6, 0x31A6, 0x31A6,
    0x31A6, 0x39C7, 0xBDD7, 0xEF5D, 0xEF5D, 0xEF5D, 0xEF7D, 0xEF7D, 0xEF7D, 0xEF7D, 0xEF7D, 0xEF7D,
    0xEF7D, 0xEF7D, 0xE73C, 0xA534, 0xD6BA, 0xEF5D, 0xEF5D, 0xEF5D, 0xEF5D, 0xEF5D, 0xEF5D, 0xEF5D,
    0xEF5D, 0xEF7D, 0xCE79, 0xAD75, 0xE73C, 0xEF7D, 0xEF7D, 0xEF7D, 0xE71C, 0xA514, 0xDEFB, 0xEF5D,
    0xEF5D, 0xEF7D, 0xEF5D, 0xEF7D, 0xEF7D, 0xEF7D, 0xEF7D, 0xEF7D, 0xCE59, 0xC618, 0xEF7D, 0xF79E,
    0xF7BE, 0xF7BE, 0xFFDF, 0xFFDF, 0xFFDF, 0xFFDF, 0xFFDF, 0xF7BE, 0xD69A, 0xD6BA, 0xFFDF, 0xFFDF,
    0xFFDF, 0xFFDF, 0xFFDF, 0xFFDF, 0xFFDF, 0xFFDF, 0xF7BE, 0xF7BE, 0xF79E, 0xEF5D, 0xDEDB, 0xC638,
    0xB5B6, 0xB596, 0xB596, 0xB596, 0xB596, 0xB596, 0xB596, 0xCE59, 0xEF7D, 0xEF7D, 0xEF7D, 0xEF7D,
    0xEF7D, 0xEF7D, 0xEF7D, 0xEF7D, 0xC618, 0xAD75, 0xAD75, 0xAD75, 0xB596, 0xB596, 0xB596, 0xB596,
    0xC618, 0xD69A, 0xE73C, 0xEF5D, 0xEF7D, 0xEF7D, 0xEF7D, 0xEF7D, 0xEF7D, 0xEF7D, 0xEF7D, 0xEF5D,
    0xEF5D, 0xEF5D, 0xE73C, 0x8410, 0x31A6, 0x31A6, 0x31A6, 0x31A6, 0x31A6, 0x31A6, 0x4A69, 0xC638,
    0x4A69, 0x39C7, 0x31A6, 0x31A6, 0x31A6, 0x31A6, 0x31A6, 0x4A49, 0xDEFB, 0xEF5D, 0xEF5D, 0xEF5D,
    0xEF7D, 0xEF7D, 0xEF7D, 0xEF7D, 0xEF7D, 0xEF7D, 0xEF7D, 0xEF7D, 0xD69A, 0x9CD3, 0xCE59, 0xEF5D,
    0xEF5D, 0xEF5D, 0xEF5D, 0xEF5D, 0xEF5D, 0xEF5D, 0xC638, 0x9CF3, 0xDEDB, 0xEF5D, 0xEF5D, 0xEF7D,
    0xEF7D, 0xEF5D, 0xCE79, 0x9CD3, 0xD69A, 0xEF5D, 0xEF5D, 0xEF5D, 0xEF5D, 0xEF7D, 0xEF7D, 0xEF5D,
    0xBDF7, 0xAD55, 0xE71C, 0xF79E, 0xF79E, 0xF7BE, 0xF7BE, 0xFFDF, 0xFFDF, 0xFFDF, 0xFFDF, 0xFFDF,
    0xF7BE, 0xD69A, 0xD6BA, 0xFFDF, 0xFFDF, 0xFFDF, 0xFFDF, 0xFFDF, 0xFFDF, 0xFFDF, 0xFFDF, 0xF7BE,
    0xF7BE, 0xF79E, 0xF79E, 0xEF7D, 0xE73C, 0xE71C, 0xDEFB, 0xDEFB, 0xDEFB, 0xDEFB, 0xDEFB, 0xDEFB,
    0xCE59, 0xEF7D, 0xEF7D, 0xEF7D, 0xEF7D, 0xEF7D, 0xEF7D, 0xEF7D, 0xEF7D, 0xCE59, 0xDEFB, 0xDEFB,
    0xDEFB, 0xDEFB, 0xDEFB, 0xDEFB, 0xDEFB, 0xE71C, 0xE73C, 0xEF5D, 0xEF5D, 0xEF5D, 0xEF7D, 0xEF7D,
    0xEF7D, 0xEF7D, 0xEF7D, 0xEF7D, 0xEF5D, 0xEF5D, 0xEF5D, 0xDEDB, 0x39C7, 0x31A6, 0x31A6, 0x31A6,
    0x31A6, 0x31A6, 0xB5B6, 0x94B2, 0xC638, 0x8430, 0xBDF7, 0x39C7, 0x31A6, 0x31A6, 0x31A6, 0x31A6,
    0x31A6, 0xB5B6, 0xEF5D, 0xEF5D, 0xEF5D, 0xEF7D, 0xEF7D, 0xEF7D, 0xEF7D, 0xEF7D, 0xEF7D, 0xEF7D,
    0xEF7D, 0xE73C, 0xCE79, 0x9CF3, 0x9CF3, 0xC638, 0xDEDB, 0xDEFB, 0xDEDB, 0xC618, 0x9CD3, 0xA514,
    0xD69A, 0xEF5D, 0xEF7D, 0xEF7D, 0xEF7D, 0xEF7D, 0xEF7D, 0xE73C, 0xCE59, 0x9CD3, 0xA514, 0xCE59,
    0xDEDB, 0xDEFB, 0xDEDB, 0xBDF7, 0x9CD3, 0xB596, 0xDEDB, 0xEF7D, 0xF79E, 0xF79E, 0xF7BE, 0xF7BE,
    0xFFDF, 0xFFDF, 0xFFDF, 0xFFDF, 0xFFDF, 0xF7BE, 0xD69A, 0xD6BA, 0xFFDF, 0xFFDF, 0xFFDF, 0xFFDF,
    0xFFDF, 0xFFDF, 0xFFDF, 0xFFDF, 0xF7BE, 0xF7BE, 0xF79E, 0xF79E, 0xEF7D, 0xEF7D, 0xEF7D, 0xEF7D,
    0xEF7D, 0xEF7D, 0xEF7D, 0xEF7D, 0xEF7D, 0xCE79, 0xEF7D, 0xEF7D, 0xEF7D, 0xEF7D, 0xEF7D, 0xEF7D,
    0xEF7D, 0xEF7D, 0xCE79, 0xEF5D, 0xEF5D, 0xEF5D, 0xEF5D, 0xEF5D, 0xEF5D, 0xEF5D, 0xEF7D, 0xEF7D,
    0xEF7D, 0xEF7D, 0xEF7D, 0xEF7D, 0xEF7D, 0xEF7D, 0xEF7D, 0xEF7D, 0xEF7D, 0xEF5D, 0xEF5D, 0xEF5D,
    0xCE59, 0x3186, 0x31A6, 0x31A6, 0x31A6, 0x31A6, 0x6B4D, 0xBDD7, 0x3186, 0xC618, 0x39C7, 0xAD75,
    0x7BCF, 0x31A6, 0x31A6, 0x31A6, 0x31A6, 0x31A6, 0x9CF3, 0xEF5D, 0xEF5D, 0xEF5D, 0xEF7D, 0xEF7D,
    0xEF7D, 0xEF7D, 0xEF7D, 0xEF7D, 0xEF7D, 0xEF7D, 0xEF5D, 0xE73C, 0xD6BA, 0xBDF7, 0xA514, 0x94B2,
    0x9492, 0x94B2, 0xA534, 0xBDF7, 0xD6BA, 0xE73C, 0xEF5D, 0xEF7D, 0xEF7D, 0xEF7D, 0xEF7D, 0xEF7D,
    0xEF5D, 0xE73C, 0xD69A, 0xBDD7, 0xA514, 0x94B2, 0x9492, 0x9CD3, 0xAD75, 0xCE59, 0xDEFB, 0xEF7D,
    0xF79E, 0xF79E, 0xF79E, 0xF7BE, 0xF7BE, 0xFFDF, 0xFFDF, 0xFFDF, 0xFFDF, 0xFFDF, 0xF7BE, 0xD69A,
    0xD6BA, 0xF7BE, 0xFFDF, 0xFFDF, 0xFFDF, 0xFFDF, 0xFFDF, 0xFFDF, 0xFFDF, 0xF7BE, 0xF7BE, 0xF79E,
    0xF79E, 0xF79E, 0xEF7D, 0xEF7D, 0xEF7D, 0xEF7D, 0xEF7D, 0xEF7D, 0xEF7D, 0xEF7D, 0xCE79, 0xEF7D,
    0xEF5D, 0xA514, 0x9CF3, 0xA514, 0xAD55, 0xEF5D, 0xEF7D, 0xD69A, 0xEF7D, 0xEF7D, 0xEF7D, 0xEF7D,
    0xEF7D, 0xEF7D, 0xEF7D, 0xEF7D, 0xEF7D, 0xEF7D, 0xEF7D, 0xEF7D, 0xEF7D, 0xEF7D, 0xEF7D, 0xEF7D,
    0xEF7D, 0xEF7D, 0xEF5D, 0xEF5D, 0xEF5D, 0xCE59, 0x2965, 0x31A6, 0x31A6, 0x31A6, 0x31A6, 0x7BEF,
    0xAD55, 0x3186, 0x632C, 0x31A6, 0x9CD3, 0x8C71, 0x31A6, 0x31A6, 0x31A6, 0x31A6, 0x3186, 0x9CF3,
    0xEF5D, 0xEF5D, 0xEF5D, 0xEF7D, 0xEF7D, 0xEF7D, 0xEF7D, 0xEF7D, 0xEF7D, 0xEF7D, 0xEF7D, 0xEF7D,
    0xEF5D, 0xEF5D, 0xE71C, 0xD6BA, 0xD69A, 0xCE79, 0xD69A, 0xDEDB, 0xE71C, 0xEF5D, 0xEF5D, 0xEF7D,
    0xEF7D, 0xEF7D, 0xEF7D, 0xEF7D, 0xEF7D, 0xEF7D, 0xEF5D, 0xE73C, 0xDEFB, 0xD6BA, 0xD69A, 0xD69A,
    0xD6BA, 0xDEFB, 0xE73C, 0xEF7D, 0xF79E, 0xF79E, 0xF79E, 0xF79E, 0xF7BE, 0xF7BE, 0xF7BE, 0xFFDF,
    0xFFDF, 0xFFDF, 0xFFDF, 0xF7BE, 0xD69A, 0xDEBA, 0xF7BE, 0xFFDF, 0xFFDF, 0xFFDF, 0xFFDF, 0xFFDF,
    0xFFDF, 0xFFDF, 0xF7BE, 0xF7BE, 0xF79E, 0xF79E, 0xF79E, 0xEF7D, 0xEF7D, 0xEF7D, 0xEF7D, 0xEF7D,
    0xEF7D, 0xEF7D, 0xF79E, 0xCE79, 0xEF7D, 0xEF7D, 0x9492, 0xDEDB, 0xD69A, 0x94B2, 0xEF7D, 0xEF7D,
    0xD69A, 0xEF7D, 0xEF7D, 0xEF7D, 0xEF7D, 0xEF7D, 0xEF7D, 0xEF7D, 0xEF7D, 0xEF7D, 0xEF7D, 0xEF7D,
    0xEF7D, 0xEF7D, 0xEF7D, 0xEF7D, 0xEF7D, 0xEF7D, 0xEF7D, 0xEF7D, 0xEF5D, 0xEF5D, 0xD6BA, 0x39C7,
    0x3186, 0x3186, 0x3186, 0x31A6, 0x4208, 0xCE59, 0x528A, 0x3186, 0x4228, 0xCE59, 0x52AA, 0x3186,
    0x3186, 0x3186, 0x3186, 0x3186, 0xB5B6, 0xEF5D, 0xEF5D, 0xEF7D, 0xEF7D, 0xEF7D, 0xEF7D, 0xEF7D,
    0xEF7D, 0xEF7D, 0xEF7D, 0xEF7D, 0xEF7D, 0xEF7D, 0xEF7D, 0xEF5D, 0xEF5D, 0xE73C, 0xE73C, 0xE73C,
    0xEF5D, 0xEF7D, 0xEF7D, 0xEF7D, 0xEF7D, 0xEF7D, 0xEF7D, 0xEF7D, 0xEF7D, 0xEF7D, 0xEF7D, 0xEF7D,
    0xEF7D, 0xEF5D, 0xEF5D, 0xE73C, 0xE73C, 0xEF5D, 0xEF5D, 0xEF7D, 0xEF7D, 0xF79E, 0xF79E, 0xF79E,
    0xF79E, 0xF7BE, 0xF7BE, 0xF7BE, 0xFFDF, 0xFFDF, 0xFFDF, 0xFFDF, 0xF7BE, 0xD69A, 0xD6BA, 0xF7BE,
    0xFFDF, 0xFFDF, 0xFFDF, 0xFFDF, 0xFFDF, 0xFFDF, 0xFFDF, 0xF7BE, 0xF7BE, 0xF79E, 0xF79E, 0xF79E,
    0xEF7D, 0xEF7D, 0xEF7D, 0xEF7D, 0xEF7D, 0xEF7D, 0xEF7D, 0xEF7D, 0xCE79, 0xEF7D, 0xEF7D, 0xD69A,
    0xAD55, 0x9CD3, 0xDEFB, 0xEF7D, 0xEF7D, 0xCE79, 0xEF7D, 0xEF7D, 0xEF7D, 0xEF7D, 0xEF7D, 0xEF7D,
    0xEF7D, 0xEF7D, 0xEF7D, 0xEF7D, 0xEF7D, 0xEF7D, 0xEF7D, 0xEF7D, 0xEF7D, 0xEF7D, 0xEF7D, 0xEF7D,
    0xEF7D, 0xEF5D, 0xEF5D, 0xE71C, 0x73AE, 0x3186, 0x3186, 0x3186, 0x3186, 0x3186, 0x6B6D, 0xC618,
    0xC618, 0xC618, 0x7BEF, 0x3186, 0x3186, 0x3186, 0x3186, 0x3186, 0x4228, 0xD6BA, 0xEF5D, 0xEF5D,
    0xEF7D, 0xEF7D, 0xEF7D, 0xEF7D, 0xEF7D, 0xEF7D, 0xEF7D, 0xEF7D, 0xEF7D, 0xEF7D, 0xEF7D, 0xEF7D,
    0xEF7D, 0xEF7D, 0xEF5D, 0xEF7D, 0xEF5D, 0xEF7D, 0xEF7D, 0xEF7D, 0xEF7D, 0xEF7D, 0xEF7D, 0xEF7D,
    0xEF7D, 0xEF7D, 0xEF7D, 0xEF7D, 0xEF7D, 0xEF7D, 0xEF7D, 0xEF7D, 0xEF7D, 0xEF7D, 0xEF7D, 0xEF7D,
    0xEF7D, 0xEF7D, 0xF79E, 0xF79E, 0xF79E, 0xF79E, 0xF7BE, 0xF7BE, 0xF7BE, 0xFFDF, 0xFFDF, 0xFFDF,
    0xFFDF, 0xF7BE, 0xD69A, 0xD6BA, 0xF7BE, 0xFFDF, 0xFFDF, 0xFFDF, 0xFFDF, 0xFFDF, 0xFFDF, 0xFFDF,
    0xF7BE, 0xF7BE, 0xF79E, 0xF79E, 0xF79E, 0xEF7D, 0xEF7D, 0xEF7D, 0xEF7D, 0xEF7D, 0xEF7D, 0xEF7D,
    0xEF7D, 0xCE59, 0xEF7D, 0xEF7D, 0xEF7D, 0x8C71, 0xA514, 0xEF7D, 0xEF7D, 0xEF7D, 0xCE59, 0xEF7D,
    0xEF7D, 0xEF7D, 0xEF7D, 0xEF7D, 0xEF7D, 0xEF7D, 0xEF7D, 0xEF7D, 0xEF7D, 0xEF7D, 0xEF7D, 0xEF7D,
    0xEF7D, 0xEF7D, 0xEF7D, 0xEF7D, 0xEF7D, 0xEF7D, 0xEF5D, 0xEF5D, 0xEF5D, 0xBDD7, 0x4208, 0x3186,
    0x3186, 0x3186, 0x3186, 0x3186, 0x3186, 0x31A6, 0x3186, 0x3186, 0x3186, 0x3186, 0x3186, 0x3186,
    0x2965, 0xA514, 0xE73C, 0xEF5D, 0xEF5D, 0xEF5D, 0xEF7D, 0xEF7D, 0xEF7D, 0xEF7D, 0xEF7D, 0xEF7D,
    0xEF7D, 0xEF7D, 0xEF7D, 0xEF7D, 0xEF7D, 0xEF7D, 0xEF7D, 0xEF7D, 0xEF7D, 0xEF7D, 0xEF7D, 0xEF7D,
    0xEF7D, 0xEF7D, 0xEF7D, 0xEF7D, 0xEF7D, 0xEF7D, 0xEF7D, 0xEF7D, 0xEF7D, 0xEF7D, 0xEF7D, 0xEF7D,
    0xEF7D, 0xEF7D, 0xEF7D, 0xEF7D, 0xEF7D, 0xEF7D, 0xEF7D, 0xF79E, 0xF79E, 0xF79E, 0xF79E, 0xF7BE,
    0xF7BE, 0xFFDF, 0xFFDF, 0xFFDF, 0xFFDF, 0xFFDF, 0xF7BE, 0xD69A, 0xD6BA, 0xF7BE, 0xFFDF, 0xFFDF,
    0xFFDF, 0xFFDF, 0xFFDF, 0xFFDF, 0xFFDF, 0xF7BE, 0xF7BE, 0xF79E, 0xF79E, 0xF79E, 0xEF7D, 0xEF7D,
    0xEF7D, 0xEF7D, 0xEF7D, 0xEF7D, 0xEF7D, 0xEF7D, 0xC618, 0xEF5D, 0xEF5D, 0xEF7D, 0xDEFB, 0xE71C,
    0xEF5D, 0xEF5D, 0xEF5D, 0xC618, 0xEF7D, 0xEF7D, 0xEF7D, 0xEF7D, 0xEF7D, 0xEF7D, 0xEF7D, 0xEF7D,
    0xEF7D, 0xEF7D, 0xEF7D, 0xEF7D, 0xEF7D, 0xEF7D, 0xEF7D, 0xEF7D, 0xEF7D, 0xEF7D, 0xEF7D, 0xEF5D,
    0xEF5D, 0xEF5D, 0xDEFB, 0xA534, 0x528A, 0x2945, 0x2965, 0x3186, 0x3186, 0x3186, 0x3186, 0x3186,
    0x3186, 0x3186, 0x3186, 0x2965, 0x39E7, 0x9492, 0xD6BA, 0xEF5D, 0xEF5D, 0xEF5D, 0xEF7D, 0xEF7D,
    0xEF7D, 0xEF7D, 0xEF7D, 0xEF7D, 0xEF7D, 0xEF7D, 0xEF7D, 0xEF7D, 0xEF7D, 0xEF7D, 0xEF7D, 0xEF7D,
    0xEF7D, 0xEF7D, 0xEF7D, 0xEF7D, 0xEF7D, 0xEF7D, 0xEF7D, 0xEF7D, 0xEF7D, 0xEF7D, 0xEF7D, 0xEF7D,
    0xEF7D, 0xEF7D, 0xEF7D, 0xEF7D, 0xEF7D, 0xEF7D, 0xEF7D, 0xEF7D, 0xEF7D, 0xEF7D, 0xEF7D, 0xEF7D,
    0xF79E, 0xF79E, 0xF79E, 0xF79E, 0xF7BE, 0xF7BE, 0xF7BE, 0xFFDF, 0xFFDF, 0xFFDF, 0xFFDF, 0xF7BE,
    0xD69A, 0xD69A, 0xF7BE, 0xFFDF, 0xFFDF, 0xFFDF, 0xFFDF, 0xFFDF, 0xFFDF, 0xFFDF, 0xF7BE, 0xF7BE,
    0xF79E, 0xF79E, 0xEF7D, 0xEF7D, 0xEF7D, 0xEF7D, 0xEF7D, 0xEF7D, 0xEF7D, 0xEF7D, 0xEF7D, 0xBDF7,
    0xDEFB, 0xEF5D, 0xEF5D, 0xEF5D, 0xEF5D, 0xEF5D, 0xEF5D, 0xD6BA, 0xC638, 0xEF7D, 0xEF7D, 0xEF7D,
    0xEF7D, 0xEF7D, 0xEF7D, 0xEF7D, 0xEF7D, 0xEF7D, 0xEF7D, 0xEF7D, 0xEF7D, 0xEF7D, 0xEF7D, 0xEF7D,
    0xEF7D, 0xEF7D, 0xEF7D, 0xEF7D, 0xEF7D, 0xEF5D, 0xEF5D, 0xEF5D, 0xDEDB, 0xB5B6, 0x8C51, 0x6B4D,
    0x5AEB, 0x5AEB, 0x5AEB, 0x5AEB, 0x5AEB, 0x5AEB, 0x5AEB, 0x632C, 0x7BEF, 0xAD55, 0xD69A, 0xE73C,
    0xEF5D, 0xEF5D, 0xEF7D, 0xEF7D, 0xEF7D, 0xEF7D, 0xEF7D, 0xEF7D, 0xEF7D, 0xEF7D, 0xEF7D, 0xEF7D,
    0xEF7D, 0xEF7D, 0xEF7D, 0xEF7D, 0xEF7D, 0xEF7D, 0xEF7D, 0xEF7D, 0xEF7D, 0xEF7D, 0xEF7D, 0xEF7D,
    0xEF7D, 0xEF7D, 0xEF7D, 0xEF7D, 0xEF7D, 0xEF7D, 0xEF7D, 0xEF7D, 0xEF7D, 0xEF7D, 0xEF7D, 0xEF7D,
    0xEF7D, 0xEF7D, 0xEF7D, 0xEF7D, 0xEF7D, 0xF79E, 0xF79E, 0xF79E, 0xF79E, 0xF7BE, 0xF7BE, 0xF7BE,
    0xFFDF, 0xFFDF, 0xFFDF, 0xFFDF, 0xF7BE, 0xD69A, 0xD6BA, 0xF7BE, 0xFFDF, 0xFFDF, 0xFFDF, 0xFFDF,
    0xFFDF, 0xFFDF, 0xFFDF, 0xF7BE, 0xF7BE, 0xF79E, 0xF79E, 0xF79E, 0xEF7D, 0xEF7D, 0xEF7D, 0xEF7D,
    0xEF7D, 0xEF7D, 0xEF7D, 0xEF7D, 0xDEFB, 0xA534, 0xDEDB, 0xEF5D, 0xEF5D, 0xEF5D, 0xEF5D, 0xD6BA,
    0xAD75, 0xE73C, 0xEF7D, 0xEF7D, 0xEF7D, 0xEF7D, 0xEF7D, 0xEF7D, 0xEF7D, 0xEF7D, 0xEF7D, 0xEF7D,
    0xEF7D, 0xEF7D, 0xEF7D, 0xEF7D, 0xEF7D, 0xEF7D, 0xEF7D, 0xEF7D, 0xEF7D, 0xEF7D, 0xEF7D, 0xEF5D,
    0xEF5D, 0xEF5D, 0xDEFB, 0xD69A, 0xC618, 0xBDF7, 0xBDF7, 0xBDF7, 0xBDF7, 0xBDF7, 0xBDF7, 0xBDF7,
    0xC618, 0xCE79, 0xDEDB, 0xE73C, 0xEF5D, 0xEF5D, 0xEF7D, 0xEF7D, 0xEF7D, 0xEF7D, 0xEF7D, 0xEF7D,
    0xEF7D, 0xEF7D, 0xEF7D, 0xEF7D, 0xEF7D, 0xEF7D, 0xEF7D, 0xEF7D, 0xEF7D, 0xEF7D, 0xEF7D, 0xEF7D,
    0xEF7D, 0xEF7D, 0xEF7D, 0xEF7D, 0xEF7D, 0xEF7D, 0xEF7D, 0xEF7D, 0xEF7D, 0xEF7D, 0xEF7D, 0xEF7D,
    0xEF7D, 0xEF7D, 0xEF7D, 0xEF7D, 0xEF7D, 0xEF7D, 0xEF7D, 0xEF7D, 0xEF7D, 0xEF7D, 0xF79E, 0xF79E,
    0xF79E, 0xF79E, 0xF7BE, 0xF7BE, 0xF7BE, 0xFFDF, 0xFFDF, 0xFFDF, 0xFFDF, 0xF7BE, 0xD69A, 0xD6BB,
    0xF7BE, 0xFFDF, 0xFFDF, 0xFFDF, 0xFFDF, 0xFFDF, 0xFFDF, 0xFFDF, 0xF7BE, 0xF7BE, 0xF79E, 0xF79E,
    0xF79E, 0xF79E, 0xEF7D, 0xEF7D, 0xEF7D, 0xEF7D, 0xEF7D, 0xEF7D, 0xEF7D, 0xEF5D, 0xCE79, 0xA514,
    0xAD55, 0xBDD7, 0xBDF7, 0xA534, 0xAD55, 0xDEDB, 0xEF5D, 0xEF7D, 0xEF7D, 0xEF7D, 0xEF7D, 0xEF7D,
    0xEF7D, 0xEF7D, 0xEF7D, 0xEF7D, 0xEF7D, 0xEF7D, 0xEF7D, 0xEF7D, 0xEF7D, 0xEF7D, 0xEF7D, 0xEF7D,
    0xEF7D, 0xEF7D, 0xEF7D, 0xEF7D, 0xEF7D, 0xEF7D, 0xEF5D, 0xEF5D, 0xE73C, 0xE71C, 0xE71C, 0xE71C,
    0xE71C, 0xE71C, 0xE71C, 0xE71C, 0xE71C, 0xE71C, 0xE73C, 0xEF5D, 0xEF5D, 0xEF7D, 0xEF7D, 0xEF7D,
    0xEF7D, 0xEF7D, 0xEF7D, 0xEF7D, 0xEF7D, 0xEF7D, 0xEF7D, 0xEF7D, 0xEF7D, 0xEF7D, 0xEF7D, 0xEF7D,
    0xEF7D, 0xEF7D, 0xEF7D, 0xEF7D, 0xEF7D, 0xEF7D, 0xEF7D, 0xEF7D, 0xEF7D, 0xEF7D, 0xEF7D, 0xEF7D,
    0xEF7D, 0xEF7D, 0xEF7D, 0xEF7D, 0xEF7D, 0xEF7D, 0xEF7D, 0xEF7D, 0xEF7D, 0xEF7D, 0xEF7D, 0xEF7D,
    0xEF7D, 0xEF7D, 0xEF7D, 0xF79E, 0xF79E, 0xF79E, 0xF79E, 0xF7BE, 0xF7BE, 0xF7BE, 0xFFDF, 0xFFDF,
    0xFFDF, 0xFFDF, 0xF7BE, 0xD69A, 0xD6DB, 0xF7BE, 0xFFDF, 0xFFDF, 0xFFDF, 0xFFDF, 0xFFDF, 0xFFDF,
    0xFFDF, 0xF7BE, 0xF7BE, 0xF79E, 0xF79E, 0xF79E, 0xF79E, 0xEF7D, 0xEF7D, 0xEF7D, 0xEF7D, 0xEF7D,
    0xEF7D, 0xEF7D, 0xEF7D, 0xE73C, 0xD6BA, 0xC618, 0xB5B6, 0xB5B6, 0xC638, 0xDEDB, 0xE73C, 0xEF5D,
    0xEF7D, 0xEF7D, 0xEF7D, 0xEF7D, 0xEF7D, 0xEF7D, 0xEF7D, 0xEF7D, 0xEF7D, 0xEF7D, 0xEF7D, 0xEF7D,
    0xEF7D, 0xEF7D, 0xEF7D, 0xEF7D, 0xEF7D, 0xEF7D, 0xEF7D, 0xEF7D, 0xEF7D, 0xEF7D, 0xEF7D, 0xEF7D,
    0xEF7D, 0xEF5D, 0xEF5D, 0xEF5D, 0xEF5D, 0xEF5D, 0xEF5D, 0xEF5D, 0xEF5D, 0xEF5D, 0xEF5D, 0xEF5D,
    0xEF7D, 0xEF7D, 0xEF7D, 0xEF7D, 0xEF7D, 0xEF7D, 0xEF7D, 0xEF7D, 0xEF7D, 0xEF7D, 0xEF7D, 0xEF7D,
    0xEF7D, 0xEF7D, 0xEF7D, 0xEF7D, 0xEF7D, 0xEF7D, 0xEF7D, 0xEF7D, 0xEF7D, 0xEF7D, 0xEF7D, 0xEF7D,
    0xEF7D, 0xEF7D, 0xEF7D, 0xEF7D, 0xEF7D, 0xEF7D, 0xEF7D, 0xEF7D, 0xEF7D, 0xEF7D, 0xEF7D, 0xEF7D,
    0xEF7D, 0xEF7D, 0xEF7D, 0xEF7D, 0xEF7D, 0xEF7D, 0xEF7D, 0xEF7D, 0xF79E, 0xF79E, 0xF79E, 0xF79E,
    0xF7BE, 0xF7BE, 0xF7BE, 0xFFDF, 0xFFDF, 0xFFDF, 0xFFDF, 0xF7BE, 0xD69A, 0xD6BA, 0xF7BE, 0xFFDF,
    0xFFDF, 0xFFDF, 0xFFDF, 0xFFDF, 0xFFDF, 0xF7BE, 0xF7BE, 0xF7BE, 0xF79E, 0xF79E, 0xF79E, 0xF79E,
    0xF79E, 0xF79E, 0xF79E, 0xEF7D, 0xEF7D, 0xEF7D, 0xEF7D, 0xEF7D, 0xEF5D, 0xE73C, 0xE71C, 0xDEFB,
    0xDEFB, 0xE71C, 0xEF5D, 0xEF7D, 0xEF7D, 0xEF7D, 0xEF7D, 0xEF7D, 0xEF7D, 0xEF7D, 0xEF7D, 0xEF7D,
    0xEF7D, 0xEF7D, 0xEF7D, 0xEF7D, 0xEF7D, 0xEF7D, 0xEF7D, 0xEF7D, 0xEF7D, 0xEF7D, 0xEF7D, 0xEF7D,
    0xEF7D, 0xEF7D, 0xEF7D, 0xEF7D, 0xEF7D, 0xEF7D, 0xEF7D, 0xEF7D, 0xEF7D, 0xEF7D, 0xEF7D, 0xEF7D,
    0xEF7D, 0xEF7D, 0xEF7D, 0xEF7D, 0xEF7D, 0xEF7D, 0xEF7D, 0xEF7D, 0xEF7D, 0xEF7D, 0xEF7D, 0xEF7D,
    0xEF7D, 0xEF7D, 0xEF7D, 0xEF7D, 0xEF7D, 0xEF7D, 0xEF7D, 0xEF7D, 0xEF7D, 0xEF7D, 0xEF7D, 0xEF7D,
    0xEF7D, 0xEF7D, 0xEF7D, 0xEF7D, 0xEF7D, 0xEF7D, 0xEF7D, 0xEF7D, 0xEF7D, 0xEF7D, 0xEF7D, 0xEF7D,
    0xEF7D, 0xEF7D, 0xEF7D, 0xEF7D, 0xEF7D, 0xEF7D, 0xEF7D, 0xEF7D, 0xEF7D, 0xEF7D, 0xEF7D, 0xF79E,
    0xF79E, 0xF79E, 0xF79E, 0xF79E, 0xF79E, 0xF7BE, 0xF7BE, 0xF7BE, 0xFFDF, 0xFFDF, 0xFFDF, 0xFFDF,
    0xF7BE, 0xD69A, 0xD69A, 0xF7BE, 0xFFDF, 0xFFDF, 0xFFDF, 0xFFDF, 0xFFDF, 0xFFDF, 0xF7BE, 0xF7BE,
    0xF7BE, 0xF79E, 0xF79E, 0xF79E, 0xF79E, 0xF79E, 0xF79E, 0xF79E, 0xF79E, 0xEF7D, 0xEF7D, 0xEF7D,
    0xEF7D, 0xEF7D, 0xEF7D, 0xEF5D, 0xEF5D, 0xEF7D, 0xEF7D, 0xEF7D, 0xEF7D, 0xEF7D, 0xEF7D, 0xEF7D,
    0xEF7D, 0xEF7D, 0xEF7D, 0xEF7D, 0xEF7D, 0xEF7D, 0xEF7D, 0xEF7D, 0xEF7D, 0xEF7D, 0xEF7D, 0xEF7D,
    0xEF7D, 0xEF7D, 0xEF7D, 0xEF7D, 0xEF7D, 0xEF7D, 0xEF7D, 0xEF7D, 0xEF7D, 0xEF7D, 0xEF7D, 0xEF7D,
    0xEF7D, 0xEF7D, 0xEF7D, 0xEF7D, 0xEF7D, 0xEF7D, 0xEF7D, 0xEF7D, 0xEF7D, 0xEF7D, 0xEF7D, 0xEF7D,
    0xEF7D, 0xEF7D, 0xEF7D, 0xEF7D, 0xEF7D, 0xEF7D, 0xEF7D, 0xEF7D, 0xEF7D, 0xEF7D, 0xEF7D, 0xEF7D,
    0xEF7D, 0xEF7D, 0xEF7D, 0xEF7D, 0xEF7D, 0xEF7D, 0xEF7D, 0xEF7D, 0xF79E, 0xF79E, 0xEF7D, 0xEF7D,
    0xEF7D, 0xEF7D, 0xEF7D, 0xEF7D, 0xEF7D, 0xEF7D, 0xEF7D, 0xEF7D, 0xEF7D, 0xEF7D, 0xEF7D, 0xEF7D,
    0xF79E, 0xF79E, 0xF79E, 0xF79E, 0xF79E, 0xF79E, 0xF79E, 0xF79E, 0xF79E, 0xF79E, 0xF7BE, 0xF7BE,
    0xF7BE, 0xFFDF, 0xFFDF, 0xFFDF, 0xFFDF, 0xF7BE, 0xD69A, 0xD69A, 0xF7BE, 0xFFDF, 0xFFDF, 0xFFDF,
    0xFFDF, 0xFFDF, 0xFFDF, 0xFFDF, 0xF7BE, 0xF7BE, 0xF7BE, 0xF79E, 0xF79E, 0xF79E, 0xF7BE, 0xF7BE,
    0xF7BE, 0xF79E, 0xF79E, 0xF79E, 0xF79E, 0xF79E, 0xEF7D, 0xEF7D, 0xEF7D, 0xEF7D, 0xEF7D, 0xEF7D,
    0xEF7D, 0xF79E, 0xF79E, 0xF79E, 0xF79E, 0xF79E, 0xF79E, 0xF79E, 0xF79E, 0xF79E, 0xF79E, 0xF79E,
    0xEF7D, 0xEF7D, 0xEF7D, 0xEF7D, 0xEF7D, 0xEF7D, 0xEF7D, 0xEF7D, 0xF79E, 0xF79E, 0xF79E, 0xF79E,
    0xF79E, 0xF79E, 0xF79E, 0xF79E, 0xF79E, 0xEF7D, 0xEF7D, 0xEF7D, 0xEF7D, 0xEF7D, 0xEF7D, 0xEF7D,
    0xEF7D, 0xEF7D, 0xF79E, 0xF79E, 0xF79E, 0xF79E, 0xF79E, 0xF79E, 0xF79E, 0xF79E, 0xF79E, 0xF79E,
    0xEF7D, 0xEF7D, 0xEF7D, 0xEF7D, 0xEF7D, 0xEF7D, 0xEF7D, 0xF79E, 0xF79E, 0xF79E, 0xF79E, 0xF79E,
    0xF79E, 0xF79E, 0xF79E, 0xF79E, 0xF79E, 0xF79E, 0xEF7D, 0xEF7D, 0xEF7D, 0xEF7D, 0xEF7D, 0xEF7D,
    0xEF7D, 0xF79E, 0xF79E, 0xF79E, 0xF79E, 0xF79E, 0xF79E, 0xF7BE, 0xF7BE, 0xF79E, 0xF79E, 0xF79E,
    0xF79E, 0xF79E, 0xF7BE, 0xF7BE, 0xF7BE, 0xF7BE, 0xFFDF, 0xFFDF, 0xFFDF, 0xFFDF, 0xF7BE, 0xD69A,
    0xD69A, 0xF7BE, 0xFFDF, 0xFFDF, 0xFFDF, 0xFFDF, 0xFFDF, 0xFFDF, 0xFFDF, 0xF7BE, 0xF7BE, 0xF7BE,
    0xF7BE, 0xF7BE, 0xFFDF, 0xFFDF, 0xFFDF, 0xFFDF, 0xFFDF, 0xFFDF, 0xFFDF, 0xF7BE, 0xF79E, 0xF79E,
    0xF79E, 0xEF7D, 0xEF7D, 0xEF7D, 0xEF7D, 0xEF7D, 0xF79E, 0xF79E, 0xF7BE, 0xFFDF, 0xFFDF, 0xFFDF,
    0xFFDF, 0xFFDF, 0xFFDF, 0xF7BE, 0xF79E, 0xF79E, 0xF79E, 0xEF7D, 0xEF7D, 0xEF7D, 0xEF7D, 0xEF7D,
    0xF79E, 0xF79E, 0xF7BE, 0xFFDF, 0xFFDF, 0xFFDF, 0xFFDF, 0xFFDF, 0xF7BE, 0xF7BE, 0xF79E, 0xF79E,
    0xEF7D, 0xEF7D, 0xEF7D, 0xEF7D, 0xF79E, 0xF79E, 0xF79E, 0xF7BE, 0xF7BE, 0xFFDF, 0xFFDF, 0xFFDF,
    0xFFDF, 0xFFDF, 0xF7BE, 0xF7BE, 0xF79E, 0xF79E, 0xF79E, 0xEF7D, 0xEF7D, 0xEF7D, 0xEF7D, 0xF79E,
    0xF79E, 0xF7BE, 0xFFDF, 0xFFDF, 0xFFDF, 0xFFDF, 0xFFDF, 0xFFDF, 0xF7BE, 0xF7BE, 0xF79E, 0xF79E,
    0xF79E, 0xEF7D, 0xEF7D, 0xEF7D, 0xEF7D, 0xF79E, 0xF79E, 0xF7BE, 0xF7BE, 0xFFDF, 0xFFDF, 0xFFDF,
    0xFFDF, 0xFFDF, 0xF7BE, 0xF7BE, 0xF7BE, 0xF7BE, 0xF79E, 0xF79E, 0xF7BE, 0xF7BE, 0xF7BE, 0xFFDF,
    0xFFDF, 0xFFDF, 0xFFDF, 0xF7BE, 0xD69A, 0xD6BA, 0xF7BE, 0xFFDF, 0xFFDF, 0xFFDF, 0xFFDF, 0xFFDF,
    0xFFDF, 0xFFDF, 0xF7BE, 0xF7BE, 0xF7BE, 0xF7BE, 0xDEDB, 0xD6BA, 0xDEDB, 0xDEDB, 0xDEDB, 0xDEDB,
    0xDEDB, 0xDEDB, 0xDEDB, 0xDEDB, 0xF79E, 0xF79E, 0xF79E, 0xEF7D, 0xEF7D, 0xEF7D, 0xF79E, 0xEF7D,
    0xD6BA, 0xD6BA, 0xD6BA, 0xD6BA, 0xD6BA, 0xD6BA, 0xD6BA, 0xDEDB, 0xD6BA, 0xDEFB, 0xF79E, 0xF79E,
    0xF79E, 0xEF7D, 0xEF7D, 0xEF7D, 0xF79E, 0xEF7D, 0xD6BA, 0xDEDB, 0xDEDB, 0xDEDB, 0xDEDB, 0xD6BA,
    0xD6BA, 0xD6BA, 0xD6BA, 0xDEFB, 0xF7BE, 0xF79E, 0xF79E, 0xEF7D, 0xEF7D, 0xF79E, 0xF79E, 0xEF5D,
    0xD6BA, 0xDEDB, 0xDEDB, 0xDEDB, 0xDEDB, 0xDEDB, 0xDEDB, 0xDEDB, 0xD6BA, 0xE71C, 0xF7BE, 0xF79E,
    0xEF7D, 0xEF7D, 0xEF7D, 0xF79E, 0xF79E, 0xE73C, 0xD6BA, 0xDEDB, 0xD6BA, 0xDEDB, 0xDEDB, 0xDEDB,
    0xDEDB, 0xD6BA, 0xD6BA, 0xE73C, 0xF7BE, 0xF79E, 0xEF7D, 0xEF7D, 0xEF7D, 0xF79E, 0xF7BE, 0xE71C,
    0xD6BA, 0xDEDA, 0xDEDB, 0xDEDB, 0xDEDB, 0xDEDB, 0xDEDB, 0xDEDB, 0xDEDB, 0xEF7D, 0xF7BE, 0xF7BE,
    0xF79E, 0xF7BE, 0xF7BE, 0xF7BE, 0xFFDF, 0xFFDF, 0xFFDF, 0xFFDF, 0xF7BE, 0xD69A, 0xD6DB, 0xF7BE,
    0xFFDF, 0xFFDF, 0xFFDF, 0xFFDF, 0xFFDF, 0xFFDF, 0xFFDF, 0xF7BE, 0xF7BE, 0xF79E, 0xD69A, 0xF79E,
    0xF79E, 0xF79E, 0xF79E, 0xF79E, 0xEF7D, 0xEF7D, 0xEF7D, 0xEF7D, 0xEF7D, 0xCE79, 0xEF7D, 0xF79E,
    0xEF7D, 0xEF7D, 0xF79E, 0xE73C, 0xD69A, 0xEF9D, 0xEF3B, 0xEF5C, 0xEF7D, 0xEF19, 0xF75B, 0xEF5C,
    0xF77D, 0xEF5C, 0xEF7D, 0xCE79, 0xF79E, 0xF79E, 0xEF7D, 0xEF7D, 0xF79E, 0xE73C, 0xD6BA, 0xF77D,
    0xF77D, 0xEF7D, 0xEF5B, 0xF79E, 0xEF7D, 0xEF7D, 0xEF7D, 0xD6BA, 0xEF5D, 0xD69A, 0xF79E, 0xF79E,
    0xEF7D, 0xEF7D, 0xF79E, 0xDEFB, 0xDEFA, 0xEF9D, 0xF77D, 0xF77D, 0xF77D, 0xEF7D, 0xEF7D, 0xEF7D,
    0xF79E, 0xD6BA, 0xE73C, 0xD6BA, 0xF79E, 0xF79E, 0xEF7D, 0xF79E, 0xF79E, 0xD6BA, 0xE71B, 0xEF7D,
    0xEF7D, 0xF77D, 0xEF7D, 0xEF3B, 0xEF7D, 0xEF7E, 0xCE79, 0xD69A, 0xE71C, 0xDEDB, 0xF79E, 0xF79E,
    0xEF7D, 0xEF7D, 0xF79E, 0xCE9A, 0xEF3C, 0xEF1A, 0xEF7D, 0xF77D, 0xF79D, 0xF77D, 0xF77D, 0xE73C,
    0xD69A, 0xE71C, 0xDEFB, 0xE71C, 0xF7BE, 0xF7BE, 0xF7BE, 0xF7BE, 0xF7BE, 0xFFDF, 0xFFDF, 0xFFDF,
    0xFFDF, 0xF7BE, 0xD69A, 0xD69A, 0xF7BE, 0xFFDF, 0xFFDF, 0xFFDF, 0xFFDF, 0xFFDF, 0xFFDF, 0xFFDF,
    0xF7BE, 0xF7BE, 0xD69A, 0xF79E, 0xF79E, 0xF79E, 0xF79E, 0xF79E, 0xF79E, 0xEF7D, 0xEF7D, 0xEF7D,
    0xEF7D, 0xEF7D, 0xEF7D, 0xCE79, 0xF79E, 0xF79E, 0xF79E, 0xF79E, 0xCE79, 0xEF7D, 0xEF1A, 0xE633,
    0xEED7, 0xEF1A, 0xEEB4, 0xE693, 0xE695, 0xEEF7, 0xE653, 0xF77D, 0xEF7D, 0xD69A, 0xF79E, 0xF79E,
    0xF79E, 0xEF7D, 0xD69A, 0xE6D6, 0xEF1A, 0xEED8, 0xE6B4, 0xE6B6, 0xEF7D, 0xEF7D, 0xEF7D, 0xEF7D,
    0xEF5D, 0xEF7D, 0xEF5D, 0xD6BA, 0xF79E, 0xF79E, 0xF79E, 0xE73C, 0xDEDB, 0xE6B6, 0xEEF8, 0xEEB6,
    0xE695, 0xEEB7, 0xE695, 0xE695, 0xEF3B, 0xEF7D, 0xEF5D, 0xEF7D, 0xE71C, 0xDEFB, 0xF79E, 0xEF7D,
    0xF79E, 0xDEFB, 0xE71C, 0xE695, 0xE695, 0xE694, 0xE652, 0xE674, 0xE652, 0xE652, 0xEED7, 0xE71C,
    0xE71C, 0xF79E, 0xDEDB, 0xEF5D, 0xF79E, 0xF79E, 0xF79E, 0xDEDB, 0xE71B, 0xE6B6, 0xEEB7, 0xE694,
    0xE674, 0xEEB6, 0xEE96, 0xE695, 0xE73C, 0xBDD7, 0xBDF7, 0xEF5D, 0xDEDB, 0xEF7D, 0xF7BE, 0xF7BE,
    0xF7BE, 0xF7BE, 0xFFDF, 0xFFDF, 0xFFDF, 0xFFDF, 0xF7BE, 0xD69A, 0xD69A, 0xF7BE, 0xFFDF, 0xFFDF,
    0xFFDF, 0xFFDF, 0xFFDF, 0xFFDF, 0xFFDF, 0xF7BE, 0xEF5D, 0xDEFB, 0xF79E, 0xF79E, 0xF79E, 0xF79E,
    0xEF9D, 0xEF7D, 0xEF7D, 0xEF7E, 0xF77E, 0xEF7D, 0xEF7D, 0xEF7D, 0xDEDB, 0xE73C, 0xF79E, 0xF79E,
    0xDEDB, 0xE71C, 0xEF7D, 0xEF19, 0xEF1A, 0xEED7, 0xE6F8, 0xEF5B, 0xEF1A, 0xEF1B, 0xEEF9, 0xEF19,
    0xEF5C, 0xEF7D, 0xD69A, 0xEF7D, 0xF79E, 0xF79E, 0xD69A, 0xEF7D, 0xEEF9, 0xEF19, 0xEED6, 0xEF19,
    0xE6F9, 0xEF7D, 0xEF7D, 0xEF7D, 0xEF7D, 0xD69A, 0xEF7D, 0xEF7D, 0xCE59, 0xF79E, 0xF79E, 0xF79E,
    0xCE79, 0xEF7D, 0xE6D8, 0xEEF9, 0xE6D7, 0xEED7, 0xE6B5, 0xEF1A, 0xE674, 0xEF9D, 0xEF5D, 0xC618,
    0xEF7D, 0xEF7D, 0xCE79, 0xF79E, 0xEF7D, 0xF79E, 0xCE59, 0xEF7D, 0xDE94, 0xE6D7, 0xE6D7, 0xE6B8,
    0xE6D7, 0xE6D8, 0xE6D7, 0xEF3B, 0xF77E, 0xEF7D, 0xEF7D, 0xEF7D, 0xCE79, 0xF79E, 0xF79E, 0xEF7D,
    0xCE59, 0xEF5D, 0xE6B7, 0xEED9, 0xEEF9, 0xEEF8, 0xEED8, 0xEEF8, 0xEF3A, 0xEF7D, 0xDEDB, 0xCE79,
    0xEF5D, 0xEF7D, 0xD6BA, 0xF7BE, 0xF7BE, 0xF7BE, 0xF7BE, 0xFFDF, 0xFFDF, 0xFFDF, 0xFFDF, 0xF7BE,
    0xD69A, 0xD69A, 0xF7BE, 0xFFDF, 0xFFDF, 0xFFDF, 0xFFDF, 0xFFDF, 0xFFDF, 0xFFDF, 0xF7BE, 0xDEDB,
    0xEF5D, 0xF79E, 0xF79E, 0xEF7D, 0xF77D, 0xEF1B, 0xEF7D, 0xEF3B, 0xEF5C, 0xEED8, 0xEF7D, 0xEF7D,
    0xEF7D, 0xEF5D, 0xD69A, 0xF79E, 0xF79E, 0xCE79, 0xEF5D, 0xEF7D, 0xEF7D, 0xEF5D, 0xDEDB, 0xEF7D,
    0xEF7D, 0xDEDB, 0xEF5D, 0xEF7D, 0xEF7D, 0xEF7D, 0xEF7D, 0xDEFB, 0xDEFB, 0xEF7D, 0xEF7D, 0xCE59,
    0xEF7D, 0xEF7D, 0xEF7D, 0xEF7D, 0xEF7D, 0xEF7D, 0xEF7D, 0xEF7D, 0xEF7D, 0xEF7D, 0xEF7D, 0xEF7D,
    0xEF7D, 0xD69A, 0xE73C, 0xEF7D, 0xF79E, 0xC638, 0xEF7D, 0xEF7D, 0xEF7D, 0xEF7D, 0xEF5D, 0xEF5C,
    0xEF5C, 0xEF3B, 0xEF7D, 0xEF7D, 0xEF5D, 0xEF7D, 0xEF7D, 0xCE79, 0xEF7D, 0xEF7D, 0xF79E, 0xC638,
    0xEF7D, 0xEF3B, 0xEF7D, 0xEF7D, 0xCE59, 0xB596, 0xB596, 0xB596, 0xEF7D, 0xEF7D, 0xEF7D, 0xEF7D,
    0xEF7D, 0xCE59, 0xEF7D, 0xEF7D, 0xEF7D, 0xCE79, 0xEF7D, 0xEF7D, 0xEF7D, 0xEF7D, 0xC618, 0xB596,
    0xB596, 0xB596, 0xDEDB, 0xEF7D, 0xEF7D, 0xF79E, 0xF79E, 0xCE79, 0xF7BE, 0xF7BE, 0xF7BE, 0xF7BE,
    0xFFDF, 0xFFDF, 0xFFDF, 0xF7BE, 0xF7BE, 0xD69A, 0xD69A, 0xF7BE, 0xFFDF, 0xFFDF, 0xFFDF, 0xFFDF,
    0xFFDF, 0xFFDF, 0xFFDF, 0xF7BE, 0xD6BA, 0xEF5D, 0xF79E, 0xF77D, 0xEF19, 0xF75A, 0xE694, 0xEF3A,
    0xE718, 0xEE95, 0xEEB5, 0xE674, 0xEF7D, 0xEF7D, 0xE73C, 0xD69A, 0xEF7D, 0xEF7D, 0xCE59, 0xEF5D,
    0xEF5D, 0xD69A, 0xE71C, 0xC618, 0xD6BA, 0xD6BA, 0xC618, 0xCE79, 0xE73C, 0xD6BA, 0xE71C, 0xEF7D,
    0xDEDB, 0xDEDB, 0xEF7D, 0xEF7D, 0xC638, 0xEF5D, 0xEF5D, 0xDEFB, 0xE73C, 0xE71C, 0xEF5D, 0xD69A,
    0xDEDB, 0xEF7D, 0xC618, 0xD69A, 0xEF5D, 0xEF5D, 0xCE79, 0xE73C, 0xEF7D, 0xEF7D, 0xC618, 0xEF5D,
    0xEF7D, 0xEF7D, 0xE71C, 0xEF5D, 0xDEFB, 0xCE79, 0xE73C, 0xD6BA, 0xE71C, 0xEF5D, 0xEF5D, 0xEF7D,
    0xCE59, 0xEF7D, 0xEF7D, 0xEF7D, 0xC618, 0xEF5D, 0xEF5D, 0xEF7D, 0xBDF7, 0xB596, 0xBDD7, 0xAD75,
    0xAD75, 0xAD75, 0xE75D, 0xEF7D, 0xEF5D, 0xEF5D, 0xC638, 0xEF7D, 0xEF7D, 0xEF7D, 0xC638, 0xEF5D,
    0xEF5D, 0xEF5D, 0xB5B6, 0xD6BA, 0xC638, 0xB5B6, 0xCE59, 0xBDD7, 0xEF7D, 0xEF7D, 0xEF7D, 0xEF7D,
    0xCE59, 0xF7BE, 0xF79E, 0xF7BE, 0xF7BE, 0xFFDF, 0xFFDF, 0xFFDF, 0xF7BE, 0xF7BE, 0xD69A, 0xD69A,
    0xF7BE, 0xFFDF, 0xFFDF, 0xFFDF, 0xFFDF, 0xFFDF, 0xFFDF, 0xFFDF, 0xF7BE, 0xE71C, 0xD69A, 0xF79E,
    0xEF7D, 0xEE93, 0xEEF7, 0xEE94, 0xEE73, 0xE694, 0xEEB7, 0xEEF8, 0xE674, 0xEF5D, 0xEF5D, 0xCE59,
    0xDEFB, 0xEF7D, 0xEF7D, 0xCE79, 0xD6BA, 0xDEFB, 0xBDF7, 0xAD75, 0xBDF7, 0xB5B6, 0xC618, 0xAD75,
    0xD6BA, 0xBDD7, 0xC618, 0xB596, 0xEF5D, 0xBDF7, 0xE73C, 0xEF7D, 0xEF7D, 0xC618, 0xE71C, 0xEF5D,
    0xD6BA, 0x7BEF, 0xE71C, 0xEF5D, 0xA534, 0xA514, 0xEF7D, 0xC618, 0xDEDB, 0xEF5D, 0xEF5D, 0xBDF7,
    0xEF7D, 0xEF7D, 0xEF7D, 0xBDF7, 0xE73C, 0xEF5D, 0xEF5D, 0xBDD7, 0xBDD7, 0xC638, 0xB5B6, 0xAD75,
    0x9CD3, 0xEF5D, 0xEF5D, 0xEF5D, 0xEF5D, 0xBDD7, 0xEF7D, 0xEF7D, 0xEF7D, 0xBDD7, 0xEF5D, 0xEF5D,
    0xEF5D, 0xAD55, 0xAD75, 0x9492, 0x8410, 0xAD75, 0x9492, 0xE73C, 0xEF5D, 0xEF5D, 0xE73C, 0xBDF7,
    0xEF7D, 0xEF7D, 0xEF5D, 0xBDD7, 0xEF5D, 0xEF5D, 0xE71C, 0xAD55, 0xE71C, 0xCE59, 0xA514, 0xCE79,
    0xBDF7, 0xEF7D, 0xEF7D, 0xEF7D, 0xE73C, 0xCE59, 0xF79E, 0xF79E, 0xF7BE, 0xF7BE, 0xFFDF, 0xFFDF,
    0xFFDF, 0xFFDF, 0xF7BE, 0xD69A, 0xD69A, 0xF7BE, 0xFFDF, 0xFFDF, 0xFFDF, 0xFFDF, 0xFFDF, 0xFFDF,
    0xFFDF, 0xF7BE, 0xEF7D, 0xB596, 0xEF5D, 0xEF5C, 0xE694, 0xEEB7, 0xE6D8, 0xE6B6, 0xE6B7, 0xE6F8,
    0xEF1A, 0xDE54, 0xE75C, 0xE71C, 0xAD75, 0xEF5D, 0xEF7D, 0xEF5D, 0xE71C, 0xA534, 0xD69A, 0xBDD7,
    0xBDF7, 0xCE59, 0x9CF3, 0xB5B6, 0xC638, 0xE71C, 0xBDF7, 0xB596, 0xBDD7, 0xDEFB, 0xB596, 0xEF5D,
    0xEF7D, 0xEF7D, 0xDEDB, 0xAD75, 0xEF5D, 0xC618, 0xC618, 0xC618, 0xCE79, 0xBDF7, 0xB5B6, 0xBDF7,
    0xD69A, 0xC618, 0xEF5D, 0xD6BA, 0xBDD7, 0xEF5D, 0xEF7D, 0xEF7D, 0xD69A, 0xBDD7, 0xEF5D, 0xEF5D,
    0xE71C, 0xA514, 0xD69A, 0xAD75, 0xBDD7, 0xBDD7, 0xEF5D, 0xEF5D, 0xEF5D, 0xCE59, 0xC638, 0xEF7D,
    0xEF7D, 0xEF7D, 0xC638, 0xC638, 0xEF5D, 0xEF5D, 0xBDD7, 0xAD55, 0xA534, 0x9CF3, 0xAD55, 0xA514,
    0xE73C, 0xEF5D, 0xEF5D, 0xBDF7, 0xD69A, 0xEF7D, 0xEF7D, 0xEF7D, 0xBDF7, 0xD69A, 0xEF5D, 0xEF5D,
    0xE71C, 0xB596, 0xA514, 0xAD55, 0xA514, 0xCE79, 0xEF7D, 0xEF7D, 0xEF7D, 0xBDD7, 0xE71C, 0xF79E,
    0xF79E, 0xF7BE, 0xF7BE, 0xFFDF, 0xFFDF, 0xFFDF, 0xFFDF, 0xF7BE, 0xD69A, 0xD69A, 0xF7BE, 0xFFDF,
    0xFFDF, 0xFFDF, 0xFFDF, 0xFFDF, 0xFFDF, 0xFFDF, 0xF7BE, 0xF79E, 0xD69A, 0xA534, 0xDEFB, 0xEF5D,
    0xEF5D, 0xEF5D, 0xEF5D, 0xEF5D, 0xEF5D, 0xEF5D, 0xEF5C, 0xD6BA, 0x9CF3, 0xCE79, 0xEF5D, 0xEF7D,
    0xEF7D, 0xEF5D, 0xBDF7, 0xA514, 0xDEFB, 0xE73C, 0xE73C, 0xD69A, 0xEF5D, 0xEF5D, 0xEF5D, 0xEF5D,
    0xE73C, 0xD69A, 0x9CD3, 0xD6BA, 0xEF5D, 0xEF7D, 0xEF7D, 0xE73C, 0xB596, 0xAD55, 0xE71C, 0xEF5D,
    0xDEDB, 0xE71C, 0xEF5D, 0xEF5D, 0xD6BA, 0xE73C, 0xE73C, 0xCE59, 0x9CF3, 0xDEFB, 0xEF5D, 0xEF7D,
    0xEF7D, 0xE71C, 0xAD55, 0xB5B6, 0xE73C, 0xEF5D, 0xE73C, 0xEF5D, 0xEF5D, 0xEF5D, 0xE73C, 0xEF5D,
    0xE73C, 0xC618, 0xA534, 0xE71C, 0xEF5D, 0xEF5D, 0xEF7D, 0xE71C, 0xA514, 0xBDF7, 0xE73C, 0xEF5D,
    0xEF5D, 0xEF5D, 0xEF5D, 0xEF5D, 0xEF5D, 0xEF5D, 0xE73C, 0xB5B6, 0xAD55, 0xE73C, 0xEF7D, 0xEF7D,
    0xEF7D, 0xDEDB, 0x9CF3, 0xC638, 0xE73C, 0xEF5D, 0xEF5D, 0xEF5D, 0xEF5D, 0xEF5D, 0xEF5D, 0xEF5D,
    0xE73C, 0xB596, 0xBDD7, 0xEF7D, 0xF79E, 0xF79E, 0xF7BE, 0xF7BE, 0xFFDF, 0xFFDF, 0xFFDF, 0xF7BE,
    0xF7BE, 0xD69A, 0xD69A, 0xF7BE, 0xFFDF, 0xFFDF, 0xFFDF, 0xFFDF, 0xFFDF, 0xFFDF, 0xFFDF, 0xF7BE,
    0xF7BE, 0xEF5D, 0xC638, 0x9CD3, 0xA514, 0xAD75, 0xAD75, 0xAD75, 0xAD75, 0xAD75, 0xAD75, 0x9CD3,
    0x94B2, 0xC638, 0xE73C, 0xEF5D, 0xEF7D, 0xEF7D, 0xEF7D, 0xDEFB, 0xBDD7, 0x9492, 0x9CF3, 0xAD55,
    0xAD55, 0xAD75, 0xAD75, 0xAD55, 0xAD55, 0x9CD3, 0x9CF3, 0xCE59, 0xEF5D, 0xEF5D, 0xEF7D, 0xEF7D,
    0xEF5D, 0xDEDB, 0xB596, 0x9492, 0xA514, 0xAD55, 0xAD75, 0xAD55, 0xAD75, 0xAD55, 0xA534, 0x94B2,
    0xA514, 0xCE79, 0xEF5D, 0xEF5D, 0xEF7D, 0xEF7D, 0xEF5D, 0xD6BA, 0xAD75, 0x9492, 0xA514, 0xAD55,
    0xAD55, 0xAD55, 0xAD55, 0xAD55, 0xA534, 0x9492, 0xA534, 0xD6BA, 0xEF5D, 0xEF5D, 0xEF5D, 0xEF7D,
    0xEF5D, 0xD69A, 0xA534, 0x9492, 0xA534, 0xAD55, 0xAD55, 0xAD55, 0xAD55, 0xAD55, 0xA534, 0x9492,
    0xAD75, 0xD6BA, 0xEF5D, 0xEF7D, 0xEF7D, 0xEF7D, 0xE73C, 0xCE79, 0xA514, 0x94B2, 0xA534, 0xAD75,
    0xAD75, 0xAD75, 0xAD75, 0xAD75, 0xA534, 0x94B2, 0xBDD7, 0xE71C, 0xEF7D, 0xF79E, 0xF79E, 0xF7BE,
    0xF7BE, 0xFFDF, 0xFFDF, 0xFFDF, 0xF7BE, 0xF7BE, 0xD69A, 0xD69A, 0xF7BE, 0xFFDF, 0xFFDF, 0xFFDF,
    0xFFDF, 0xFFDF, 0xFFDF, 0xFFDF, 0xF7BE, 0xF7BE, 0xF79E, 0xE73C, 0xD6BA, 0xC638, 0xBDF7, 0xBDF7,
    0xBDF7, 0xBDD7, 0xBDD7, 0xBDD7, 0xC618, 0xD69A, 0xE71C, 0xEF5D, 0xEF7D, 0xEF7D, 0xEF7D, 0xEF7D,
    0xEF5D, 0xDEFB, 0xCE79, 0xBDF7, 0xBDD7, 0xBDD7, 0xBDD7, 0xBDD7, 0xBDD7, 0xBDD7, 0xC618, 0xD6BA,
    0xE73C, 0xEF7D, 0xEF7D, 0xEF7D, 0xEF7D, 0xEF7D, 0xEF5D, 0xDEFB, 0xCE59, 0xBDF7, 0xBDD7, 0xBDD7,
    0xBDD7, 0xBDD7, 0xBDD7, 0xBDD7, 0xC638, 0xD6BA, 0xE73C, 0xEF5D, 0xEF5D, 0xEF7D, 0xEF7D, 0xEF7D,
    0xEF5D, 0xDEDB, 0xCE59, 0xBDF7, 0xBDD7, 0xBDD7, 0xBDD7, 0xBDD7, 0xBDD7, 0xBDD7, 0xC638, 0xDEDB,
    0xE73C, 0xEF5D, 0xEF7D, 0xEF7D, 0xEF7D, 0xEF7D, 0xE73C, 0xDEDB, 0xC638, 0xBDD7, 0xBDD7, 0xBDD7,
    0xBDD7, 0xBDD7, 0xBDD7, 0xBDF7, 0xCE59, 0xDEDB, 0xE73C, 0xEF5D, 0xEF7D, 0xEF7D, 0xEF7D, 0xEF5D,
    0xE73C, 0xDEDB, 0xC638, 0xBDF7, 0xBDD7, 0xBDD7, 0xBDD7, 0xBDD7, 0xBDF7, 0xC618, 0xCE79, 0xE71C,
    0xEF7D, 0xF79E, 0xF79E, 0xF79E, 0xF7BE, 0xF7BE, 0xFFDF, 0xFFDF, 0xFFDF, 0xF7BE, 0xF7BE, 0xD69A,
    0xD69A, 0xF7BE, 0xFFDF, 0xFFDF, 0xFFDF, 0xFFDF, 0xFFDF, 0xFFDF, 0xFFDF, 0xF7BE, 0xF7BE, 0xF7BE,
    0xEF7D, 0xEF5D, 0xE73C, 0xE73C, 0xE71C, 0xE71C, 0xE71C, 0xE71C, 0xE71C, 0xE71C, 0xE73C, 0xEF5D,
    0xEF7D, 0xEF7D, 0xEF7D, 0xEF7D, 0xEF7D, 0xEF7D, 0xEF5D, 0xE73C, 0xE71C, 0xE71C, 0xE71C, 0xE71C,
    0xE71C, 0xDEFB, 0xE71C, 0xE71C, 0xEF5D, 0xEF5D, 0xEF7D, 0xEF7D, 0xEF7D, 0xEF7D, 0xEF7D, 0xEF5D,
    0xEF5D, 0xE73C, 0xE71C, 0xE71C, 0xE71C, 0xE71C, 0xE71C, 0xE71C, 0xE71C, 0xE71C, 0xEF5D, 0xEF5D,
    0xEF7D, 0xEF7D, 0xEF7D, 0xEF7D, 0xEF7D, 0xEF7D, 0xEF5D, 0xE73C, 0xE71C, 0xE71C, 0xE71C, 0xE71C,
    0xE71C, 0xE71C, 0xE71C, 0xE73C, 0xEF5D, 0xEF5D, 0xEF7D, 0xEF7D, 0xEF7D, 0xEF7D, 0xEF7D, 0xEF5D,
    0xEF5D, 0xE73C, 0xE71C, 0xE71C, 0xE71C, 0xE71C, 0xE71C, 0xE71C, 0xE71C, 0xE73C, 0xEF5D, 0xEF7D,
    0xEF7D, 0xEF7D, 0xEF7D, 0xEF7D, 0xEF7D, 0xEF5D, 0xEF5D, 0xE73C, 0xE71C, 0xE71C, 0xE71C, 0xE71C,
    0xE71C, 0xE71C, 0xE73C, 0xEF5D, 0xEF7D, 0xEF7D, 0xF79E, 0xF79E, 0xF79E, 0xF7BE, 0xF7BE, 0xFFDF,
    0xFFDF, 0xFFDF, 0xF7BE, 0xF7BE, 0xD69A, 0xD69A, 0xF7BE, 0xFFDF, 0xFFDF, 0xFFDF, 0xFFDF, 0xFFDF,
    0xFFDF, 0xFFDF, 0xF7BE, 0xF7BE, 0xF79E, 0xF79E, 0xF79E, 0xF79E, 0xF79E, 0xF79E, 0xF79E, 0xEF7D,
    0xEF7D, 0xEF7D, 0xEF7D, 0xEF7D, 0xEF7D, 0xEF7D, 0xEF7D, 0xEF7D, 0xEF7D, 0xEF7D, 0xEF7D, 0xEF7D,
    0xEF7D, 0xEF7D, 0xEF7D, 0xEF7D, 0xF79E, 0xF79E, 0xEF7D, 0xEF7D, 0xEF7D, 0xEF7D, 0xEF7D, 0xEF7D,
    0xEF7D, 0xEF7D, 0xEF7D, 0xEF7D, 0xEF7D, 0xEF7D, 0xEF7D, 0xEF7D, 0xEF7D, 0xEF7D, 0xF79E, 0xF79E,
    0xEF7D, 0xEF7D, 0xEF7D, 0xEF7D, 0xEF7D, 0xEF7D, 0xEF7D, 0xEF7D, 0xEF7D, 0xEF7D, 0xEF7D, 0xEF7D,
    0xEF7D, 0xEF7D, 0xEF7D, 0xEF7D, 0xF79E, 0xEF7D, 0xEF7D, 0xEF7D, 0xEF7D, 0xEF7D, 0xEF7D, 0xEF7D,
    0xEF7D, 0xEF7D, 0xEF7D, 0xEF7D, 0xEF7D, 0xEF7D, 0xEF7D, 0xEF7D, 0xEF7D, 0xEF7D, 0xEF7D, 0xEF7D,
    0xEF7D, 0xEF7D, 0xEF7D, 0xEF7D, 0xEF7D, 0xEF7D, 0xEF7D, 0xEF7D, 0xEF7D, 0xEF7D, 0xEF7D, 0xEF7D,
    0xEF7D, 0xEF7D, 0xEF7D, 0xF79E, 0xF79E, 0xF79E, 0xF79E, 0xF79E, 0xF79E, 0xF79E, 0xF79E, 0xF79E,
    0xF79E, 0xF79E, 0xF7BE, 0xF7BE, 0xFFDF, 0xFFDF, 0xFFDF, 0xF7BE, 0xF7BE, 0xD69A, 0xD69A, 0xF7BE,
    0xFFDF, 0xFFDF, 0xFFDF, 0xFFDF, 0xFFDF, 0xFFDF, 0xFFDF, 0xF7BE, 0xF7BE, 0xF7BE, 0xF79E, 0xF7BE,
    0xF7BE, 0xF7BE, 0xF7BE, 0xF7BE, 0xF7BE, 0xF7BE, 0xF7BE, 0xF7BE, 0xF79E, 0xF79E, 0xEF7D, 0xEF7D,
    0xEF7D, 0xEF7D, 0xEF7D, 0xEF7D, 0xF79E, 0xF79E, 0xF7BE, 0xF7BE, 0xF7BE, 0xF7BE, 0xF7BE, 0xF7BE,
    0xF7BE, 0xF7BE, 0xF79E, 0xF79E, 0xF79E, 0xEF7D, 0xEF7D, 0xEF7D, 0xEF7D, 0xEF7D, 0xF79E, 0xF7BE,
    0xF7BE, 0xF7BE, 0xF7BE, 0xF7BE, 0xF7BE, 0xF7BE, 0xF7BE, 0xF7BE, 0xF79E, 0xEF7D, 0xEF7D, 0xEF7D,
    0xEF7D, 0xEF7D, 0xEF7D, 0xEF7D, 0xF79E, 0xF79E, 0xF7BE, 0xF7BE, 0xF7BE, 0xF7BE, 0xF7BE, 0xF7BE,
    0xF7BE, 0xF7BE, 0xF79E, 0xEF7D, 0xEF7D, 0xEF7D, 0xEF7D, 0xEF7D, 0xEF7D, 0xF79E, 0xF79E, 0xF7BE,
    0xF7BE, 0xF7BE, 0xF7BE, 0xF7BE, 0xF7BE, 0xF7BE, 0xF7BE, 0xF7BE, 0xF79E, 0xF79E, 0xEF7D, 0xEF7D,
    0xEF7D, 0xEF7D, 0xEF7D, 0xF79E, 0xF79E, 0xF7BE, 0xF7BE, 0xF7BE, 0xF7BE, 0xF7BE, 0xF7BE, 0xF7BE,
    0xF7BE, 0xF7BE, 0xF79E, 0xF79E, 0xF79E, 0xF79E, 0xF79E, 0xF7BE, 0xF7BE, 0xFFDF, 0xFFDF, 0xFFDF,
    0xF7BE, 0xF7BE, 0xD69A, 0xD69A, 0xF7BE, 0xFFDF, 0xFFDF, 0xFFDF, 0xFFDF, 0xFFDF, 0xFFDF, 0xFFDF,
    0xF7BE, 0xF7BE, 0xF7BE, 0xF79E, 0xDEBA, 0xDEDB, 0xDEDB, 0xDEFB, 0xDEFB, 0xDEDB, 0xDEDB, 0xDEDB,
    0xDEDB, 0xD6BA, 0xF79E, 0xF79E, 0xEF7D, 0xEF7D, 0xEF7D, 0xEF7D, 0xF79E, 0xEF7D, 0xD6BA, 0xDEDB,
    0xDEDB, 0xDEDB, 0xDEDB, 0xDEDB, 0xDEDB, 0xDEDB, 0xDEDB, 0xDEDB, 0xF7BE, 0xF79E, 0xEF7D, 0xEF7D,
    0xEF7D, 0xEF7D, 0xF79E, 0xEF5D, 0xD6BA, 0xDEDB, 0xDEDB, 0xDEDB, 0xDEDB, 0xDEDB, 0xDEDB, 0xDEDB,
    0xDEDB, 0xDEFB, 0xF79E, 0xF79E, 0xEF7D, 0xEF7D, 0xEF7D, 0xEF7D, 0xF79E, 0xE73C, 0xD6BA, 0xDEDB,
    0xDEDB, 0xDEDB, 0xDEDB, 0xDEDB, 0xDEDB, 0xDEDB, 0xD6BA, 0xE71C, 0xF7BE, 0xF79E, 0xEF7D, 0xEF7D,
    0xEF7D, 0xF79E, 0xF79E, 0xE71C, 0xD6BA, 0xDEDB, 0xDEDB, 0xDEDB, 0xDEDB, 0xDEDB, 0xDEDB, 0xDEDB,
    0xD6BA, 0xE73C, 0xF79E, 0xEF7D, 0xEF7D, 0xEF7D, 0xEF7D, 0xEF7D, 0xF79E, 0xDEFB, 0xDEDB, 0xDEDB,
    0xDEDB, 0xDEDB, 0xDEDB, 0xDEDB, 0xDEDB, 0xDEDB, 0xD6BA, 0xEF7D, 0xF7BE, 0xF79E, 0xF79E, 0xF79E,
    0xF7BE, 0xF7BE, 0xFFDF, 0xFFDF, 0xFFDF, 0xF7BE, 0xF7BE, 0xD69A, 0xD69A, 0xF7BE, 0xFFDF, 0xFFDF,
    0xFFDF, 0xFFDF, 0xFFDF, 0xFFDF, 0xFFDF, 0xF7BE, 0xF7BE, 0xEF7D, 0xD69A, 0xEEF9, 0xEF1A, 0xF79E,
    0xF79E, 0xF79E, 0xEF7D, 0xEF7D, 0xEF7D, 0xCE79, 0xDEFB, 0xD69A, 0xEF7D, 0xF79E, 0xEF7D, 0xEF7D,
    0xF79E, 0xE73C, 0xD69A, 0xE6D8, 0xEF3A, 0xF79E, 0xEF7D, 0xEF7D, 0xEF7D, 0xEF7D, 0xE71C, 0xC638,
    0xDEDB, 0xCE79, 0xF79E, 0xF79E, 0xEF7D, 0xEF7D, 0xF79E, 0xE71C, 0xDEBA, 0xE6D7, 0xEF7D, 0xEF7D,
    0xF79E, 0xEF7D, 0xEF7D, 0xEF7D, 0xCE79, 0xCE59, 0xE71C, 0xCE79, 0xF79E, 0xF79E, 0xEF7D, 0xEF7D,
    0xF79E, 0xDEDB, 0xDEDB, 0xE6B7, 0xEF7D, 0xEF7D, 0xEF7D, 0xEF7D, 0xEF7D, 0xEF7D, 0xC638, 0xCE59,
    0xDEFB, 0xD6BA, 0xF79E, 0xEF7D, 0xEF7D, 0xF79E, 0xF79E, 0xD6BA, 0xE71C, 0xEF7D, 0xEF7D, 0xEF7D,
    0xEF7D, 0xEF7D, 0xEF7D, 0xEF7D, 0xC638, 0xD6BA, 0xDEFB, 0xDEDB, 0xF79E, 0xEF7D, 0xEF7D, 0xEF7D,
    0xF79E, 0xD69A, 0xEF5D, 0xF77D, 0xF79E, 0xF79E, 0xEF7D, 0xEF7D, 0xF79E, 0xEF5D, 0xC638, 0xE73C,
    0xDEFB, 0xE71C, 0xF7BE, 0xF7BE, 0xF7BE, 0xF7BE, 0xF7BE, 0xFFDF, 0xFFDF, 0xFFDF, 0xF7BE, 0xF7BE,
    0xD69A, 0xD69A, 0xF7BE, 0xFFDF, 0xFFDF, 0xFFDF, 0xFFDF, 0xFFDF, 0xFFDF, 0xFFDF, 0xF7BE, 0xF7BE,
    0xCE79, 0xF79E, 0xEED7, 0xEF5C, 0xEF7D, 0xEF7D, 0xF79E, 0xEF7D, 0xEF7D, 0xEF5D, 0xB596, 0xBDD7,
    0xEF7D, 0xCE79, 0xF79E, 0xF79E, 0xF79E, 0xEF7D, 0xCE79, 0xEF7D, 0xEF19, 0xEF19, 0xEF7D, 0xEF7D,
    0xEF7D, 0xEF7D, 0xEF7D, 0xDEFB, 0xBDD7, 0xCE79, 0xEF7D, 0xCE79, 0xF79E, 0xEF7D, 0xEF7D, 0xEF5D,
    0xD69A, 0xEF1B, 0xEED8, 0xEF7D, 0xEF7D, 0xEF7D, 0xEF7D, 0xEF7D, 0xEF7D, 0xC638, 0xEF7D, 0xEF7D,
    0xEF5D, 0xD6BA, 0xF79E, 0xEF7D, 0xF79E, 0xE73C, 0xD6BA, 0xF77D, 0xE674, 0xEF7D, 0xEF7D, 0xEF7D,
    0xEF7D, 0xEF7D, 0xEF7D, 0xC638, 0xDEFB, 0xD6BA, 0xE71C, 0xDEDB, 0xF79E, 0xEF7D, 0xF79E, 0xDEFB,
    0xE71C, 0xEF7D, 0xEF7D, 0xEF7D, 0xEF7D, 0xEF7D, 0xEF7D, 0xEF7D, 0xEF7D, 0xB596, 0xD6BA, 0xEF7D,
    0xDEDB, 0xE71C, 0xF79E, 0xEF7D, 0xF79E, 0xD6BA, 0xE73C, 0xE6D8, 0xE632, 0xEF1A, 0xEF7D, 0xEF7D,
    0xEF7D, 0xEF7D, 0xE71C, 0xB5B6, 0xE73C, 0xF79E, 0xD6BA, 0xEF7D, 0xF7BE, 0xF7BE, 0xF7BE, 0xF7BE,
    0xFFDF, 0xFFDF, 0xFFDF, 0xF7BE, 0xF7BE, 0xD69A, 0xD69A, 0xF7BE, 0xFFDF, 0xFFDF, 0xFFDF, 0xFFDF,
    0xFFDF, 0xFFDF, 0xFFDF, 0xF7BE, 0xEF5D, 0xDEFB, 0xF79E, 0xEED7, 0xEF3B, 0xEF7D, 0xEF7D, 0xEF7D,
    0xEF7D, 0xEF7D, 0xE71C, 0xDEFB, 0xD6BA, 0xEF5D, 0xDEDB, 0xE73C, 0xF79E, 0xF79E, 0xD6BA, 0xE71C,
    0xEF7D, 0xEEB8, 0xE6F9, 0xEF7D, 0xEF7D, 0xEF7D, 0xEF7D, 0xEF7D, 0xE73C, 0xC638, 0xDEFB, 0xEF7D,
    0xCE79, 0xEF5D, 0xEF7D, 0xEF7D, 0xCE79, 0xEF5D, 0xEF3C, 0xE695, 0xEF7D, 0xEF7D, 0xEF7D, 0xEF7D,
    0xEF7D, 0xEF7D, 0xDEDB, 0xCE59, 0xE73C, 0xEF7D, 0xCE79, 0xF79E, 0xEF7D, 0xEF7D, 0xCE59, 0xEF7D,
    0xEF7D, 0xE674, 0xEF7D, 0xEF7D, 0xEF7D, 0xEF7D, 0xEF7D, 0xEF7D, 0xCE59, 0xCE59, 0xEF5D, 0xEF7D,
    0xCE79, 0xF79E, 0xEF7D, 0xF79E, 0xCE59, 0xEF7D, 0xE6FA, 0xE6D9, 0xEF3C, 0xEF7D, 0xEF7D, 0xEF7D,
    0xEF7D, 0xEF7D, 0xCE59, 0xD69A, 0xEF7D, 0xEF5D, 0xCE79, 0xF79E, 0xEF7D, 0xEF7D, 0xCE59, 0xEF7D,
    0xEF5C, 0xEEF9, 0xEF5C, 0xEF7D, 0xEF7D, 0xEF7D, 0xEF7D, 0xEF5D, 0xE71C, 0xF79E, 0xF79E, 0xEF7D,
    0xD6BA, 0xF7BE, 0xF7BE, 0xF7BE, 0xF7BE, 0xFFDF, 0xFFDF, 0xFFDF, 0xF7BE, 0xF7BE, 0xD69A, 0xD69A,
    0xF7BE, 0xFFDF, 0xFFDF, 0xFFDF, 0xFFDF, 0xFFDF, 0xFFDF, 0xF7BE, 0xF7BE, 0xDEDB, 0xEF5D, 0xF79E,
    0xEF5C, 0xEF3B, 0xEF7D, 0xEF7D, 0xEF7D, 0xE73C, 0xE73C, 0xEF7D, 0xEF5D, 0xEF5D, 0xEF5D, 0xE73C,
    0xD69A, 0xEF7D, 0xEF7D, 0xCE79, 0xEF5D, 0xEF5D, 0xE71A, 0xEF3C, 0xEF5D, 0xD69A, 0xEF7D, 0xEF7D,
    0xEF7D, 0xEF7D, 0xEF5D, 0xEF5D, 0xEF5D, 0xDEFB, 0xDEFB, 0xEF7D, 0xEF7D, 0xCE59, 0xEF7D, 0xEF7D,
    0xEF3B, 0xD6BA, 0xE73C, 0xEF7D, 0xEF7D, 0xEF7D, 0xEF7D, 0xEF5D, 0xEF7D, 0xEF5D, 0xEF5D, 0xD69A,
    0xE73C, 0xEF7D, 0xEF7D, 0xC638, 0xEF7D, 0xEF5D, 0xEF3B, 0xEF5D, 0xEF5D, 0xEF5D, 0xDEFB, 0xEF7D,
    0xEF7D, 0xEF7D, 0xEF5D, 0xEF5D, 0xEF7D, 0xCE79, 0xEF7D, 0xEF7D, 0xEF7D, 0xC638, 0xEF5D, 0xE6FA,
    0xE6F9, 0xEF3B, 0xEF5D, 0xEF5D, 0xEF5D, 0xEF5D, 0xEF5D, 0xEF5D, 0xEF5D, 0xEF5D, 0xEF5D, 0xCE59,
    0xEF7D, 0xEF7D, 0xEF7D, 0xCE59, 0xEF7D, 0xEF5D, 0xEF5D, 0xEF7D, 0xEF7D, 0xEF7D, 0xD6BA, 0xDEDB,
    0xEF7D, 0xEF7D, 0xEF7D, 0xEF7D, 0xEF7D, 0xCE79, 0xF7BE, 0xF7BE, 0xF7BE, 0xF7BE, 0xFFDF, 0xFFDF,
    0xFFDF, 0xF7BE, 0xF7BE, 0xD69A, 0xD69A, 0xF7BE, 0xFFDF, 0xFFDF, 0xFFDF, 0xFFDF, 0xFFDF, 0xFFDF,
    0xF7BE, 0xF7BE, 0xD6BA, 0xE73C, 0xF79E, 0xF79E, 0xF79D, 0xEF7D, 0xD6BA, 0xD69A, 0xCE59, 0xAD75,
    0xEF5D, 0xEF5D, 0xEF5D, 0xEF5D, 0xE71C, 0xCE79, 0xEF7D, 0xEF7D, 0xC638, 0xE73C, 0xEF5D, 0xEF5D,
    0xEF5D, 0xEF5D, 0xAD75, 0xD6BA, 0xC638, 0xEF5D, 0xEF5D, 0xEF5D, 0xEF5D, 0xEF5D, 0xDEDB, 0xDEDB,
    0xEF7D, 0xEF7D, 0xC638, 0xEF5D, 0xEF5D, 0xEF5D, 0xBDD7, 0xE71C, 0xC638, 0xDEDB, 0xDEFB, 0xC638,
    0xDEDB, 0xEF5D, 0xEF5D, 0xEF5D, 0xCE79, 0xE73C, 0xEF7D, 0xEF7D, 0xC618, 0xEF7D, 0xEF7D, 0xEF7D,
    0xEF5D, 0xEF5D, 0xEF5D, 0xCE79, 0xEF5D, 0xEF5D, 0xEF5D, 0xEF5D, 0xEF5D, 0xEF5D, 0xC638, 0xEF7D,
    0xEF7D, 0xEF7D, 0xBDF7, 0xEF5D, 0xEF5D, 0xEF5D, 0xEF7D, 0xEF5D, 0xEF5D, 0xEF5D, 0xEF5D, 0xEF5D,
    0xEF5D, 0xEF5D, 0xEF5D, 0xEF5D, 0xC638, 0xEF7D, 0xEF7D, 0xEF5D, 0xC638, 0xEF5D, 0xEF5D, 0xEF5D,
    0xEF7D, 0xDEDB, 0xDEDB, 0xCE79, 0xB5B6, 0xEF7D, 0xEF7D, 0xEF7D, 0xEF7D, 0xEF7D, 0xCE59, 0xF79E,
    0xF7BE, 0xF7BE, 0xF7BE, 0xFFDF, 0xFFDF, 0xFFDF, 0xF7BE, 0xF7BE, 0xD69A, 0xD69A, 0xF7BE, 0xFFDF,
    0xFFDF, 0xFFDF, 0xFFDF, 0xFFDF, 0xFFDF, 0xFFDF, 0xF7BE, 0xE71C, 0xD69A, 0xEF7D, 0xEF7D, 0xEF7D,
    0xEF5D, 0x8C51, 0x9CF3, 0xD6BA, 0xDEDB, 0xEF5D, 0xEF5D, 0xEF5D, 0xEF5D, 0xC638, 0xDEFB, 0xEF7D,
    0xEF7D, 0xCE79, 0xD6BA, 0xEF5D, 0xEF5D, 0xEF5D, 0xEF5D, 0xAD75, 0xA534, 0xC638, 0xCE79, 0xEF5D,
    0xEF5D, 0xEF5D, 0xEF5D, 0xBDF7, 0xE73C, 0xEF5D, 0xEF5D, 0xC618, 0xDEFB, 0xEF5D, 0xEF5D, 0xB5B6,
    0xBDD7, 0xD69A, 0xAD75, 0xAD55, 0xDEFB, 0xAD75, 0xEF5D, 0xEF5D, 0xEF5D, 0xBDD7, 0xEF5D, 0xEF5D,
    0xEF5D, 0xBDF7, 0xE73C, 0xEF5D, 0xEF5D, 0xEF5D, 0xEF5D, 0xEF5D, 0xB596, 0xEF5D, 0xEF5D, 0xEF5D,
    0xEF5D, 0xEF5D, 0xEF5D, 0xBDF7, 0xEF5D, 0xEF7D, 0xEF7D, 0xB5B6, 0xEF5D, 0xEF5D, 0xEF5D, 0xEF5D,
    0xEF5D, 0xEF5D, 0xEF5D, 0xEF5D, 0xEF5D, 0xEF5D, 0xEF5D, 0xEF5D, 0xE73C, 0xBDF7, 0xEF5D, 0xEF5D,
    0xEF5D, 0xB5B6, 0xEF5D, 0xEF5D, 0xEF5D, 0xEF5D, 0xB5B6, 0xA534, 0xCE79, 0xDEDB, 0xEF7D, 0xEF7D,
    0xEF7D, 0xEF7D, 0xE73C, 0xCE59, 0xF79E, 0xF79E, 0xF7BE, 0xF7BE, 0xFFDF, 0xFFDF, 0xFFDF, 0xF7BE,
    0xF7BE, 0xD69A, 0xD69A, 0xF7BE, 0xFFDF, 0xFFDF, 0xFFDF, 0xFFDF, 0xFFDF, 0xFFDF, 0xFFDF, 0xF7BE,
    0xEF7D, 0xAD75, 0xE73C, 0xEF7D, 0xEF7D, 0xEF5D, 0xB5B6, 0xBDD7, 0xEF5D, 0xEF5D, 0xEF5D, 0xEF5D,
    0xEF5D, 0xDEFB, 0xAD75, 0xE73C, 0xEF5D, 0xEF5D, 0xE71C, 0xA534, 0xE73C, 0xEF5D, 0xEF5D, 0xEF5D,
    0xC618, 0xBDF7, 0xDEDB, 0xD69A, 0xEF5D, 0xEF5D, 0xEF5D, 0xDEDB, 0xB596, 0xEF5D, 0xEF5D, 0xEF5D,
    0xDEDB, 0xAD75, 0xE73C, 0xEF5D, 0xC638, 0xD6BA, 0xB596, 0xBDF7, 0xBDF7, 0xAD75, 0xAD75, 0xEF5D,
    0xEF5D, 0xD69A, 0xBDD7, 0xEF5D, 0xEF5D, 0xEF5D, 0xD69A, 0xB5B6, 0xE73C, 0xEF5D, 0xEF5D, 0xEF5D,
    0xEF5D, 0xC618, 0xEF5D, 0xEF5D, 0xEF5D, 0xEF5D, 0xEF5D, 0xC638, 0xC618, 0xEF5D, 0xEF5D, 0xEF5D,
    0xC638, 0xC618, 0xEF5D, 0xEF5D, 0xEF5D, 0xEF5D, 0xE71C, 0xB5B6, 0xEF5D, 0xEF5D, 0xEF5D, 0xEF5D,
    0xEF5D, 0xBDD7, 0xD69A, 0xEF5D, 0xEF5D, 0xEF5D, 0xBDD7, 0xCE79, 0xEF5D, 0xEF5D, 0xEF5D, 0xBDD7,
    0xBDF7, 0xE73C, 0xEF5D, 0xEF5D, 0xEF5D, 0xEF5D, 0xEF7D, 0xB5B6, 0xE71C, 0xF79E, 0xF79E, 0xF7BE,
    0xF7BE, 0xFFDF, 0xFFDF, 0xFFDF, 0xF7BE, 0xF7BE, 0xD69A, 0xD69A, 0xF7BE, 0xFFDF, 0xFFDF, 0xFFDF,
    0xFFDF, 0xFFDF, 0xFFDF, 0xFFDF, 0xF7BE, 0xF79E, 0xD69A, 0xA514, 0xDEDB, 0xEF5D, 0xEF5D, 0xEF5D,
    0xEF5D, 0xEF5D, 0xE73C, 0xEF5D, 0xE73C, 0xD6BA, 0x9CD3, 0xD69A, 0xEF5D, 0xEF5D, 0xEF5D, 0xE73C,
    0xBDF7, 0xA514, 0xDEDB, 0xE73C, 0xEF5D, 0xEF5D, 0xEF5D, 0xEF5D, 0xEF5D, 0xEF5D, 0xE73C, 0xCE79,
    0x9CD3, 0xD6BA, 0xEF5D, 0xEF5D, 0xEF5D, 0xE73C, 0xB596, 0xAD55, 0xDEFB, 0xEF5D, 0xEF5D, 0xEF5D,
    0xEF5D, 0xCE79, 0xAD75, 0xDEFB, 0xE73C, 0xC638, 0x9CF3, 0xDEDB, 0xEF5D, 0xEF5D, 0xEF5D, 0xE71C,
    0xAD55, 0xB596, 0xDEFB, 0xEF5D, 0xEF5D, 0xEF5D, 0xEF5D, 0xEF5D, 0xEF5D, 0xEF5D, 0xE73C, 0xBDF7,
    0xA514, 0xDEFB, 0xEF5D, 0xEF5D, 0xEF5D, 0xE71C, 0xA514, 0xBDD7, 0xE71C, 0xEF5D, 0xEF5D, 0xE73C,
    0xDEFB, 0xEF5D, 0xEF5D, 0xEF5D, 0xE71C, 0xB5B6, 0xAD55, 0xE71C, 0xEF5D, 0xEF5D, 0xEF5D, 0xDEDB,
    0x9CF3, 0xC638, 0xE73C, 0xEF5D, 0xEF5D, 0xEF5D, 0xEF5D, 0xEF5D, 0xEF5D, 0xEF5D, 0xE71C, 0xAD75,
    0xBDD7, 0xEF5D, 0xF79E, 0xF79E, 0xF7BE, 0xF7BE, 0xFFDF, 0xFFDF, 0xFFDF, 0xF7BE, 0xF7BE, 0xD69A,
    0xD69A, 0xF7BE, 0xFFDF, 0xFFDF, 0xFFDF, 0xFFDF, 0xFFDF, 0xFFDF, 0xFFDF, 0xF7BE, 0xF79E, 0xEF5D,
    0xCE59, 0x9CF3, 0x9CF3, 0xA534, 0xA534, 0xA534, 0xA534, 0xA514, 0xA514, 0x9CD3, 0x94B2, 0xC638,
    0xE73C, 0xEF5D, 0xEF5D, 0xEF5D, 0xEF5D, 0xDEFB, 0xBDD7, 0x9492, 0x9CD3, 0xA514, 0xA534, 0xA534,
    0xA514, 0xA514, 0xA514, 0x94B2, 0x9CF3, 0xCE59, 0xE73C, 0xEF5D, 0xEF5D, 0xEF5D, 0xEF5D, 0xDEDB,
    0xB596, 0x9492, 0x9CD3, 0xA514, 0xA514, 0xA514, 0xA514, 0xA514, 0x9CF3, 0x94B2, 0xA514, 0xCE79,
    0xE73C, 0xEF5D, 0xEF5D, 0xEF5D, 0xEF5D, 0xD6BA, 0xAD75, 0x8C71, 0x9CF3, 0xA514, 0xA534, 0xA534,
    0xA534, 0xA534, 0xA514, 0x9492, 0xA534, 0xD69A, 0xEF5D, 0xEF5D, 0xEF5D, 0xEF5D, 0xEF5D, 0xD6BA,
    0xA534, 0x9492, 0x9CF3, 0xA514, 0xA514, 0xA514, 0xA514, 0xA514, 0x9CF3, 0x9492, 0xAD75, 0xD6BA,
    0xEF5D, 0xEF5D, 0xEF5D, 0xEF5D, 0xE73C, 0xCE79, 0xA514, 0x9492, 0xA514, 0xA534, 0xA534, 0xA534,
    0xA534, 0xA534, 0xA514, 0x94B2, 0xBDD7, 0xE71C, 0xEF7D, 0xF79E, 0xF79E, 0xF7BE, 0xF7BE, 0xFFDF,
    0xFFDF, 0xFFDF, 0xF7BE, 0xF7BE, 0xD69A, 0xD69A, 0xF7BE, 0xFFDF, 0xFFDF, 0xFFDF, 0xFFDF, 0xFFDF,
    0xFFDF, 0xF7BE, 0xF7BE, 0xF7BE, 0xF79E, 0xE73C, 0xD6BA, 0xC638, 0xBDF7, 0xBDF7, 0xBDF7, 0xBDD7,
    0xBDD7, 0xBDD7, 0xC618, 0xD69A, 0xE71C, 0xEF5D, 0xEF5D, 0xEF5D, 0xEF5D, 0xEF5D, 0xEF5D, 0xDEFB,
    0xCE79, 0xBDF7, 0xBDD7, 0xBDD7, 0xBDD7, 0xBDD7, 0xBDD7, 0xBDD7, 0xC618, 0xD69A, 0xE73C, 0xEF5D,
    0xEF5D, 0xEF5D, 0xEF5D, 0xEF7D, 0xE73C, 0xDEFB, 0xCE59, 0xBDF7, 0xBDD7, 0xBDD7, 0xBDD7, 0xBDD7,
    0xBDD7, 0xBDD7, 0xC638, 0xD6BA, 0xE73C, 0xEF5D, 0xEF5D, 0xEF5D, 0xEF5D, 0xEF5D, 0xE73C, 0xDEDB,
    0xCE59, 0xBDF7, 0xBDD7, 0xBDD7, 0xBDD7, 0xBDD7, 0xBDD7, 0xBDD7, 0xC638, 0xD6BA, 0xE73C, 0xEF5D,
    0xEF5D, 0xEF5D, 0xEF5D, 0xEF5D, 0xE73C, 0xDEDB, 0xC638, 0xBDF7, 0xBDD7, 0xBDD7, 0xBDD7, 0xBDD7,
    0xBDD7, 0xBDF7, 0xCE59, 0xDEDB, 0xEF5D, 0xEF5D, 0xEF5D, 0xEF5D, 0xEF5D, 0xEF5D, 0xE73C, 0xDEDB,
    0xC638, 0xBDF7, 0xBDD7, 0xBDD7, 0xBDD7, 0xBDF7, 0xBDF7, 0xC618, 0xD69A, 0xE71C, 0xEF7D, 0xF79E,
    0xF79E, 0xF79E, 0xF7BE, 0xF7BE, 0xFFDF, 0xFFDF, 0xFFDF, 0xF7BE, 0xF79E, 0xD69A, 0xD69A, 0xF7BE,
    0xFFDF, 0xFFDF, 0xFFDF, 0xFFDF, 0xFFDF, 0xFFDF, 0xF7BE, 0xF7BE, 0xF7BE, 0xF79E, 0xEF7D, 0xEF5D,
    0xE73C, 0xE71C, 0xE71C, 0xE71C, 0xE71C, 0xE71C, 0xE71C, 0xE71C, 0xE73C, 0xEF5D, 0xEF5D, 0xEF5D,
    0xEF5D, 0xEF5D, 0xEF5D, 0xEF5D, 0xEF5D, 0xE73C, 0xE71C, 0xE71C, 0xE71C, 0xE71C, 0xE71C, 0xE71C,
    0xE71C, 0xE71C, 0xE73C, 0xEF5D, 0xEF5D, 0xEF5D, 0xEF5D, 0xEF5D, 0xEF7D, 0xEF5D, 0xEF5D, 0xE73C,
    0xE71C, 0xE71C, 0xE71C, 0xE71C, 0xE71C, 0xE71C, 0xE71C, 0xE73C, 0xE73C, 0xEF5D, 0xEF5D, 0xEF5D,
    0xEF5D, 0xEF5D, 0xEF5D, 0xEF5D, 0xEF5D, 0xE71C, 0xE71C, 0xE71C, 0xE71C, 0xE71C, 0xE71C, 0xE71C,
    0xE71C, 0xE71C, 0xEF5D, 0xEF5D, 0xEF5D, 0xEF5D, 0xEF5D, 0xEF5D, 0xEF5D, 0xEF5D, 0xEF5D, 0xE71C,
    0xE71C, 0xDEFB, 0xDEFB, 0xDEFB, 0xDEFB, 0xDEFB, 0xE71C, 0xE73C, 0xEF5D, 0xEF5D, 0xEF5D, 0xEF5D,
    0xEF5D, 0xEF5D, 0xEF5D, 0xEF5D, 0xE73C, 0xE71C, 0xE71C, 0xE71C, 0xE71C, 0xE71C, 0xE71C, 0xE71C,
    0xE73C, 0xE73C, 0xEF5D, 0xEF7D, 0xF79E, 0xF79E, 0xF79E, 0xF7BE, 0xF7BE, 0xFFDF, 0xFFDF, 0xFFDF,
    0xF7BE, 0xF79E, 0xD69A, 0xD69A, 0xF7BE, 0xFFDF, 0xFFDF, 0xFFDF, 0xFFDF, 0xFFDF, 0xFFDF, 0xF7BE,
    0xF7BE, 0xF79E, 0xF79E, 0xF79E, 0xF79E, 0xF79E, 0xF79E, 0xEF7D, 0xEF7D, 0xEF7D, 0xEF7D, 0xEF7D,
    0xEF7D, 0xEF7D, 0xEF7D, 0xEF7D, 0xEF5D, 0xEF5D, 0xEF5D, 0xEF5D, 0xEF5D, 0xEF7D, 0xEF7D, 0xEF7D,
    0xEF7D, 0xEF7D, 0xEF7D, 0xEF7D, 0xEF7D, 0xEF7D, 0xEF7D, 0xEF7D, 0xEF7D, 0xEF7D, 0xEF5D, 0xEF5D,
    0xEF5D, 0xEF7D, 0xEF7D, 0xEF7D, 0xEF7D, 0xEF7D, 0xEF7D, 0xEF7D, 0xEF7D, 0xEF7D, 0xEF7D, 0xEF7D,
    0xEF7D, 0xEF7D, 0xEF7D, 0xEF7D, 0xEF7D, 0xEF7D, 0xEF7D, 0xEF7D, 0xEF7D, 0xEF7D, 0xEF7D, 0xEF7D,
    0xEF7D, 0xEF7D, 0xEF7D, 0xEF7D, 0xEF7D, 0xEF7D, 0xEF7D, 0xEF7D, 0xEF7D, 0xEF5D, 0xEF5D, 0xEF5D,
    0xEF7D, 0xEF7D, 0xEF7D, 0xEF7D, 0xEF7D, 0xEF7D, 0xEF7D, 0xEF7D, 0xEF7D, 0xEF7D, 0xEF7D, 0xEF7D,
    0xEF7D, 0xEF7D, 0xEF7D, 0xEF5D, 0xEF5D, 0xEF5D, 0xEF5D, 0xEF5D, 0xEF7D, 0xEF7D, 0xEF7D, 0xEF7D,
    0xEF7D, 0xF79E, 0xF79E, 0xF79E, 0xF79E, 0xF79E, 0xF79E, 0xF79E, 0xF79E, 0xF79E, 0xF79E, 0xF79E,
    0xF7BE, 0xF7BE, 0xFFDF, 0xFFDF, 0xFFDF, 0xF7BE, 0xF79E, 0xD69A, 0xD69A, 0xF7BE, 0xFFDF, 0xFFDF,
    0xFFDF, 0xFFDF, 0xFFDF, 0xFFDF, 0xF7BE, 0xF7BE, 0xF7BE, 0xF79E, 0xF79E, 0xF7BE, 0xF7BE, 0xF7BE,
    0xF7BE, 0xFFDF, 0xFFDF, 0xF7BE, 0xF7BE, 0xF7BE, 0xF79E, 0xF79E, 0xEF7D, 0xEF7D, 0xEF5D, 0xEF5D,
    0xEF5D, 0xEF7D, 0xEF7D, 0xF79E, 0xF7BE, 0xF7BE, 0xF7BE, 0xF7BE, 0xF7BE, 0xF7BE, 0xF7BE, 0xF79E,
    0xF79E, 0xF79E, 0xEF7D, 0xEF7D, 0xEF5D, 0xEF7D, 0xEF7D, 0xEF7D, 0xF79E, 0xF79E, 0xF7BE, 0xF7BE,
    0xF7BE, 0xF7BE, 0xF7BE, 0xF7BE, 0xF7BE, 0xF7BE, 0xF79E, 0xF79E, 0xEF7D, 0xEF7D, 0xEF7D, 0xEF7D,
    0xEF7D, 0xEF7D, 0xF79E, 0xF79E, 0xF7BE, 0xF7BE, 0xF7BE, 0xF7BE, 0xF7BE, 0xF7BE, 0xF7BE, 0xF79E,
    0xF79E, 0xEF7D, 0xEF7D, 0xEF7D, 0xEF7D, 0xEF7D, 0xEF7D, 0xEF7D, 0xF79E, 0xF79E, 0xF7BE, 0xFFDF,
    0xFFDF, 0xF7BE, 0xF7BE, 0xF7BE, 0xF7BE, 0xF7BE, 0xF79E, 0xEF7D, 0xEF7D, 0xEF7D, 0xEF5D, 0xEF7D,
    0xEF7D, 0xEF7D, 0xF79E, 0xF79E, 0xF7BE, 0xFFDF, 0xFFDF, 0xFFDF, 0xFFDF, 0xFFDF, 0xF7BE, 0xF7BE,
    0xF79E, 0xF79E, 0xF79E, 0xF79E, 0xF79E, 0xF7BE, 0xF7BE, 0xFFDF, 0xFFDF, 0xFFDF, 0xF7BE, 0xF79E,
    0xD69A, 0xD69A, 0xF7BE, 0xFFDF, 0xFFDF, 0xFFDF, 0xFFDF, 0xFFDF, 0xFFDF, 0xF7BE, 0xF7BE, 0xF7BE,
    0xF7BE, 0xEF7D, 0xD6BA, 0xD6BA, 0xD6BA, 0xD6BA, 0xD6BA, 0xD6BA, 0xD6BA, 0xD69A, 0xD69A, 0xD6BA,
    0xEF7D, 0xF79E, 0xEF7D, 0xEF7D, 0xEF7D, 0xEF7D, 0xEF7D, 0xEF5D, 0xD6BA, 0xD69A, 0xD6BA, 0xD6BA,
    0xD6BA, 0xD6BA, 0xD6BA, 0xD6BA, 0xD6BA, 0xD6BA, 0xF79E, 0xF79E, 0xEF7D, 0xEF7D, 0xEF7D, 0xEF7D,
    0xF79E, 0xEF5D, 0xD6BA, 0xD69A, 0xD6BA, 0xD6BA, 0xD6BA, 0xD6BA, 0xD6BA, 0xD69A, 0xD6BA, 0xDEDB,
    0xF79E, 0xF79E, 0xEF7D, 0xEF7D, 0xEF7D, 0xEF7D, 0xF79E, 0xE71C, 0xD6BA, 0xD69A, 0xD6BA, 0xD6BA,
    0xD6BA, 0xD6BA, 0xD6BA, 0xD69A, 0xD6BA, 0xDEFB, 0xF79E, 0xF79E, 0xEF7D, 0xEF7D, 0xEF7D, 0xEF7D,
    0xF79E, 0xDEFB, 0xD6BA, 0xD69A, 0xD6BA, 0xD6BA, 0xD6BA, 0xD6BA, 0xD6BA, 0xD69A, 0xD6BA, 0xE71C,
    0xF79E, 0xEF7D, 0xEF7D, 0xEF7D, 0xEF7D, 0xEF7D, 0xF79E, 0xDEDB, 0xD6BA, 0xD69A, 0xD6BA, 0xD6BA,
    0xD6BA, 0xD6BA, 0xD6BA, 0xD6BA, 0xD6BA, 0xEF5D, 0xF7BE, 0xF79E, 0xF79E, 0xF79E, 0xF7BE, 0xF7BE,
    0xFFDF, 0xFFDF, 0xFFDF, 0xF7BE, 0xF79E, 0xD69A, 0xD69A, 0xF7BE, 0xFFDF, 0xFFDF, 0xFFDF, 0xFFDF,
    0xFFDF, 0xFFDF, 0xF7BE, 0xF7BE, 0xF7BE, 0xEF7D, 0xD69A, 0xF77C, 0xF77D, 0xEF7C, 0xEF1A, 0xEF5C,
    0xEF7D, 0xEF7D, 0xDEDB, 0xC638, 0xDEDB, 0xD69A, 0xEF5D, 0xF79E, 0xEF7D, 0xEF7D, 0xEF7D, 0xE73C,
    0xD69A, 0xEF5C, 0xEF7D, 0xEF5C, 0xEF5C, 0xEF7D, 0xEF5C, 0xEF7D, 0xCE79, 0xE71C, 0xDEDB, 0xCE59,
    0xEF7D, 0xEF7D, 0xEF7D, 0xEF7D, 0xEF7D, 0xDEFB, 0xDEBA, 0xF77C, 0xEF19, 0xEF7D, 0xEF5C, 0xEF5C,
    0xEF5D, 0xEF7D, 0xEF7D, 0xD69A, 0xEF5D, 0xCE79, 0xF79E, 0xF79E, 0xEF7D, 0xEF7D, 0xF79E, 0xD6BA,
    0xE6FB, 0xF75C, 0xEF7D, 0xEF7D, 0xEF7D, 0xEF7D, 0xEF7D, 0xEF7D, 0xEF7D, 0xCE79, 0xE73C, 0xD69A,
    0xF79E, 0xEF7D, 0xEF7D, 0xEF7D, 0xF79E, 0xD69A, 0xE71B, 0xE6D8, 0xEF5C, 0xEF7D, 0xEF7D, 0xEF7D,
    0xEF7D, 0xE73C, 0xCE59, 0xD69A, 0xE71C, 0xDEDB, 0xF79E, 0xEF7D, 0xEF7D, 0xEF7D, 0xF79E, 0xCE79,
    0xDE97, 0xEF5C, 0xEF7D, 0xEF7D, 0xEF7D, 0xEF7D, 0xEF7D, 0xEF7D, 0xD69A, 0xF79E, 0xDEFB, 0xDEFB,
    0xF79E, 0xF79E, 0xF79E, 0xF7BE, 0xF7BE, 0xFFDF, 0xFFDF, 0xFFDF, 0xF7BE, 0xF79E, 0xD69A, 0xD69A,
    0xF7BE, 0xFFDF, 0xFFDF, 0xFFDF, 0xFFDF, 0xFFDF, 0xFFDF, 0xF7BE, 0xF7BE, 0xF7BE, 0xD69A, 0xF77C,
    0xE631, 0xEEB6, 0xEEB5, 0xE694, 0xE694, 0xEEF8, 0xEF7D, 0xCE59, 0xE71C, 0xCE59, 0xEF7D, 0xCE59,
    0xF79E, 0xEF7D, 0xEF7D, 0xEF7D, 0xCE59, 0xEF1A, 0xE631, 0xE695, 0xEEFA, 0xE696, 0xEE95, 0xDE53,
    0xEF5C, 0xBDD7, 0xC638, 0xDEDB, 0xEF5D, 0xCE79, 0xF79E, 0xEF7D, 0xEF7D, 0xEF5D, 0xD69A, 0xE6D8,
    0xE653, 0xEE75, 0xEEB6, 0xE694, 0xE694, 0xE6B6, 0xEF7D, 0xEF7D, 0xCE59, 0xEF7D, 0xEF5D, 0xD69A,
    0xF79E, 0xEF7D, 0xEF7D, 0xE73C, 0xDEDB, 0xEEF9, 0xE610, 0xE6D8, 0xEF7D, 0xEF7D, 0xEF7D, 0xEF7D,
    0xEF7D, 0xEF7D, 0xC638, 0xEF7D, 0xE71C, 0xDEDB, 0xF79E, 0xEF7D, 0xEF7D, 0xDEDB, 0xE71C, 0xE6B8,
    0xE653, 0xEF7C, 0xEF7D, 0xEF7D, 0xEF7D, 0xEF7D, 0xE71C, 0xA514, 0xE71C, 0xEF7D, 0xDEDB, 0xE71C,
    0xEF7D, 0xEF7D, 0xEF7D, 0xD6BA, 0xEF5C, 0xE697, 0xE633, 0xEF7D, 0xEF7D, 0xEF7D, 0xEF7D, 0xEF7D,
    0xEF7D, 0xC638, 0xF79E, 0xF79E, 0xD6BA, 0xEF5D, 0xF79E, 0xF79E, 0xF7BE, 0xF7BE, 0xF7BE, 0xFFDF,
    0xFFDF, 0xF7BE, 0xF79E, 0xD69A, 0xD69A, 0xF7BE, 0xFFDF, 0xFFDF, 0xFFDF, 0xFFDF, 0xFFDF, 0xFFDF,
    0xF7BE, 0xF7BE, 0xE73C, 0xDEFB, 0xEF7C, 0xEED7, 0xEF19, 0xEEF9, 0xEF19, 0xEF3A, 0xEF3B, 0xEF7D,
    0xEF5D, 0xC638, 0xD69A, 0xEF7D, 0xDEDB, 0xE73C, 0xEF7D, 0xEF7D, 0xD6BA, 0xE71C, 0xEF1A, 0xEEB7,
    0xEEFA, 0xEEF9, 0xE6F8, 0xE6F9, 0xE6B7, 0xEF5C, 0xDEDB, 0xE73C, 0xE71C, 0xEF7D, 0xCE79, 0xEF5D,
    0xEF7D, 0xEF7D, 0xCE79, 0xEF5D, 0xE6F9, 0xE6D9, 0xEEF8, 0xE6D8, 0xE6F9, 0xEF1A, 0xE71A, 0xEF7D,
    0xEF7D, 0xDEFB, 0xEF5D, 0xEF7D, 0xCE59, 0xEF7D, 0xEF7D, 0xEF7D, 0xCE59, 0xEF7D, 0xEF5C, 0xEF3B,
    0xEF5C, 0xEF7D, 0xEF7D, 0xEF7D, 0xEF7D, 0xEF7D, 0xDEDB, 0xD69A, 0xEF7D, 0xEF7D, 0xCE79, 0xF79E,
    0xEF7D, 0xEF7D, 0xCE59, 0xEF5D, 0xEF5D, 0xEF5C, 0xEF7C, 0xEF5D, 0xEF5D, 0xEF5D, 0xEF5D, 0xE73C,
    0xDEFB, 0xD6BA, 0xEF5D, 0xEF5D, 0xCE79, 0xEF7D, 0xEF7D, 0xEF7D, 0xCE59, 0xEF7D, 0xEF5C, 0xEF5C,
    0xEF7D, 0xEF7D, 0xEF7D, 0xEF7D, 0xEF7D, 0xEF7D, 0xCE59, 0xDEFB, 0xF79E, 0xEF7D, 0xD69A, 0xF7BE,
    0xF79E, 0xF7BE, 0xF7BE, 0xF7BE, 0xFFDF, 0xFFDF, 0xF7BE, 0xF79E, 0xD69A, 0xD69A, 0xF7BE, 0xFFDF,
    0xFFDF, 0xFFDF, 0xFFDF, 0xFFDF, 0xFFDF, 0xF7BE, 0xF7BE, 0xDEDB, 0xEF5D, 0xF79E, 0xF77E, 0xEF7D,
    0xEF7D, 0xEF7D, 0xD6BA, 0xEF5D, 0xEF5D, 0xEF5D, 0xEF5D, 0xEF5D, 0xEF7D, 0xE73C, 0xD69A, 0xEF7D,
    0xEF7D, 0xCE79, 0xEF5D, 0xEF5D, 0xEF5D, 0xEF5D, 0xEF5D, 0xEF5D, 0xEF5D, 0xEF5D, 0xEF5D, 0xEF5D,
    0xEF5D, 0xEF5D, 0xEF5D, 0xDEFB, 0xDEDB, 0xEF7D, 0xEF7D, 0xCE59, 0xEF5D, 0xEF5D, 0xEF5D, 0xEF5D,
    0xEF5D, 0xEF5D, 0xEF5D, 0xEF7D, 0xEF5D, 0xEF5D, 0xEF5D, 0xEF5D, 0xEF5D, 0xD69A, 0xE73C, 0xEF7D,
    0xEF7D, 0xC638, 0xEF5D, 0xEF5D, 0xEF5D, 0xEF5D, 0xEF5D, 0xEF5D, 0xEF5D, 0xEF5D, 0xEF5D, 0xEF5D,
    0xEF5D, 0xEF5D, 0xEF5D, 0xCE59, 0xEF7D, 0xEF7D, 0xEF7D, 0xC638, 0xEF5D, 0xEF5D, 0xEF5D, 0xEF5D,
    0xEF5D, 0xEF5D, 0xC638, 0xCE79, 0xEF5D, 0xEF5D, 0xEF5D, 0xEF5D, 0xEF5D, 0xCE59, 0xEF7D, 0xEF7D,
    0xEF5D, 0xCE59, 0xEF5D, 0xEF5D, 0xEF5D, 0xEF5D, 0xEF5D, 0xEF5D, 0xD6BA, 0xC638, 0xEF7D, 0xEF7D,
    0xEF7D, 0xEF7D, 0xEF7D, 0xCE79, 0xF79E, 0xF79E, 0xF7BE, 0xF7BE, 0xF7BE, 0xFFDF, 0xFFDF, 0xF7BE,
    0xF79E, 0xD69A, 0xD69A, 0xF7BE, 0xFFDF, 0xFFDF, 0xFFDF, 0xFFDF, 0xFFDF, 0xFFDF, 0xF7BE, 0xF7BE,
    0xD6BA, 0xE73C, 0xEF7D, 0xEF7D, 0xEF7D, 0xDEDB, 0xC638, 0xCE59, 0xDEDB, 0xBDF7, 0xDEFB, 0xEF5D,
    0xEF5D, 0xEF5D, 0xE71C, 0xCE79, 0xEF5D, 0xEF7D, 0xC638, 0xE73C, 0xEF5D, 0xEF5D, 0xE73C, 0xBDD7,
    0xDEDB, 0xBDF7, 0xCE79, 0xD6BA, 0xC638, 0xEF5D, 0xEF5D, 0xEF5D, 0xD6BA, 0xDEDB, 0xEF7D, 0xEF7D,
    0xC618, 0xEF5D, 0xEF5D, 0xEF5D, 0xDEDB, 0x94B2, 0xD69A, 0xBDF7, 0xDEDB, 0xBDF7, 0xDEDB, 0xEF5D,
    0xEF5D, 0xEF5D, 0xCE59, 0xE73C, 0xEF5D, 0xEF7D, 0xC618, 0xEF5D, 0xEF5D, 0xEF5D, 0xEF5D, 0xEF5D,
    0xCE59, 0xBDF7, 0xD6BA, 0xEF5D, 0xEF5D, 0xEF5D, 0xEF5D, 0xEF5D, 0xC638, 0xEF5D, 0xEF7D, 0xEF7D,
    0xBDF7, 0xEF5D, 0xEF5D, 0xEF5D, 0xEF5D, 0xDEDB, 0xDEDB, 0xC638, 0xE71C, 0xEF5D, 0xEF5D, 0xEF5D,
    0xEF5D, 0xEF5D, 0xC618, 0xEF5D, 0xEF5D, 0xEF5D, 0xC638, 0xEF5D, 0xEF5D, 0xEF5D, 0xEF5D, 0xD6BA,
    0xD6BA, 0xE71C, 0xB5B6, 0xEF5D, 0xEF7D, 0xEF7D, 0xEF7D, 0xEF7D, 0xCE59, 0xF79E, 0xF79E, 0xF7BE,
    0xF7BE, 0xF7BE, 0xFFDF, 0xFFDF, 0xF7BE, 0xF79E, 0xD69A, 0xD69A, 0xF7BE, 0xFFDF, 0xFFDF, 0xFFDF,
    0xFFDF, 0xFFDF, 0xFFDF, 0xF7BE, 0xF7BE, 0xE71C, 0xCE79, 0xEF7D, 0xEF7D, 0xEF5D, 0xCE59, 0xB5B6,
    0xA534, 0xBDD7, 0xD6BA, 0xB5B6, 0xEF5D, 0xEF5D, 0xEF5D, 0xC638, 0xE71C, 0xEF5D, 0xEF5D, 0xCE79,
    0xD69A, 0xEF5D, 0xEF5D, 0xBDD7, 0xDEDB, 0xC638, 0xCE79, 0xA534, 0xC618, 0xB5B6, 0xEF5D, 0xEF5D,
    0xEF5D, 0xBDD7, 0xE73C, 0xEF5D, 0xEF5D, 0xC618, 0xDEFB, 0xEF5D, 0xEF5D, 0xE73C, 0xB596, 0xC618,
    0x9492, 0xB596, 0xD69A, 0xAD75, 0xEF5D, 0xEF5D, 0xEF5D, 0xBDD7, 0xEF5D, 0xEF5D, 0xEF5D, 0xBDD7,
    0xE71C, 0xEF5D, 0xEF5D, 0xEF5D, 0xEF5D, 0xB5B6, 0xC638, 0xD69A, 0xEF5D, 0xEF5D, 0xEF5D, 0xEF5D,
    0xE73C, 0xBDD7, 0xEF5D, 0xEF5D, 0xEF5D, 0xBDD7, 0xE73C, 0xEF5D, 0xEF5D, 0xEF5D, 0xCE79, 0x9CD3,
    0xDEFB, 0xEF5D, 0xEF5D, 0xEF5D, 0xEF5D, 0xEF5D, 0xE73C, 0xBDD7, 0xEF5D, 0xEF5D, 0xEF5D, 0xB5B6,
    0xEF5D, 0xEF5D, 0xEF5D, 0xEF5D, 0xAD75, 0xAD55, 0xBDD7, 0xC618, 0xEF5D, 0xEF5D, 0xEF5D, 0xEF7D,
    0xE73C, 0xCE59, 0xF79E, 0xF79E, 0xF7BE, 0xF7BE, 0xF7BE, 0xFFDF, 0xFFDF, 0xF7BE, 0xF79E, 0xCE79,
    0xD69A, 0xF7BE, 0xFFDF, 0xFFDF, 0xFFDF, 0xFFDF, 0xFFDF, 0xFFDF, 0xF7BE, 0xF7BE, 0xEF7D, 0xB596,
    0xE73C, 0xEF5D, 0xEF5D, 0xCE79, 0xB5B6, 0xC618, 0xCE59, 0xE73C, 0xCE59, 0xE73C, 0xE73C, 0xDEFB,
    0xAD75, 0xE73C, 0xEF5D, 0xEF5D, 0xDEFB, 0xA534, 0xE71C, 0xEF5D, 0xDEDB, 0xB5B6, 0xCE59, 0xB5B6,
    0xBDF7, 0xC638, 0xB5B6, 0xE73C, 0xEF5D, 0xDEDB, 0xB596, 0xEF5D, 0xEF5D, 0xEF5D, 0xDEDB, 0xAD55,
    0xE73C, 0xEF5D, 0xE73C, 0xB5B6, 0xBDF7, 0xB596, 0xC638, 0xDEFB, 0xC638, 0xEF5D, 0xEF5D, 0xD69A,
    0xBDF7, 0xEF5D, 0xEF5D, 0xEF5D, 0xD69A, 0xB5B6, 0xE73C, 0xEF5D, 0xEF5D, 0xEF5D, 0xCE59, 0xD6BA,
    0xCE59, 0xEF5D, 0xEF5D, 0xEF5D, 0xEF5D, 0xC618, 0xC638, 0xEF5D, 0xEF5D, 0xEF5D, 0xC638, 0xC618,
    0xEF5D, 0xE73C, 0xE73C, 0xEF5D, 0xB596, 0xE73C, 0xEF5D, 0xEF5D, 0xEF5D, 0xEF5D, 0xE73C, 0xB5B6,
    0xD69A, 0xEF5D, 0xEF5D, 0xEF5D, 0xBDF7, 0xCE59, 0xEF5D, 0xEF5D, 0xE73C, 0xC618, 0xC618, 0xE73C,
    0xEF5D, 0xEF5D, 0xEF5D, 0xEF5D, 0xEF5D, 0xB5B6, 0xE71C, 0xF79E, 0xF79E, 0xF7BE, 0xF7BE, 0xF7BE,
    0xFFDF, 0xFFDF, 0xF7BE, 0xF79E, 0xD69A, 0xD69A, 0xF7BE, 0xFFDF, 0xFFDF, 0xFFDF, 0xFFDF, 0xFFDF,
    0xFFDF, 0xF7BE, 0xF7BE, 0xF79E, 0xD69A, 0xA514, 0xD6BA, 0xEF5D, 0xEF5D, 0xEF5D, 0xEF5D, 0xE73C,
    0xE73C, 0xE73C, 0xE73C, 0xCE79, 0x9CD3, 0xD69A, 0xEF5D, 0xEF5D, 0xEF5D, 0xE73C, 0xBDF7, 0x9CF3,
    0xD6BA, 0xE73C, 0xE73C, 0xE73C, 0xE73C, 0xE73C, 0xE73C, 0xE73C, 0xE73C, 0xCE59, 0x9CF3, 0xD6BA,
    0xEF5D, 0xEF5D, 0xEF5D, 0xE73C, 0xB5B6, 0xA534, 0xDEFB, 0xE73C, 0xE73C, 0xE73C, 0xE73C, 0xE73C,
    0xE73C, 0xE73C, 0xE73C, 0xC618, 0x9CF3, 0xDEDB, 0xEF5D, 0xEF5D, 0xEF5D, 0xE71C, 0xAD55, 0xAD75,
    0xDEFB, 0xE73C, 0xEF5D, 0xE73C, 0xE73C, 0xE73C, 0xE73C, 0xE73C, 0xE71C, 0xBDD7, 0xA534, 0xE71C,
    0xEF5D, 0xEF5D, 0xEF5D, 0xDEFB, 0xA534, 0xBDD7, 0xE71C, 0xE73C, 0xE73C, 0xE73C, 0xE73C, 0xE73C,
    0xE73C, 0xEF5D, 0xE71C, 0xB596, 0xAD55, 0xE71C, 0xEF5D, 0xEF5D, 0xEF5D, 0xDEDB, 0x9CF3, 0xC618,
    0xE73C, 0xEF5D, 0xEF5D, 0xEF5D, 0xEF5D, 0xEF5D, 0xEF5D, 0xEF5D, 0xDEFB, 0xAD75, 0xBDF7, 0xEF5D,
    0xF79E, 0xF79E, 0xF7BE, 0xF7BE, 0xF7BE, 0xFFDF, 0xFFDF, 0xF7BE, 0xF79E, 0xD69A, 0xD69A, 0xF7BE,
    0xFFDF, 0xFFDF, 0xFFDF, 0xFFDF, 0xFFDF, 0xFFDF, 0xF7BE, 0xF7BE, 0xF79E, 0xEF5D, 0xC638, 0x9CF3,
    0x9CF3, 0xA534, 0xA534, 0xA534, 0xA514, 0xA514, 0xA514, 0x9CD3, 0x9CD3, 0xC638, 0xE71C, 0xEF5D,
    0xEF5D, 0xEF5D, 0xEF5D, 0xDEFB, 0xBDD7, 0x9492, 0x9CD3, 0xA514, 0xA514, 0xA514, 0xA514, 0xA514,
    0xA514, 0x94B2, 0x9CF3, 0xCE59, 0xE73C, 0xEF5D, 0xEF5D, 0xEF5D, 0xEF5D, 0xDEDB, 0xB5B6, 0x9492,
    0x9CD3, 0x9CF3, 0x9CF3, 0xA514, 0xA514, 0xA514, 0x9CF3, 0x94B2, 0xA514, 0xCE79, 0xE73C, 0xEF5D,
    0xEF5D, 0xEF5D, 0xEF5D, 0xD6BA, 0xB596, 0x9492, 0x9CF3, 0xA514, 0xA514, 0xA514, 0xA514, 0xA514,
    0x9CF3, 0x9492, 0xAD55, 0xD69A, 0xEF5D, 0xEF5D, 0xEF5D, 0xEF5D, 0xEF5D, 0xD6BA, 0xAD55, 0x94B2,
    0x9CF3, 0xA514, 0xA514, 0xA514, 0xA514, 0xA514, 0x9CF3, 0x8C71, 0xAD75, 0xD6BA, 0xE73C, 0xEF5D,
    0xEF5D, 0xEF5D, 0xE73C, 0xCE79, 0xA534, 0x94B2, 0xA514, 0xA514, 0xA514, 0xA514, 0xA534, 0xA534,
    0xA514, 0x94B2, 0xBDD7, 0xE71C, 0xEF7D, 0xF79E, 0xF79E, 0xF7BE, 0xF7BE, 0xF7BE, 0xFFDF, 0xFFDF,
    0xF7BE, 0xF79E, 0xD69A, 0xD69A, 0xF7BE, 0xFFDF, 0xFFDF, 0xFFDF, 0xFFDF, 0xFFDF, 0xFFDF, 0xF7BE,
    0xF7BE, 0xF79E, 0xF79E, 0xE73C, 0xD6BA, 0xC638, 0xBDF7, 0xBDF7, 0xBDF7, 0xBDD7, 0xBDD7, 0xBDD7,
    0xC618, 0xD69A, 0xE71C, 0xEF5D, 0xEF5D, 0xEF5D, 0xEF5D, 0xEF5D, 0xE73C, 0xDEFB, 0xCE79, 0xBDF7,
    0xBDD7, 0xBDD7, 0xBDD7, 0xBDD7, 0xBDD7, 0xBDD7, 0xC638, 0xD6BA, 0xE71C, 0xEF5D, 0xEF5D, 0xEF5D,
    0xEF5D, 0xEF5D, 0xE73C, 0xDEDB, 0xCE59, 0xBDF7, 0xB5B6, 0xB5B6, 0xB5B6, 0xBDD7, 0xBDD7, 0xBDD7,
    0xC638, 0xD6BA, 0xE73C, 0xEF5D, 0xEF5D, 0xEF5D, 0xEF5D, 0xEF5D, 0xE73C, 0xDEDB, 0xCE59, 0xBDF7,
    0xBDD7, 0xBDD7, 0xBDD7, 0xBDD7, 0xBDD7, 0xBDD7, 0xC638, 0xD6BA, 0xE73C, 0xEF5D, 0xEF5D, 0xEF5D,
    0xEF5D, 0xEF5D, 0xE73C, 0xDEDB, 0xC638, 0xBDF7, 0xBDD7, 0xBDD7, 0xBDD7, 0xBDD7, 0xBDD7, 0xBDD7,
    0xC638, 0xDEDB, 0xE73C, 0xEF5D, 0xEF5D, 0xEF5D, 0xEF5D, 0xEF5D, 0xE73C, 0xDEDB, 0xC638, 0xBDF7,
    0xBDD7, 0xBDD7, 0xBDD7, 0xBDD7, 0xBDD7, 0xC618, 0xD69A, 0xE71C, 0xEF5D, 0xEF7D, 0xF79E, 0xF79E,
    0xF7BE, 0xF7BE, 0xF7BE, 0xFFDF, 0xFFDF, 0xF7BE, 0xF79E, 0xD69A, 0xD69A, 0xF7BE, 0xFFDF, 0xFFDF,
    0xFFDF, 0xFFDF, 0xFFDF, 0xFFDF, 0xF7BE, 0xF7BE, 0xF79E, 0xF79E, 0xEF7D, 0xEF5D, 0xE73C, 0xE71C,
    0xE71C, 0xE71C, 0xE71C, 0xE71C, 0xE71C, 0xE71C, 0xE73C, 0xEF5D, 0xEF5D, 0xEF5D, 0xEF5D, 0xEF5D,
    0xEF5D, 0xEF5D, 0xE73C, 0xE71C, 0xDEFB, 0xDEFB, 0xDEFB, 0xDEFB, 0xDEFB, 0xE71C, 0xE71C, 0xE71C,
    0xEF5D, 0xEF5D, 0xEF7D, 0xEF7D, 0xEF7D, 0xEF7D, 0xEF7D, 0xEF5D, 0xE73C, 0xE71C, 0xDEFB, 0xDEFB,
    0xDEFB, 0xDEFB, 0xDEFB, 0xDEFB, 0xE71C, 0xE71C, 0xE73C, 0xEF5D, 0xEF7D, 0xEF7D, 0xEF7D, 0xEF7D,
    0xEF7D, 0xEF7D, 0xEF5D, 0xE71C, 0xDEFB, 0xDEFB, 0xDEFB, 0xDEFB, 0xDEFB, 0xDEFB, 0xDEFB, 0xE71C,
    0xE73C, 0xEF5D, 0xEF5D, 0xEF5D, 0xEF7D, 0xEF7D, 0xEF7D, 0xEF5D, 0xEF5D, 0xE71C, 0xDEFB, 0xDEFB,
    0xDEFB, 0xDEFB, 0xDEFB, 0xDEFB, 0xDEFB, 0xE71C, 0xE73C, 0xEF5D, 0xEF5D, 0xEF5D, 0xEF5D, 0xEF5D,
    0xEF5D, 0xEF5D, 0xEF5D, 0xE73C, 0xE71C, 0xE71C, 0xE71C, 0xE71C, 0xE71C, 0xE71C, 0xE71C, 0xE73C,
    0xEF5D, 0xEF7D, 0xEF7D, 0xF79E, 0xF79E, 0xF7BE, 0xF7BE, 0xF7BE, 0xFFDF, 0xFFDF, 0xF7BE, 0xF79E,
    0xD69A, 0xD69A, 0xF7BE, 0xFFDF, 0xFFDF, 0xFFDF, 0xFFDF, 0xFFDF, 0xFFDF, 0xF7BE, 0xF7BE, 0xF79E,
    0xF79E, 0xF79E, 0xEF7D, 0xEF7D, 0xEF7D, 0xEF7D, 0xEF7D, 0xEF7D, 0xEF7D, 0xEF7D, 0xEF7D, 0xEF7D,
    0xEF7D, 0xEF7D, 0xEF5D, 0xEF5D, 0xEF5D, 0xEF5D, 0xEF5D, 0xEF5D, 0xEF5D, 0xEF5D, 0xEF5D, 0xEF5D,
    0xEF5D, 0xEF5D, 0xEF7D, 0xEF7D, 0xEF7D, 0xEF7D, 0xF79E, 0xF79E, 0xF79E, 0xF79E, 0xEF7D, 0xEF7D,
    0xEF7D, 0xEF5D, 0xEF5D, 0xEF5D, 0xEF5D, 0xE73C, 0xEF5D, 0xEF5D, 0xEF5D, 0xEF5D, 0xEF7D, 0xEF7D,
    0xF79E, 0xF79E, 0xF79E, 0xF79E, 0xF79E, 0xF79E, 0xEF7D, 0xEF7D, 0xEF7D, 0xEF5D, 0xEF5D, 0xEF5D,
    0xEF5D, 0xEF5D, 0xEF5D, 0xEF5D, 0xEF5D, 0xEF5D, 0xEF7D, 0xEF7D, 0xEF7D, 0xF79E, 0xEF7D, 0xF79E,
    0xF79E, 0xF79E, 0xEF7D, 0xEF7D, 0xEF7D, 0xEF7D, 0xEF7D, 0xEF5D, 0xEF5D, 0xEF5D, 0xEF5D, 0xEF5D,
    0xEF5D, 0xEF5D, 0xEF5D, 0xEF7D, 0xEF7D, 0xEF7D, 0xEF7D, 0xEF7D, 0xEF7D, 0xEF7D, 0xEF7D, 0xEF7D,
    0xEF7D, 0xEF7D, 0xEF7D, 0xEF7D, 0xEF7D, 0xEF7D, 0xEF7D, 0xF79E, 0xF79E, 0xF79E, 0xF7BE, 0xF7BE,
    0xF7BE, 0xFFDF, 0xFFDF, 0xF7BE, 0xF79E, 0xD69A, 0xD69A, 0xF7BE, 0xFFDF, 0xFFDF, 0xFFDF, 0xFFDF,
    0xFFDF, 0xFFDF, 0xF7BE, 0xF7BE, 0xF79E, 0xF79E, 0xF79E, 0xF79E, 0xF7BE, 0xF7BE, 0xF79E, 0xF79E,
    0xF79E, 0xF79E, 0xF79E, 0xF79E, 0xF79E, 0xF79E, 0xF79E, 0xF79E, 0xEF7D, 0xEF7D, 0xEF7D, 0xEF5D,
    0xEF5D, 0xEF5D, 0xEF5D, 0xEF7D, 0xEF7D, 0xF79E, 0xF7BE, 0xF79E, 0xF79E, 0xF79E, 0xF79E, 0xF79E,
    0xF79E, 0xF79E, 0xF79E, 0xF7BE, 0xF79E, 0xEF7D, 0xEF7D, 0xEF7D, 0xEF5D, 0xEF5D, 0xEF5D, 0xEF5D,
    0xEF7D, 0xEF7D, 0xF79E, 0xF79E, 0xF7BE, 0xF79E, 0xF79E, 0xF79E, 0xF79E, 0xF79E, 0xF79E, 0xF79E,
    0xF79E, 0xF79E, 0xF79E, 0xEF7D, 0xEF7D, 0xEF5D, 0xEF5D, 0xEF5D, 0xEF5D, 0xEF5D, 0xEF7D, 0xEF7D,
    0xF79E, 0xF79E, 0xF79E, 0xF79E, 0xF79E, 0xF79E, 0xF79E, 0xF79E, 0xF79E, 0xF79E, 0xF7BE, 0xF79E,
    0xF79E, 0xEF7D, 0xEF7D, 0xEF5D, 0xEF5D, 0xEF5D, 0xEF5D, 0xEF7D, 0xEF7D, 0xF79E, 0xF79E, 0xF7BE,
    0xF79E, 0xF79E, 0xF79E, 0xF79E, 0xF79E, 0xF79E, 0xF79E, 0xF7BE, 0xF7BE, 0xF79E, 0xF79E, 0xF79E,
    0xF79E, 0xF79E, 0xF79E, 0xF7BE, 0xF7BE, 0xF7BE, 0xFFDF, 0xFFDF, 0xF7BE, 0xF79E, 0xD69A, 0xD69A,
    0xF7BE, 0xFFDF, 0xFFDF, 0xFFDF, 0xFFDF, 0xFFDF, 0xFFDF, 0xF7BE, 0xF7BE, 0xF7BE, 0xF7BE, 0xF7BE,
    0xE71C, 0xD6BA, 0xDEDB, 0xDEDB, 0xDEDB, 0xDEDB, 0xDEDB, 0xDEDB, 0xDEDB, 0xDEDB, 0xDEDB, 0xD6BA,
    0xDEFB, 0xF79E, 0xF79E, 0xEF7D, 0xEF5D, 0xEF5D, 0xEF5D, 0xEF7D, 0xEF7D, 0xEF7D, 0xD6BA, 0xD6BA,
    0xDEDB, 0xDEDB, 0xDEDB, 0xDEDB, 0xDEDB, 0xDEDB, 0xDEDB, 0xDEDB, 0xD6BA, 0xD69A, 0xEF5D, 0xF79E,
    0xEF7D, 0xEF5D, 0xEF5D, 0xEF5D, 0xEF5D, 0xEF7D, 0xF79E, 0xE73C, 0xD6BA, 0xDEDB, 0xDEDB, 0xDEDB,
    0xDEDB, 0xDEDB, 0xDEDB, 0xDEDB, 0xDEDB, 0xDEDB, 0xD6BA, 0xDEDB, 0xF79E, 0xF79E, 0xEF7D, 0xEF5D,
    0xEF5D, 0xEF5D, 0xEF7D, 0xEF7D, 0xF79E, 0xD6BA, 0xD6BA, 0xDEDB, 0xDEFB, 0xDEFB, 0xDEDB, 0xDEDB,
    0xDEDB, 0xDEDB, 0xDEDB, 0xD6BA, 0xD6BA, 0xEF5D, 0xF79E, 0xEF7D, 0xEF7D, 0xEF5D, 0xEF5D, 0xEF5D,
    0xEF7D, 0xF79E, 0xE73C, 0xD6BA, 0xD6BA, 0xDEDB, 0xDEDB, 0xDEDB, 0xDEDB, 0xDEDB, 0xDEDB, 0xDEDB,
    0xDEDB, 0xD6BA, 0xDEDB, 0xF7BE, 0xF79E, 0xF79E, 0xF79E, 0xF79E, 0xF7BE, 0xF7BE, 0xF7BE, 0xFFDF,
    0xFFDF, 0xF7BE, 0xF79E, 0xD69A, 0xD69A, 0xF7BE, 0xFFDF, 0xFFDF, 0xFFDF, 0xFFDF, 0xFFDF, 0xFFDF,
    0xF7BE, 0xF7BE, 0xF7BE, 0xF7BE, 0xD6BA, 0xE71C, 0xF79E, 0xEF7D, 0xEF7D, 0xEF7D, 0xEF7D, 0xEF7D,
    0xEF7D, 0xEF7D, 0xC638, 0xDEFB, 0xB596, 0xE73C, 0xCE79, 0xF79E, 0xEF7D, 0xEF7D, 0xEF5D, 0xEF7D,
    0xEF7D, 0xE73C, 0xCE79, 0xEF7D, 0xEF7D, 0xEF7D, 0xEF7D, 0xEF7D, 0xEF7D, 0xEF7D, 0xEF7D, 0xEF7D,
    0xAD75, 0xDEDB, 0xDEDB, 0xD6BA, 0xDEFB, 0xEF7D, 0xEF7D, 0xEF5D, 0xEF7D, 0xEF7D, 0xF79E, 0xD6BA,
    0xDEFB, 0xEF7D, 0xEF7D, 0xEF7D, 0xEF7D, 0xEF7D, 0xEF7D, 0xEF5D, 0xEF5D, 0xEF5D, 0xC618, 0xC618,
    0xDEFB, 0xCE59, 0xEF7D, 0xEF7D, 0xEF5D, 0xEF5D, 0xEF7D, 0xEF7D, 0xEF5D, 0xCE79, 0xEF5D, 0xEF7D,
    0xEF7D, 0xEF7D, 0xEF7D, 0xEF7D, 0xEF5D, 0xEF7D, 0xEF7D, 0xC618, 0xBDF7, 0xEF5D, 0xDEDB, 0xDEFB,
    0xF79E, 0xEF7D, 0xEF5D, 0xEF7D, 0xEF7D, 0xF79E, 0xD6BA, 0xDEFB, 0xEF7D, 0xEF7D, 0xEF7D, 0xEF7D,
    0xEF7D, 0xEF7D, 0xEF7D, 0xEF7D, 0xCE79, 0xCE79, 0xCE79, 0xEF7D, 0xCE79, 0xF79E, 0xF79E, 0xF79E,
    0xF79E, 0xF7BE, 0xF7BE, 0xF7BE, 0xFFDF, 0xFFDF, 0xF7BE, 0xF79E, 0xD69A, 0xD69A, 0xF7BE, 0xFFDF,
    0xFFDF, 0xFFDF, 0xFFDF, 0xFFDF, 0xFFDF, 0xF7BE, 0xF7BE, 0xF7BE, 0xDEDB, 0xE73C, 0xEF7D, 0xEF7D,
    0xEF7D, 0xEF7D, 0xEF7D, 0xEF7D, 0xEF5D, 0xEF5D, 0xEF7D, 0xCE79, 0xB5B6, 0xA534, 0xEF5D, 0xEF5D,
    0xCE79, 0xF79E, 0xEF7D, 0xEF7D, 0xEF7D, 0xEF7D, 0xCE79, 0xEF7D, 0xEF5D, 0xEF5D, 0xEF7D, 0xEF7D,
    0xEF7D, 0xEF7D, 0xEF7D, 0xEF7D, 0xEF7D, 0xC638, 0xB596, 0xDEDB, 0xEF7D, 0xD69A, 0xE73C, 0xEF7D,
    0xEF7D, 0xEF7D, 0xEF7D, 0xDEDB, 0xE71C, 0xEF5D, 0xEF5D, 0xEF5D, 0xEF5D, 0xEF5D, 0xEF5D, 0xEF5D,
    0xEF5D, 0xEF5D, 0xE71C, 0xCE59, 0xD6BA, 0xDEDB, 0xEF5D, 0xCE59, 0xF79E, 0xEF7D, 0xEF7D, 0xEF7D,
    0xEF7D, 0xCE59, 0xEF7D, 0xEF5D, 0xEF5D, 0xEF5D, 0xEF7D, 0xEF7D, 0xEF7D, 0xEF7D, 0xEF7D, 0xEF7D,
    0xBDF7, 0xD6BA, 0xEF7D, 0xEF7D, 0xDEDB, 0xE71C, 0xEF7D, 0xEF7D, 0xEF7D, 0xEF7D, 0xDEDB, 0xDEFB,
    0xEF7D, 0xEF7D, 0xEF7D, 0xEF5D, 0xEF5D, 0xEF5D, 0xEF7D, 0xEF7D, 0xEF7D, 0xC618, 0xEF5D, 0xC638,
    0xF79E, 0xEF7D, 0xCE79, 0xF79E, 0xF79E, 0xF79E, 0xF7BE, 0xF7BE, 0xF7BE, 0xFFDF, 0xFFDF, 0xF7BE,
    0xF79E, 0xD69A, 0xD69A, 0xF7BE, 0xFFDF, 0xFFDF, 0xFFDF, 0xFFDF, 0xFFDF, 0xFFDF, 0xF7BE, 0xF7BE,
    0xF79E, 0xD69A, 0xF79E, 0xEF7D, 0xEF7D, 0xEF7D, 0xEF7D, 0xEF7D, 0xDEFB, 0xDEDB, 0xDEFB, 0xEF5D,
    0xE71C, 0xDEFB, 0xDEFB, 0xEF5D, 0xEF5D, 0xD6BA, 0xE73C, 0xEF7D, 0xEF7D, 0xEF7D, 0xD69A, 0xE73C,
    0xEF7D, 0xEF5D, 0xEF5D, 0xEF5D, 0xEF5D, 0xEF5D, 0xD69A, 0xD69A, 0xEF5D, 0xEF5D, 0xE71C, 0xE71C,
    0xE73C, 0xEF5D, 0xEF5D, 0xCE59, 0xEF7D, 0xEF7D, 0xEF7D, 0xEF7D, 0xCE59, 0xEF5D, 0xEF5D, 0xEF5D,
    0xEF5D, 0xEF5D, 0xEF5D, 0xE73C, 0xCE59, 0xE73C, 0xEF5D, 0xEF5D, 0xD6BA, 0xD6BA, 0xEF7D, 0xEF7D,
    0xDEDB, 0xE71C, 0xEF7D, 0xEF7D, 0xEF7D, 0xD69A, 0xE71C, 0xEF5D, 0xEF5D, 0xEF5D, 0xEF5D, 0xEF5D,
    0xEF5D, 0xE73C, 0xC618, 0xEF5D, 0xEF5D, 0xDEFB, 0xEF5D, 0xEF5D, 0xEF5D, 0xEF5D, 0xC638, 0xEF7D,
    0xEF7D, 0xEF7D, 0xEF7D, 0xC638, 0xEF5D, 0xEF5D, 0xEF5D, 0xEF5D, 0xEF5D, 0xEF5D, 0xDEDB, 0xD69A,
    0xEF5D, 0xEF7D, 0xE73C, 0xCE79, 0xD69A, 0xEF7D, 0xF79E, 0xE71C, 0xE71C, 0xF79E, 0xF79E, 0xF7BE,
    0xF7BE, 0xF7BE, 0xFFDF, 0xFFDF, 0xF7BE, 0xF79E, 0xD69A, 0xD69A, 0xF7BE, 0xFFDF, 0xFFDF, 0xFFDF,
    0xFFDF, 0xFFDF, 0xFFDF, 0xF7BE, 0xF7BE, 0xE71C, 0xE71C, 0xEF7D, 0xEF7D, 0xEF7D, 0xEF5D, 0xEF5D,
    0xEF5D, 0xB5B6, 0xB596, 0x630C, 0xE73C, 0xEF5D, 0xEF5D, 0xEF5D, 0xEF5D, 0xEF5D, 0xEF5D, 0xCE59,
    0xEF7D, 0xEF7D, 0xEF7D, 0xC638, 0xEF5D, 0xEF5D, 0xEF5D, 0xEF5D, 0xEF5D, 0xEF5D, 0xCE79, 0xA514,
    0xA534, 0xC638, 0xEF5D, 0xEF5D, 0xEF5D, 0xEF5D, 0xEF5D, 0xEF5D, 0xC638, 0xEF7D, 0xEF7D, 0xEF7D,
    0xDEDB, 0xDEDB, 0xEF5D, 0xEF5D, 0xEF5D, 0xEF5D, 0xEF5D, 0xE73C, 0x8C51, 0xBDF7, 0x8C51, 0xE73C,
    0xEF5D, 0xEF5D, 0xEF5D, 0xEF5D, 0xEF5D, 0xEF5D, 0xCE59, 0xEF7D, 0xEF5D, 0xEF5D, 0xCE59, 0xEF5D,
    0xEF5D, 0xEF5D, 0xEF5D, 0xEF5D, 0xEF5D, 0xEF5D, 0xB5B6, 0xD69A, 0xEF5D, 0xEF5D, 0xEF5D, 0xEF5D,
    0xEF5D, 0xEF5D, 0xEF5D, 0xCE79, 0xEF5D, 0xEF5D, 0xEF7D, 0xE71C, 0xD69A, 0xEF5D, 0xEF5D, 0xEF5D,
    0xEF5D, 0xEF5D, 0xEF5D, 0xE73C, 0x9492, 0xEF5D, 0xEF5D, 0xEF5D, 0xEF5D, 0xEF7D, 0xEF7D, 0xEF7D,
    0xEF7D, 0xCE79, 0xF79E, 0xF79E, 0xF7BE, 0xF7BE, 0xF7BE, 0xF7BE, 0xF7BE, 0xF7BE, 0xF79E, 0xD69A,
    0xD69A, 0xF7BE, 0xFFDF, 0xFFDF, 0xFFDF, 0xFFDF, 0xFFDF, 0xFFDF, 0xF7BE, 0xF7BE, 0xD6BA, 0xEF5D,
    0xEF7D, 0xEF7D, 0xEF7D, 0xEF5D, 0xEF5D, 0xEF7D, 0xEF5D, 0xCE79, 0xA534, 0xEF5D, 0xEF5D, 0xEF5D,
    0xEF5D, 0xEF5D, 0xEF5D, 0xEF5D, 0xCE59, 0xEF5D, 0xEF5D, 0xEF7D, 0xBDF7, 0xEF5D, 0xEF5D, 0xEF5D,
    0xEF5D, 0xEF5D, 0xEF5D, 0xD69A, 0x94B2, 0x9CD3, 0xCE79, 0xEF5D, 0xEF5D, 0xEF5D, 0xEF5D, 0xEF5D,
    0xEF5D, 0xCE59, 0xEF5D, 0xEF7D, 0xEF7D, 0xD69A, 0xE71C, 0xEF5D, 0xEF5D, 0xEF5D, 0xEF5D, 0xEF5D,
    0xDEFB, 0x9CD3, 0xEF5D, 0x8C71, 0xDEFB, 0xEF5D, 0xEF5D, 0xEF5D, 0xEF5D, 0xEF5D, 0xEF5D, 0xCE59,
    0xEF7D, 0xEF5D, 0xEF5D, 0xCE59, 0xEF5D, 0xEF5D, 0xEF5D, 0xEF5D, 0xEF5D, 0xEF5D, 0xEF5D, 0x9492,
    0xEF5D, 0xEF5D, 0xEF5D, 0xEF5D, 0xEF5D, 0xEF5D, 0xEF5D, 0xEF5D, 0xD69A, 0xDEFB, 0xEF5D, 0xEF5D,
    0xD69A, 0xDEFB, 0xEF5D, 0xEF5D, 0xEF5D, 0xEF5D, 0xEF5D, 0xEF5D, 0xEF5D, 0xA514, 0xE73C, 0xEF5D,
    0xEF5D, 0xEF5D, 0xEF7D, 0xEF7D, 0xEF7D, 0xEF7D, 0xCE79, 0xF79E, 0xF79E, 0xF7BE, 0xF7BE, 0xF7BE,
    0xF7BE, 0xF7BE, 0xF7BE, 0xF79E, 0xD69A, 0xD69A, 0xF7BE, 0xFFDF, 0xFFDF, 0xFFDF, 0xFFDF, 0xFFDF,
    0xFFDF, 0xF7BE, 0xF7BE, 0xD6BA, 0xE73C, 0xEF7D, 0xEF7D, 0xEF5D, 0xEF5D, 0xEF5D, 0xEF5D, 0xEF5D,
    0x9492, 0xDEFB, 0xEF5D, 0xEF5D, 0xEF5D, 0xEF5D, 0xEF5D, 0xEF5D, 0xE73C, 0xC638, 0xEF5D, 0xEF5D,
    0xEF5D, 0xBDF7, 0xEF5D, 0xEF5D, 0xEF5D, 0xEF5D, 0xEF5D, 0xEF5D, 0xBDD7, 0xAD75, 0xB596, 0xBDF7,
    0xEF5D, 0xEF5D, 0xEF5D, 0xEF5D, 0xEF5D, 0xEF5D, 0xC638, 0xEF5D, 0xEF5D, 0xEF5D, 0xD69A, 0xDEDB,
    0xEF5D, 0xEF5D, 0xEF5D, 0xEF5D, 0xEF5D, 0xEF5D, 0xB5B6, 0x8C71, 0x8C71, 0xEF5D, 0xEF5D, 0xEF5D,
    0xEF5D, 0xEF5D, 0xEF5D, 0xE73C, 0xC638, 0xEF5D, 0xEF5D, 0xEF5D, 0xC618, 0xEF5D, 0xEF5D, 0xEF5D,
    0xEF5D, 0xEF5D, 0xEF5D, 0xEF5D, 0x8C71, 0xEF5D, 0xEF5D, 0xEF5D, 0xEF5D, 0xEF5D, 0xEF5D, 0xEF5D,
    0xEF5D, 0xCE59, 0xE71C, 0xEF5D, 0xEF5D, 0xDEDB, 0xD69A, 0xEF5D, 0xEF5D, 0xEF5D, 0xEF5D, 0xEF5D,
    0xEF5D, 0xEF5D, 0xAD55, 0xE71C, 0xEF5D, 0xEF5D, 0xEF5D, 0xEF5D, 0xEF7D, 0xEF7D, 0xEF7D, 0xC638,
    0xF79E, 0xF79E, 0xF7BE, 0xF7BE, 0xF7BE, 0xF7BE, 0xF7BE, 0xF7BE, 0xF79E, 0xD69A, 0xD69A, 0xF7BE,
    0xFFDF, 0xFFDF, 0xFFDF, 0xFFDF, 0xFFDF, 0xFFDF, 0xF7BE, 0xF7BE, 0xE71C, 0xCE59, 0xEF7D, 0xEF7D,
    0xEF5D, 0xEF5D, 0xEF5D, 0xEF5D, 0xD69A, 0x9CD3, 0xEF5D, 0xEF5D, 0xEF5D, 0xEF5D, 0xEF5D, 0xEF5D,
    0xEF5D, 0xD69A, 0xD69A, 0xEF5D, 0xEF5D, 0xEF5D, 0xB5B6, 0xE71C, 0xEF5D, 0xEF5D, 0xE73C, 0xE73C,
    0xE73C, 0xAD55, 0xB5B6, 0xBDF7, 0xAD75, 0xE73C, 0xEF5D, 0xEF5D, 0xE73C, 0xEF5D, 0xE73C, 0xBDD7,
    0xEF5D, 0xEF5D, 0xEF5D, 0xDEFB, 0xBDF7, 0xEF5D, 0xEF5D, 0xEF5D, 0xEF5D, 0xEF5D, 0xEF5D, 0xE73C,
    0x8C51, 0xDEFB, 0xEF5D, 0xEF5D, 0xEF5D, 0xEF5D, 0xEF5D, 0xEF5D, 0xDEDB, 0xCE59, 0xEF5D, 0xEF5D,
    0xEF5D, 0xBDF7, 0xE71C, 0xEF5D, 0xEF5D, 0xEF5D, 0xEF5D, 0xEF5D, 0xEF5D, 0xA514, 0xDEFB, 0xE73C,
    0xE73C, 0xEF5D, 0xEF5D, 0xE73C, 0xE73C, 0xEF5D, 0xB5B6, 0xE73C, 0xEF5D, 0xEF5D, 0xE73C, 0xBDD7,
    0xEF5D, 0xEF5D, 0xEF5D, 0xEF5D, 0xEF5D, 0xEF5D, 0xEF5D, 0x9492, 0xEF5D, 0xEF5D, 0xEF5D, 0xEF5D,
    0xEF5D, 0xEF5D, 0xEF7D, 0xE71C, 0xCE59, 0xF79E, 0xF79E, 0xF7BE, 0xF7BE, 0xF7BE, 0xF7BE, 0xF7BE,
    0xF7BE, 0xF79E, 0xD69A, 0xD69A, 0xF7BE, 0xFFDF, 0xFFDF, 0xFFDF, 0xFFDF, 0xFFDF, 0xF7BE, 0xF7BE,
    0xF7BE, 0xEF7D, 0xB596, 0xE73C, 0xEF7D, 0xEF5D, 0xEF5D, 0xEF5D, 0xEF5D, 0xD6BA, 0xDEFB, 0xEF5D,
    0xE73C, 0xE73C, 0xE73C, 0xE73C, 0xE73C, 0xE73C, 0xAD75, 0xE71C, 0xEF5D, 0xEF5D, 0xEF5D, 0xCE79,
    0xBDD7, 0xE73C, 0xE73C, 0xE73C, 0xE73C, 0xE73C, 0xE73C, 0xBDD7, 0xBDF7, 0xE73C, 0xE73C, 0xE73C,
    0xE73C, 0xE73C, 0xE73C, 0xCE79, 0xC618, 0xEF5D, 0xEF5D, 0xEF5D, 0xE73C, 0xA534, 0xDEDB, 0xE73C,
    0xE73C, 0xE73C, 0xE73C, 0xE73C, 0xE71C, 0xCE59, 0xE73C, 0xE73C, 0xE73C, 0xE73C, 0xE73C, 0xEF5D,
    0xE73C, 0xAD55, 0xDEFB, 0xEF5D, 0xEF5D, 0xEF5D, 0xD69A, 0xB5B6, 0xE73C, 0xEF5D, 0xE73C, 0xE73C,
    0xE73C, 0xE73C, 0xD6BA, 0xB596, 0xE73C, 0xE73C, 0xE73C, 0xE73C, 0xE73C, 0xE73C, 0xD69A, 0xB5B6,
    0xEF5D, 0xEF5D, 0xEF5D, 0xEF5D, 0xAD75, 0xDEDB, 0xEF5D, 0xEF5D, 0xEF5D, 0xE73C, 0xE73C, 0xD6BA,
    0xB596, 0xE73C, 0xE73C, 0xEF5D, 0xEF5D, 0xEF5D, 0xEF5D, 0xEF5D, 0xB5B6, 0xE71C, 0xF79E, 0xF79E,
    0xF7BE, 0xF7BE, 0xF7BE, 0xF7BE, 0xF7BE, 0xF7BE, 0xF79E, 0xD69A, 0xD69A, 0xF7BE, 0xFFDF, 0xFFDF,
    0xFFDF, 0xFFDF, 0xFFDF, 0xF7BE, 0xF7BE, 0xF7BE, 0xF79E, 0xD69A, 0xA534, 0xE71C, 0xEF5D, 0xEF5D,
    0xEF5D, 0xEF5D, 0xEF5D, 0xE73C, 0xE73C, 0xE73C, 0xE73C, 0xE73C, 0xE73C, 0xE71C, 0xAD55, 0xC618,
    0xE73C, 0xEF5D, 0xEF5D, 0xEF5D, 0xE71C, 0xA514, 0xBDF7, 0xE73C, 0xE73C, 0xE73C, 0xE73C, 0xE73C,
    0xE73C, 0xE73C, 0xE73C, 0xE73C, 0xE73C, 0xE73C, 0xE73C, 0xD69A, 0xA514, 0xDEDB, 0xEF5D, 0xEF5D,
    0xEF5D, 0xE73C, 0xCE59, 0x9CD3, 0xDEDB, 0xE73C, 0xE73C, 0xE73C, 0xE73C, 0xE73C, 0xE73C, 0xE73C,
    0xE73C, 0xE73C, 0xE73C, 0xE73C, 0xE71C, 0xAD75, 0xBDD7, 0xE73C, 0xEF5D, 0xEF5D, 0xEF5D, 0xE71C,
    0xAD55, 0xBDD7, 0xE73C, 0xE73C, 0xE73C, 0xE73C, 0xE73C, 0xE73C, 0xE71C, 0xE73C, 0xE73C, 0xE73C,
    0xE73C, 0xE73C, 0xD69A, 0x9CD3, 0xD6BA, 0xEF5D, 0xEF5D, 0xEF5D, 0xEF5D, 0xD69A, 0x9CD3, 0xDEDB,
    0xE73C, 0xE73C, 0xE73C, 0xE73C, 0xE73C, 0xE73C, 0xE73C, 0xE73C, 0xEF5D, 0xEF5D, 0xEF5D, 0xE73C,
    0xB5B6, 0xBDD7, 0xEF5D, 0xEF7D, 0xF79E, 0xF7BE, 0xF7BE, 0xF7BE, 0xF7BE, 0xF7BE, 0xF7BE, 0xF79E,
    0xD69A, 0xD69A, 0xF7BE, 0xFFDF, 0xFFDF, 0xFFDF, 0xFFDF, 0xFFDF, 0xFFDF, 0xF7BE, 0xF7BE, 0xF79E,
    0xE73C, 0xC618, 0x94B2, 0xB596, 0xCE79, 0xDEDB, 0xD6BA, 0xD6BA, 0xD6BA, 0xD6BA, 0xD6BA, 0xD6BA,
    0xCE79, 0xB5B6, 0x94B2, 0xB5B6, 0xDEFB, 0xE73C, 0xEF5D, 0xEF5D, 0xEF5D, 0xE73C, 0xD69A, 0x9CF3,
    0x9CD3, 0xBDF7, 0xD69A, 0xD6BA, 0xD6BA, 0xD6BA, 0xD6BA, 0xD6BA, 0xD6BA, 0xD6BA, 0xC638, 0xA534,
    0x9CD3, 0xCE79, 0xE73C, 0xEF5D, 0xEF5D, 0xEF5D, 0xEF5D, 0xE71C, 0xBDF7, 0x8C71, 0xAD75, 0xCE59,
    0xD6BA, 0xD6BA, 0xD6BA, 0xD6BA, 0xD6BA, 0xD6BA, 0xD6BA, 0xCE79, 0xB5B6, 0x94B2, 0xB596, 0xDEDB,
    0xE73C, 0xEF5D, 0xEF5D, 0xEF5D, 0xEF5D, 0xD6BA, 0xA534, 0x9CD3, 0xBDF7, 0xD69A, 0xD6BA, 0xD6BA,
    0xD6BA, 0xD6BA, 0xD6BA, 0xD6BA, 0xD6BA, 0xC638, 0xA534, 0x94B2, 0xC638, 0xE73C, 0xEF5D, 0xEF5D,
    0xEF5D, 0xEF5D, 0xE71C, 0xC618, 0x9492, 0xAD55, 0xCE59, 0xD6BA, 0xD6BA, 0xD6BA, 0xD6BA, 0xD6BA,
    0xD6BA, 0xD6BA, 0xD69A, 0xBDF7, 0x9CD3, 0xAD75, 0xDEFB, 0xEF7D, 0xF79E, 0xF79E, 0xF7BE, 0xF7BE,
    0xF7BE, 0xF7BE, 0xF7BE, 0xF7BE, 0xF79E, 0xD69A, 0xD69A, 0xF7BE, 0xFFDF, 0xFFDF, 0xFFDF, 0xFFDF,
    0xFFDF, 0xFFDF, 0xF7BE, 0xF7BE, 0xF79E, 0xEF7D, 0xE71C, 0xCE59, 0xB596, 0x9CD3, 0x9492, 0x9492,
    0x9492, 0x9492, 0x9492, 0x8C71, 0x8C71, 0x94B2, 0xAD55, 0xC638, 0xDEDB, 0xE73C, 0xE73C, 0xEF5D,
    0xEF5D, 0xEF5D, 0xEF5D, 0xE71C, 0xD69A, 0xBDD7, 0xA514, 0x9492, 0x8C71, 0x8C71, 0x8C71, 0x8C71,
    0x8C71, 0x8C71, 0x8C71, 0x9CF3, 0xB5B6, 0xCE79, 0xE71C, 0xEF5D, 0xEF5D, 0xEF5D, 0xEF5D, 0xEF5D,
    0xE73C, 0xDEFB, 0xC638, 0xAD75, 0x9CD3, 0x9492, 0x8C71, 0x8C71, 0x8C71, 0x8C71, 0x8C71, 0x8C71,
    0x9492, 0xA534, 0xC618, 0xDEDB, 0xE73C, 0xE73C, 0xEF5D, 0xEF5D, 0xEF5D, 0xEF5D, 0xE73C, 0xD6BA,
    0xBDF7, 0xA534, 0x9492, 0x8C71, 0x8C71, 0x8C71, 0x8C71, 0x8C71, 0x8C71, 0x9492, 0x9CF3, 0xB596,
    0xCE79, 0xDEFB, 0xE73C, 0xEF5D, 0xEF5D, 0xEF5D, 0xEF5D, 0xE73C, 0xDEFB, 0xCE59, 0xB596, 0x9CD3,
    0x8C71, 0x8C71, 0x9492, 0x9492, 0x9492, 0x9492, 0x9492, 0x94B2, 0xAD55, 0xC618, 0xDEDB, 0xEF5D,
    0xEF7D, 0xF79E, 0xF79E, 0xF7BE, 0xF7BE, 0xF7BE, 0xF7BE, 0xF7BE, 0xF7BE, 0xF79E, 0xCE79, 0xD69A,
    0xF7BE, 0xFFDF, 0xFFDF, 0xFFDF, 0xFFDF, 0xFFDF, 0xF7BE, 0xF7BE, 0xF7BE, 0xF79E, 0xF79E, 0xEF5D,
    0xE73C, 0xDEFB, 0xD6BA, 0xD69A, 0xD69A, 0xD69A, 0xD69A, 0xD69A, 0xCE79, 0xCE79, 0xD69A, 0xDEDB,
    0xDEFB, 0xE73C, 0xEF5D, 0xEF5D, 0xEF5D, 0xEF5D, 0xEF5D, 0xEF5D, 0xEF5D, 0xE73C, 0xDEFB, 0xD6BA,
    0xD69A, 0xD69A, 0xD69A, 0xCE79, 0xCE79, 0xD69A, 0xD69A, 0xD69A, 0xD6BA, 0xDEDB, 0xE71C, 0xEF5D,
    0xEF5D, 0xEF5D, 0xEF5D, 0xEF5D, 0xEF5D, 0xEF5D, 0xE73C, 0xE71C, 0xDEDB, 0xD69A, 0xD69A, 0xD69A,
    0xD69A, 0xD69A, 0xCE79, 0xCE79, 0xCE79, 0xD69A, 0xD6BA, 0xDEFB, 0xE73C, 0xEF5D, 0xEF5D, 0xEF5D,
    0xEF5D, 0xEF5D, 0xEF5D, 0xEF5D, 0xE73C, 0xDEFB, 0xD6BA, 0xD69A, 0xD69A, 0xCE79, 0xCE79, 0xCE79,
    0xCE79, 0xCE79, 0xCE79, 0xD69A, 0xDEDB, 0xE71C, 0xEF5D, 0xEF5D, 0xEF5D, 0xEF5D, 0xEF5D, 0xEF5D,
    0xEF5D, 0xE73C, 0xE71C, 0xDEDB, 0xD69A, 0xD69A, 0xD69A, 0xD69A, 0xD69A, 0xD69A, 0xD69A, 0xD69A,
    0xD69A, 0xDEDB, 0xE71C, 0xEF5D, 0xEF7D, 0xEF7D, 0xEF7D, 0xF79E, 0xF79E, 0xF7BE, 0xF7BE, 0xF7BE,
    0xF7BE, 0xF7BE, 0xF79E, 0xCE79, 0xD69A, 0xF7BE, 0xFFDF, 0xFFDF, 0xFFDF, 0xFFDF, 0xFFDF, 0xF7BE,
    0xF7BE, 0xF7BE, 0xF79E, 0xF79E, 0xEF7D, 0xEF5D, 0xEF5D, 0xEF5D, 0xE73C, 0xE73C, 0xE73C, 0xE73C,
    0xE73C, 0xE73C, 0xE73C, 0xE73C, 0xEF5D, 0xEF5D, 0xEF5D, 0xEF5D, 0xEF5D, 0xEF5D, 0xEF5D, 0xEF5D,
    0xEF5D, 0xEF5D, 0xEF5D, 0xEF5D, 0xE73C, 0xE73C, 0xE73C, 0xE73C, 0xE73C, 0xE73C, 0xE73C, 0xE73C,
    0xE73C, 0xE73C, 0xEF5D, 0xEF5D, 0xEF5D, 0xEF5D, 0xEF5D, 0xEF5D, 0xEF5D, 0xEF5D, 0xEF5D, 0xEF5D,
    0xEF5D, 0xE73C, 0xE73C, 0xE73C, 0xE73C, 0xE73C, 0xE73C, 0xE73C, 0xE73C, 0xE73C, 0xE73C, 0xE73C,
    0xEF5D, 0xEF5D, 0xEF5D, 0xEF5D, 0xEF5D, 0xEF5D, 0xEF5D, 0xEF5D, 0xEF5D, 0xEF5D, 0xEF5D, 0xE73C,
    0xE73C, 0xE73C, 0xEF5D, 0xEF5D, 0xEF5D, 0xE73C, 0xE73C, 0xE73C, 0xE73C, 0xEF5D, 0xEF5D, 0xEF5D,
    0xEF5D, 0xEF5D, 0xEF5D, 0xEF5D, 0xEF5D, 0xEF5D, 0xEF5D, 0xEF5D, 0xE73C, 0xE73C, 0xE73C, 0xE73C,
    0xE73C, 0xE73C, 0xEF5D, 0xEF5D, 0xEF5D, 0xEF5D, 0xEF5D, 0xEF7D, 0xEF7D, 0xEF7D, 0xEF7D, 0xEF7D,
    0xF79E, 0xF79E, 0xF7BE, 0xF7BE, 0xF7BE, 0xF7BE, 0xF7BE, 0xF79E, 0xCE79, 0xD69A, 0xF7BE, 0xFFDF,
    0xFFDF, 0xFFDF, 0xFFDF, 0xFFDF, 0xFFDF, 0xF7BE, 0xF7BE, 0xF79E, 0xF79E, 0xEF7D, 0xEF7D, 0xF79E,
    0xF79E, 0xF79E, 0xF79E, 0xF79E, 0xF79E, 0xF79E, 0xF79E, 0xF79E, 0xEF7D, 0xEF7D, 0xEF7D, 0xEF7D,
    0xEF5D, 0xEF5D, 0xEF5D, 0xEF5D, 0xEF5D, 0xEF5D, 0xEF5D, 0xEF7D, 0xEF7D, 0xEF7D, 0xEF7D, 0xEF7D,
    0xF79E, 0xF79E, 0xF79E, 0xF79E, 0xF79E, 0xF79E, 0xF79E, 0xEF7D, 0xEF7D, 0xEF7D, 0xEF5D, 0xEF5D,
    0xEF5D, 0xEF5D, 0xEF5D, 0xEF5D, 0xEF7D, 0xEF7D, 0xEF7D, 0xEF7D, 0xEF7D, 0xF79E, 0xF79E, 0xF79E,
    0xF79E, 0xF79E, 0xF79E, 0xF79E, 0xEF7D, 0xEF7D, 0xEF7D, 0xEF5D, 0xEF5D, 0xEF5D, 0xEF5D, 0xEF5D,
    0xEF5D, 0xEF5D, 0xEF5D, 0xEF7D, 0xEF7D, 0xEF7D, 0xEF7D, 0xF79E, 0xF79E, 0xF79E, 0xF79E, 0xF79E,
    0xF79E, 0xF79E, 0xEF7D, 0xEF7D, 0xEF5D, 0xEF5D, 0xEF5D, 0xEF5D, 0xEF5D, 0xEF5D, 0xEF5D, 0xEF5D,
    0xEF7D, 0xEF7D, 0xEF7D, 0xEF7D, 0xF79E, 0xF79E, 0xF79E, 0xF79E, 0xF79E, 0xF79E, 0xF79E, 0xF79E,
    0xEF7D, 0xEF7D, 0xEF7D, 0xF79E, 0xF79E, 0xF79E, 0xF79E, 0xF7BE, 0xF7BE, 0xF7BE, 0xF7BE, 0xF7BE,
    0xF79E, 0xCE79, 0xD69A, 0xF7BE, 0xFFDF, 0xFFDF, 0xFFDF, 0xFFDF, 0xFFDF, 0xFFDF, 0xF7BE, 0xF7BE,
    0xF79E, 0xF79E, 0xF79E, 0xF79E, 0xEF5D, 0xDEDB, 0xD6BA, 0xD69A, 0xD69A, 0xD69A, 0xD69A, 0xD69A,
    0xD69A, 0xD6BA, 0xE71C, 0xF79E, 0xEF7D, 0xEF7D, 0xEF5D, 0xEF5D, 0xEF5D, 0xEF5D, 0xEF5D, 0xEF7D,
    0xF79E, 0xEF7D, 0xDEFB, 0xD6BA, 0xD69A, 0xD69A, 0xD69A, 0xD69A, 0xD69A, 0xD69A, 0xD6BA, 0xDEDB,
    0xEF7D, 0xF79E, 0xEF7D, 0xEF5D, 0xEF5D, 0xEF5D, 0xEF5D, 0xEF5D, 0xEF5D, 0xEF7D, 0xF79E, 0xEF5D,
    0xDEDB, 0xD69A, 0xD69A, 0xD69A, 0xD69A, 0xD69A, 0xD69A, 0xD69A, 0xD6BA, 0xE71C, 0xF79E, 0xEF7D,
    0xEF7D, 0xEF5D, 0xEF5D, 0xEF5D, 0xEF5D, 0xEF5D, 0xEF7D, 0xEF7D, 0xF79E, 0xDEFB, 0xD6BA, 0xD69A,
    0xD69A, 0xD6BA, 0xD6BA, 0xD6BA, 0xD6BA, 0xD6BA, 0xDEDB, 0xEF5D, 0xF79E, 0xEF7D, 0xEF7D, 0xEF5D,
    0xEF5D, 0xEF5D, 0xEF5D, 0xEF7D, 0xEF7D, 0xF79E, 0xEF5D, 0xDEDB, 0xD6BA, 0xD69A, 0xD69A, 0xD69A,
    0xD69A, 0xD69A, 0xD69A, 0xD6BA, 0xE71C, 0xF79E, 0xF79E, 0xF79E, 0xF79E, 0xF79E, 0xF79E, 0xF7BE,
    0xF7BE, 0xF7BE, 0xF7BE, 0xF7BE, 0xF7BE, 0xF79E, 0xD69A, 0xD69A, 0xF7BE, 0xFFDF, 0xFFDF, 0xFFDF,
    0xFFDF, 0xFFDF, 0xFFDF, 0xF7BE, 0xF7BE, 0xF79E, 0xF79E, 0xEF7D, 0xCE79, 0xDEFB, 0xF79E, 0xF79E,
    0xF79E, 0xF79E, 0xEF7D, 0xEF7D, 0xEF7D, 0xEF5D, 0xCE59, 0xCE79, 0xCE79, 0xE71C, 0xEF7D, 0xEF7D,
    0xEF5D, 0xEF5D, 0xEF5D, 0xEF7D, 0xEF7D, 0xDEDB, 0xD69A, 0xE73C, 0xEF7D, 0xEF7D, 0xEF7D, 0xEF7D,
    0xEF7D, 0xEF7D, 0xEF7D, 0xDEFB, 0xCE59, 0xD6BA, 0xCE79, 0xF79E, 0xEF7D, 0xEF5D, 0xEF5D, 0xEF5D,
    0xEF5D, 0xEF7D, 0xEF5D, 0xCE79, 0xDEDB, 0xEF7D, 0xEF7D, 0xEF7D, 0xEF7D, 0xEF7D, 0xEF7D, 0xEF7D,
    0xF79E, 0xCE59, 0xBDF7, 0xCE79, 0xE71C, 0xF79E, 0xEF7D, 0xEF5D, 0xEF5D, 0xEF5D, 0xEF7D, 0xEF7D,
    0xDEDB, 0xD69A, 0xE73C, 0xEF7D, 0xEF7D, 0xEF7D, 0xEF7D, 0xEF7D, 0xEF7D, 0xEF7D, 0xDEFB, 0xDEFB,
    0xD69A, 0xD69A, 0xF79E, 0xEF7D, 0xEF5D, 0xEF5D, 0xEF5D, 0xEF5D, 0xEF7D, 0xEF7D, 0xCE79, 0xDEDB,
    0xEF7D, 0xEF7D, 0xEF7D, 0xEF7D, 0xEF7D, 0xF79E, 0xF79E, 0xE71C, 0xF79E, 0xD69A, 0xD69A, 0xE71C,
    0xF79E, 0xF79E, 0xF79E, 0xF79E, 0xF7BE, 0xF7BE, 0xF7BE, 0xF7BE, 0xF7BE, 0xF7BE, 0xF79E, 0xD6BA,
    0xD69A, 0xF7BE, 0xFFDF, 0xFFDF, 0xFFDF, 0xFFDF, 0xFFDF, 0xFFDF, 0xF7BE, 0xF7BE, 0xF79E, 0xEF7D,
    0xCE79, 0xF79E, 0xF79E, 0xEF7D, 0xEF7D, 0xEF7D, 0xEF7D, 0xEF5D, 0xEF5D, 0xEF5D, 0xE71C, 0xB596,
    0xCE79, 0xEF7D, 0xD6BA, 0xE71C, 0xEF7D, 0xEF5D, 0xEF5D, 0xEF5D, 0xEF7D, 0xD69A, 0xE71C, 0xEF5D,
    0xEF7D, 0xEF7D, 0xEF5D, 0xEF5D, 0xEF5D, 0xEF5D, 0xEF5D, 0xEF5D, 0xD69A, 0xCE59, 0xEF5D, 0xEF5D,
    0xC638, 0xEF7D, 0xEF7D, 0xEF5D, 0xEF5D, 0xEF7D, 0xEF5D, 0xCE59, 0xEF5D, 0xEF5D, 0xEF5D, 0xEF5D,
    0xEF5D, 0xEF5D, 0xEF5D, 0xEF5D, 0xEF5D, 0xEF5D, 0xD6BA, 0xDEFB, 0xEF7D, 0xD69A, 0xDEFB, 0xEF7D,
    0xEF5D, 0xEF5D, 0xEF5D, 0xEF7D, 0xD6BA, 0xDEFB, 0xEF7D, 0xEF7D, 0xEF7D, 0xEF5D, 0xEF5D, 0xEF5D,
    0xEF5D, 0xEF5D, 0xEF5D, 0xC638, 0xCE79, 0xE73C, 0xEF5D, 0xCE59, 0xEF7D, 0xEF7D, 0xEF5D, 0xEF5D,
    0xEF7D, 0xEF7D, 0xC638, 0xEF5D, 0xEF7D, 0xEF7D, 0xEF5D, 0xEF5D, 0xEF5D, 0xEF7D, 0xEF7D, 0xEF7D,
    0xE71C, 0xC638, 0xCE79, 0xEF7D, 0xDEFB, 0xDEFB, 0xF79E, 0xF79E, 0xF79E, 0xF7BE, 0xF7BE, 0xF7BE,
    0xF7BE, 0xF7BE, 0xF7BE, 0xF79E, 0xD69A, 0xD69A, 0xF7BE, 0xFFDF, 0xFFDF, 0xFFDF, 0xFFDF, 0xFFDF,
    0xFFDF, 0xF7BE, 0xF7BE, 0xF7BE, 0xCE59, 0xEF7D, 0xF79E, 0xEF7D, 0xEF7D, 0xEF7D, 0xEF7D, 0xEF5D,
    0xEF5D, 0xEF5D, 0xEF5D, 0xE71C, 0xCE59, 0xCE79, 0xEF5D, 0xEF5D, 0xCE59, 0xEF7D, 0xEF7D, 0xEF5D,
    0xEF5D, 0xE71C, 0xD6BA, 0xEF5D, 0xEF5D, 0xEF5D, 0xEF5D, 0xEF5D, 0xEF5D, 0xEF5D, 0xEF5D, 0xEF5D,
    0xEF5D, 0xD6BA, 0xBDD7, 0xEF5D, 0xEF5D, 0xE71C, 0xD69A, 0xEF7D, 0xEF7D, 0xEF5D, 0xEF7D, 0xC638,
    0xEF5D, 0xEF5D, 0xEF5D, 0xEF5D, 0xEF5D, 0xEF5D, 0xEF5D, 0xEF5D, 0xEF5D, 0xEF5D, 0xEF5D, 0xDEDB,
    0xE71C, 0xEF5D, 0xEF5D, 0xC638, 0xEF7D, 0xEF7D, 0xEF5D, 0xEF5D, 0xE71C, 0xD69A, 0xEF7D, 0xEF5D,
    0xEF5D, 0xEF5D, 0xEF5D, 0xEF5D, 0xEF5D, 0xEF5D, 0xEF5D, 0xEF5D, 0xC638, 0xBDD7, 0xEF5D, 0xEF5D,
    0xE73C, 0xCE79, 0xEF7D, 0xEF5D, 0xEF5D, 0xEF7D, 0xCE59, 0xEF5D, 0xEF5D, 0xEF5D, 0xEF5D, 0xEF5D,
    0xEF5D, 0xEF5D, 0xEF5D, 0xEF5D, 0xEF5D, 0xEF5D, 0xB5B6, 0xEF5D, 0xEF7D, 0xEF7D, 0xD69A, 0xEF7D,
    0xF79E, 0xF79E, 0xF79E, 0xF7BE, 0xF7BE, 0xF7BE, 0xF7BE, 0xF7BE, 0xF79E, 0xCE79, 0xD69A, 0xF7BE,
    0xFFDF, 0xFFDF, 0xFFDF, 0xFFDF, 0xFFDF, 0xFFDF, 0xF7BE, 0xF7BE, 0xEF5D, 0xDEDB, 0xEF7D, 0xEF7D,
    0xEF7D, 0xEF5D, 0xEF5D, 0xEF5D, 0xEF5D, 0xCE79, 0xBDD7, 0xEF5D, 0xEF5D, 0xEF5D, 0xEF5D, 0xEF5D,
    0xEF5D, 0xE71C, 0xD6BA, 0xEF7D, 0xEF5D, 0xEF5D, 0xCE59, 0xEF5D, 0xEF5D, 0xEF5D, 0xEF5D, 0xEF5D,
    0xEF5D, 0xD6BA, 0x8C51, 0x8C71, 0xD6BA, 0xEF5D, 0xEF5D, 0xEF5D, 0xEF5D, 0xEF5D, 0xEF5D, 0xC638,
    0xEF7D, 0xEF7D, 0xEF7D, 0xE73C, 0xCE79, 0xEF5D, 0xEF5D, 0xEF5D, 0xEF5D, 0xEF5D, 0xEF5D, 0xEF5D,
    0xAD55, 0xE73C, 0xEF5D, 0xEF5D, 0xEF5D, 0xEF5D, 0xEF5D, 0xEF5D, 0xE71C, 0xD69A, 0xEF7D, 0xEF5D,
    0xEF5D, 0xCE59, 0xEF5D, 0xEF5D, 0xEF5D, 0xEF5D, 0xEF5D, 0xEF5D, 0xEF5D, 0xEF5D, 0xEF5D, 0xEF5D,
    0xEF5D, 0xEF5D, 0xEF5D, 0xEF5D, 0xEF5D, 0xEF5D, 0xC638, 0xEF7D, 0xEF5D, 0xEF5D, 0xEF5D, 0xCE59,
    0xEF5D, 0xEF5D, 0xEF5D, 0xEF5D, 0xEF5D, 0xEF5D, 0xEF5D, 0xE71C, 0xEF5D, 0xEF5D, 0xEF5D, 0xEF5D,
    0xEF7D, 0xEF7D, 0xEF7D, 0xEF5D, 0xD69A, 0xF79E, 0xF79E, 0xF79E, 0xF7BE, 0xF7BE, 0xF7BE, 0xF7BE,
    0xF7BE, 0xF79E, 0xCE79, 0xD69A, 0xF7BE, 0xFFDF, 0xFFDF, 0xFFDF, 0xFFDF, 0xFFDF, 0xFFDF, 0xF7BE,
    0xF7BE, 0xDEDB, 0xE73C, 0xEF7D, 0xEF7D, 0xEF5D, 0xEF5D, 0xEF5D, 0xEF5D, 0xE71C, 0x7BEF, 0x9CD3,
    0xEF5D, 0xEF5D, 0xEF5D, 0xEF5D, 0xEF5D, 0xEF5D, 0xEF5D, 0xCE59, 0xEF5D, 0xEF5D, 0xEF5D, 0xC618,
    0xEF5D, 0xEF5D, 0xEF5D, 0xEF5D, 0xEF5D, 0xEF5D, 0xCE59, 0xB596, 0xE73C, 0xEF5D, 0xEF5D, 0xEF5D,
    0xEF5D, 0xEF5D, 0xEF5D, 0xEF5D, 0xC638, 0xEF5D, 0xEF5D, 0xEF5D, 0xD6BA, 0xDEFB, 0xEF5D, 0xEF5D,
    0xEF5D, 0xEF5D, 0xEF5D, 0xEF5D, 0xCE59, 0xA534, 0xEF5D, 0xEF5D, 0xEF5D, 0xEF5D, 0xEF5D, 0xEF5D,
    0xEF5D, 0xEF5D, 0xCE59, 0xEF5D, 0xEF5D, 0xEF5D, 0xCE59, 0xEF5D, 0xEF5D, 0xEF5D, 0xEF5D, 0xEF5D,
    0xEF5D, 0xB5B6, 0xC638, 0xB5B6, 0xC618, 0xEF5D, 0xEF5D, 0xEF5D, 0xEF5D, 0xEF5D, 0xEF5D, 0xD69A,
    0xE71C, 0xEF5D, 0xEF5D, 0xDEDB, 0xDEDB, 0xEF5D, 0xEF5D, 0xEF5D, 0xEF5D, 0xEF5D, 0xEF5D, 0xE71C,
    0x8C51, 0xEF5D, 0xEF5D, 0xEF5D, 0xEF5D, 0xEF5D, 0xEF5D, 0xEF7D, 0xEF7D, 0xCE79, 0xF79E, 0xF79E,
    0xF79E, 0xF7BE, 0xF7BE, 0xF7BE, 0xF7BE, 0xF7BE, 0xF79E, 0xCE79, 0xD69A, 0xF7BE, 0xFFDF, 0xFFDF,
    0xFFDF, 0xFFDF, 0xFFDF, 0xFFDF, 0xF7BE, 0xF7BE, 0xD6BA, 0xEF5D, 0xEF7D, 0xEF7D, 0xEF5D, 0xEF5D,
    0xEF5D, 0xEF5D, 0x9CF3, 0xCE59, 0x9CD3, 0xEF5D, 0xEF5D, 0xEF5D, 0xEF5D, 0xEF5D, 0xEF5D, 0xEF5D,
    0xC638, 0xEF5D, 0xEF5D, 0xEF5D, 0xBDF7, 0xE73C, 0xE73C, 0xEF5D, 0xEF5D, 0xEF5D, 0xEF5D, 0xD6BA,
    0xAD55, 0x8C51, 0xCE79, 0xEF5D, 0xEF5D, 0xEF5D, 0xE73C, 0xE73C, 0xEF5D, 0xC638, 0xEF5D, 0xEF5D,
    0xEF5D, 0xD69A, 0xDEFB, 0xEF5D, 0xEF5D, 0xEF5D, 0xEF5D, 0xEF5D, 0xE73C, 0x738E, 0x9CF3, 0x94B2,
    0xE73C, 0xEF5D, 0xEF5D, 0xE73C, 0xEF5D, 0xEF5D, 0xE73C, 0xC638, 0xEF5D, 0xEF5D, 0xEF5D, 0xC638,
    0xEF5D, 0xEF5D, 0xEF5D, 0xEF5D, 0xEF5D, 0xEF5D, 0xE73C, 0x738E, 0x8C71, 0xE73C, 0xEF5D, 0xEF5D,
    0xEF5D, 0xEF5D, 0xEF5D, 0xEF5D, 0xD69A, 0xDEDB, 0xEF5D, 0xEF5D, 0xD69A, 0xDEDB, 0xEF5D, 0xEF5D,
    0xEF5D, 0xEF5D, 0xEF5D, 0xBDD7, 0x9CD3, 0x9CD3, 0x9CD3, 0xCE79, 0xEF5D, 0xEF5D, 0xEF5D, 0xEF5D,
    0xEF5D, 0xEF5D, 0xCE59, 0xF79E, 0xF79E, 0xF79E, 0xF7BE, 0xF7BE, 0xF7BE, 0xF7BE, 0xF7BE, 0xF79E,
    0xD699, 0xD69A, 0xF7BE, 0xFFDF, 0xFFDF, 0xFFDF, 0xFFDF, 0xFFDF, 0xF7BE, 0xF7BE, 0xF79E, 0xDEFB,
    0xDEDB, 0xEF7D, 0xEF5D, 0xEF5D, 0xEF5D, 0xEF5D, 0xDEDB, 0x738E, 0x8C71, 0x630C, 0xDEDB, 0xEF5D,
    0xEF5D, 0xEF5D, 0xE73C, 0xE73C, 0xE71C, 0xC638, 0xEF5D, 0xEF5D, 0xEF5D, 0xB5B6, 0xE73C, 0xE73C,
    0xE73C, 0xE73C, 0xE73C, 0xE73C, 0xDEFB, 0xE73C, 0xCE79, 0xB596, 0xE73C, 0xE73C, 0xE73C, 0xEF5D,
    0xEF5D, 0xEF5D, 0xBDF7, 0xEF5D, 0xEF5D, 0xEF5D, 0xD6BA, 0xCE79, 0xE73C, 0xE73C, 0xE73C, 0xE73C,
    0xE73C, 0xDEFB, 0x9CD3, 0xEF5D, 0x9492, 0xDEFB, 0xE73C, 0xE73C, 0xE73C, 0xE73C, 0xE73C, 0xE71C,
    0xC618, 0xEF5D, 0xEF5D, 0xEF5D, 0xBDF7, 0xE73C, 0xEF5D, 0xEF5D, 0xE73C, 0xE73C, 0xEF5D, 0xB5B6,
    0xAD55, 0x9CD3, 0xC638, 0xEF5D, 0xEF5D, 0xEF5D, 0xE73C, 0xE73C, 0xE73C, 0xC618, 0xE71C, 0xEF5D,
    0xEF5D, 0xDEFB, 0xC638, 0xEF5D, 0xEF5D, 0xE73C, 0xE73C, 0xE73C, 0xEF5D, 0xE71C, 0xAD55, 0xEF5D,
    0xEF5D, 0xEF5D, 0xEF5D, 0xEF5D, 0xEF5D, 0xEF5D, 0xEF5D, 0xC638, 0xEF7D, 0xF79E, 0xF79E, 0xF7BE,
    0xF7BE, 0xF7BE, 0xF7BE, 0xF7BE, 0xF79E, 0xD6BA, 0xD69A, 0xF7BE, 0xFFDF, 0xFFDF, 0xFFDF, 0xFFDF,
    0xFFDF, 0xF7BE, 0xF7BE, 0xF79E, 0xEF5D, 0xBDD7, 0xEF5D, 0xEF5D, 0xEF5D, 0xEF5D, 0xEF5D, 0xEF5D,
    0xEF5D, 0xDEFB, 0xA534, 0xE73C, 0xE73C, 0xE73C, 0xE73C, 0xE73C, 0xE73C, 0xBDF7, 0xDEDB, 0xEF5D,
    0xEF5D, 0xEF5D, 0xBDD7, 0xD6BA, 0xE73C, 0xE73C, 0xE73C, 0xE73C, 0xE73C, 0xCE59, 0x94B2, 0x9492,
    0xD6BA, 0xE73C, 0xE73C, 0xE73C, 0xE73C, 0xE73C, 0xE71C, 0xB596, 0xE73C, 0xEF5D, 0xEF5D, 0xE71C,
    0xAD75, 0xE73C, 0xE73C, 0xE73C, 0xE73C, 0xE73C, 0xE73C, 0x9CF3, 0x9CD3, 0xA534, 0xE73C, 0xE73C,
    0xE73C, 0xE73C, 0xE73C, 0xE73C, 0xC618, 0xD69A, 0xE73C, 0xEF5D, 0xEF5D, 0xC638, 0xD69A, 0xE73C,
    0xE73C, 0xE73C, 0xE73C, 0xEF5D, 0xE71C, 0xE73C, 0xE71C, 0xE71C, 0xEF5D, 0xE73C, 0xE73C, 0xE73C,
    0xE73C, 0xE71C, 0xB596, 0xE73C, 0xEF5D, 0xEF5D, 0xE73C, 0xAD75, 0xE73C, 0xE73C, 0xE73C, 0xE73C,
    0xE73C, 0xE73C, 0xE71C, 0xCE59, 0xE73C, 0xEF5D, 0xEF5D, 0xEF5D, 0xEF5D, 0xEF5D, 0xEF5D, 0xCE79,
    0xD69A, 0xEF7D, 0xF79E, 0xF79E, 0xF7BE, 0xF7BE, 0xF7BE, 0xF7BE, 0xF7BE, 0xF79E, 0xCE79, 0xD69A,
    0xF7BE, 0xFFDF, 0xFFDF, 0xFFDF, 0xFFDF, 0xFFDF, 0xFFDF, 0xF7BE, 0xF79E, 0xEF7D, 0xB5B6, 0xCE59,
    0xEF5D, 0xEF5D, 0xEF5D, 0xEF5D, 0xE73C, 0xE73C, 0xE73C, 0xE73C, 0xE73C, 0xE73C, 0xE73C, 0xE73C,
    0xE73C, 0xD69A, 0xAD55, 0xE73C, 0xEF5D, 0xEF5D, 0xEF5D, 0xD6BA, 0x9CF3, 0xE71C, 0xE73C, 0xE73C,
    0xE73C, 0xE73C, 0xE73C, 0xE71C, 0xE73C, 0xE73C, 0xE73C, 0xE73C, 0xE73C, 0xE73C, 0xE73C, 0xAD75,
    0xCE79, 0xEF5D, 0xEF5D, 0xEF5D, 0xE73C, 0xB5B6, 0xBDF7, 0xE73C, 0xE73C, 0xE73C, 0xE73C, 0xE73C,
    0xE73C, 0xE71C, 0xE73C, 0xE73C, 0xE73C, 0xE73C, 0xE73C, 0xE73C, 0xD6BA, 0xA514, 0xE71C, 0xEF5D,
    0xEF5D, 0xEF5D, 0xDEDB, 0x9CF3, 0xDEFB, 0xE73C, 0xE73C, 0xE73C, 0xE73C, 0xE73C, 0xE73C, 0xE73C,
    0xE73C, 0xE73C, 0xE73C, 0xE73C, 0xE73C, 0xE73C, 0xB596, 0xC638, 0xEF5D, 0xEF5D, 0xEF5D, 0xE73C,
    0xBDF7, 0xBDD7, 0xE71C, 0xE73C, 0xE73C, 0xE73C, 0xE73C, 0xE73C, 0xE73C, 0xE73C, 0xE73C, 0xEF5D,
    0xEF5D, 0xE73C, 0xEF5D, 0xDEFB, 0xA514, 0xE73C, 0xEF7D, 0xEF7D, 0xF79E, 0xF7BE, 0xF7BE, 0xF7BE,
    0xF7BE, 0xF7BE, 0xF79E, 0xCE79, 0xD69A, 0xF7BE, 0xFFDF, 0xFFDF, 0xFFDF, 0xFFDF, 0xFFDF, 0xFFDF,
    0xF7BE, 0xF79E, 0xF79E, 0xDEFB, 0xA534, 0xBDD7, 0xE71C, 0xEF5D, 0xE73C, 0xE73C, 0xE73C, 0xE73C,
    0xE73C, 0xE71C, 0xE71C, 0xE73C, 0xE71C, 0xBDF7, 0x94B2, 0xD69A, 0xE73C, 0xEF5D, 0xEF5D, 0xEF5D,
    0xE71C, 0xBDD7, 0x9492, 0xCE79, 0xE73C, 0xE71C, 0xE71C, 0xE71C, 0xE71C, 0xE71C, 0xE71C, 0xE71C,
    0xE73C, 0xE73C, 0xD6BA, 0xA514, 0xB596, 0xE71C, 0xEF5D, 0xEF5D, 0xEF5D, 0xEF5D, 0xD6BA, 0x9CD3,
    0xAD75, 0xDEFB, 0xE73C, 0xE73C, 0xE73C, 0xE73C, 0xE71C, 0xE71C, 0xE73C, 0xE73C, 0xE73C, 0xE71C,
    0xC618, 0x94B2, 0xCE79, 0xE73C, 0xE73C, 0xEF5D, 0xEF5D, 0xE73C, 0xC618, 0x9492, 0xCE59, 0xE71C,
    0xE73C, 0xE71C, 0xE71C, 0xE71C, 0xE71C, 0xE71C, 0xE71C, 0xE73C, 0xE73C, 0xDEDB, 0xA514, 0xAD55,
    0xDEFB, 0xEF5D, 0xEF5D, 0xEF5D, 0xEF5D, 0xDEDB, 0xA514, 0xAD55, 0xDEFB, 0xE73C, 0xE73C, 0xE73C,
    0xE71C, 0xE73C, 0xE73C, 0xE73C, 0xE73C, 0xE73C, 0xE73C, 0xCE59, 0x94B2, 0xCE79, 0xEF5D, 0xEF7D,
    0xEF7D, 0xF79E, 0xF7BE, 0xF7BE, 0xF7BE, 0xF7BE, 0xF7BE, 0xF79E, 0xCE79, 0xD69A, 0xF7BE, 0xFFDF,
    0xFFDF, 0xFFDF, 0xFFDF, 0xFFDF, 0xF7BE, 0xF7BE, 0xF79E, 0xF79E, 0xEF7D, 0xD6BA, 0xAD75, 0x9492,
    0x9CF3, 0xA534, 0xAD55, 0xAD55, 0xAD55, 0xA534, 0xA534, 0xA534, 0xA514, 0x8C51, 0xA514, 0xCE59,
    0xE71C, 0xE73C, 0xEF5D, 0xEF5D, 0xEF5D, 0xEF5D, 0xDEDB, 0xBDD7, 0x9492, 0x8C71, 0xA534, 0xA534,
    0xAD55, 0xAD55, 0xA534, 0xA534, 0xA534, 0xA534, 0x94B2, 0x8C71, 0xB5B6, 0xD6BA, 0xE73C, 0xEF5D,
    0xEF5D, 0xEF5D, 0xEF5D, 0xE73C, 0xCE79, 0xA534, 0x8C51, 0x9CD3, 0xA534, 0xA534, 0xA534, 0xA534,
    0xA534, 0xA534, 0xA534, 0xA514, 0x8C71, 0x9CF3, 0xCE59, 0xE71C, 0xE73C, 0xE73C, 0xEF5D, 0xEF5D,
    0xEF5D, 0xDEFB, 0xBDF7, 0x94B2, 0x9492, 0xA514, 0xA534, 0xA534, 0xA534, 0xA534, 0xA534, 0xA534,
    0xA534, 0x94B2, 0x8C71, 0xB596, 0xD6BA, 0xE73C, 0xEF5D, 0xEF5D, 0xEF5D, 0xEF5D, 0xE73C, 0xD69A,
    0xAD55, 0x8C51, 0x9CD3, 0xA534, 0xA534, 0xA534, 0xA534, 0xA534, 0xA534, 0xA534, 0xA514, 0x9492,
    0x9CD3, 0xCE59, 0xE73C, 0xEF7D, 0xEF7D, 0xEF7D, 0xF79E, 0xF7BE, 0xF7BE, 0xF7BE, 0xF7BE, 0xF7BE,
    0xF79E, 0xD69A, 0xD69A, 0xF7BE, 0xFFDF, 0xFFDF, 0xFFDF, 0xFFDF, 0xFFDF, 0xF7BE, 0xF7BE, 0xF79E,
    0xF79E, 0xF79E, 0xEF5D, 0xDEDB, 0xCE59, 0xBDF7, 0xBDD7, 0xB5B6, 0xB5B6, 0xB5B6, 0xB5B6, 0xB5B6,
    0xB5B6, 0xB5B6, 0xC618, 0xD69A, 0xE71C, 0xE73C, 0xE73C, 0xEF5D, 0xEF5D, 0xEF5D, 0xEF5D, 0xE73C,
    0xDEFB, 0xCE79, 0xBDF7, 0xB5B6, 0xB5B6, 0xB5B6, 0xB5B6, 0xB5B6, 0xB5B6, 0xB5B6, 0xB5B6, 0xBDF7,
    0xCE59, 0xDEDB, 0xE73C, 0xEF5D, 0xEF5D, 0xEF5D, 0xEF5D, 0xEF5D, 0xEF5D, 0xE71C, 0xD6BA, 0xC638,
    0xBDD7, 0xB596, 0xB596, 0xB596, 0xB596, 0xB596, 0xB5B6, 0xB5B6, 0xB5B6, 0xC618, 0xD69A, 0xE71C,
    0xE73C, 0xE73C, 0xE73C, 0xEF5D, 0xEF5D, 0xEF5D, 0xE73C, 0xDEFB, 0xD69A, 0xBDF7, 0xB5B6, 0xB5B6,
    0xB5B6, 0xB596, 0xB596, 0xB596, 0xB596, 0xB5B6, 0xBDD7, 0xCE59, 0xDEDB, 0xE73C, 0xEF5D, 0xEF5D,
    0xEF5D, 0xEF5D, 0xEF5D, 0xEF5D, 0xE71C, 0xD6BA, 0xC638, 0xBDD7, 0xB5B6, 0xB596, 0xB596, 0xB5B6,
    0xB5B6, 0xB5B6, 0xB5B6, 0xBDD7, 0xC618, 0xD69A, 0xE71C, 0xEF5D, 0xEF7D, 0xEF7D, 0xEF7D, 0xF79E,
    0xF7BE, 0xF7BE, 0xF7BE, 0xF7BE, 0xF7BE, 0xF79E, 0xD69A, 0xD69A, 0xF7BE, 0xFFDF, 0xFFDF, 0xFFDF,
    0xFFDF, 0xFFDF, 0xFFDF, 0xF7BE, 0xF79E, 0xF79E, 0xF79E, 0xEF7D, 0xEF5D, 0xE73C, 0xE71C, 0xDEFB,
    0xDEFB, 0xDEFB, 0xDEFB, 0xDEFB, 0xDEDB, 0xDEDB, 0xDEFB, 0xE71C, 0xE71C, 0xE73C, 0xEF5D, 0xEF5D,
    0xEF5D, 0xEF5D, 0xEF5D, 0xEF5D, 0xEF5D, 0xE73C, 0xE71C, 0xDEFB, 0xDEDB, 0xDEDB, 0xDEDB, 0xDEDB,
    0xDEDB, 0xDEFB, 0xDEFB, 0xDEFB, 0xDEFB, 0xE71C, 0xE73C, 0xEF5D, 0xEF5D, 0xEF5D, 0xEF5D, 0xEF5D,
    0xEF5D, 0xEF5D, 0xEF5D, 0xE73C, 0xE71C, 0xDEFB, 0xDEFB, 0xDEFB, 0xDEFB, 0xDEFB, 0xDEFB, 0xDEFB,
    0xDEFB, 0xDEFB, 0xE71C, 0xE73C, 0xEF5D, 0xEF5D, 0xEF5D, 0xEF5D, 0xEF5D, 0xEF5D, 0xEF5D, 0xEF5D,
    0xE73C, 0xE73C, 0xDEFB, 0xDEFB, 0xDEDB, 0xDEDB, 0xDEDB, 0xDEDB, 0xDEDB, 0xDEDB, 0xDEFB, 0xDEFB,
    0xE71C, 0xE73C, 0xEF5D, 0xEF5D, 0xEF5D, 0xEF5D, 0xEF5D, 0xEF5D, 0xEF5D, 0xE73C, 0xE73C, 0xE71C,
    0xDEFB, 0xDEFB, 0xDEFB, 0xDEDB, 0xDEDB, 0xDEFB, 0xDEFB, 0xDEFB, 0xDEFB, 0xE71C, 0xE73C, 0xEF5D,
    0xEF5D, 0xEF7D, 0xEF7D, 0xEF7D, 0xF79E, 0xF7BE, 0xF7BE, 0xF7BE, 0xF7BE, 0xF7BE, 0xF79E, 0xCE79,
    0xD69A, 0xF7BE, 0xFFDF, 0xFFDF, 0xFFDF, 0xFFDF, 0xFFDF, 0xFFDF, 0xF7BE, 0xF79E, 0xF79E, 0xEF7D,
    0xEF7D, 0xEF7D, 0xEF7D, 0xEF7D, 0xEF7D, 0xEF7D, 0xEF7D, 0xEF5D, 0xEF5D, 0xEF5D, 0xEF5D, 0xEF5D,
    0xEF5D, 0xEF5D, 0xEF5D, 0xEF5D, 0xEF5D, 0xEF5D, 0xEF5D, 0xEF5D, 0xEF5D, 0xEF5D, 0xEF5D, 0xEF5D,
    0xEF5D, 0xEF5D, 0xEF5D, 0xEF5D, 0xEF5D, 0xEF5D, 0xEF5D, 0xEF5D, 0xEF5D, 0xEF5D, 0xEF5D, 0xEF5D,
    0xEF5D, 0xEF5D, 0xEF5D, 0xEF5D, 0xEF5D, 0xEF5D, 0xEF5D, 0xEF5D, 0xEF5D, 0xEF5D, 0xEF5D, 0xEF5D,
    0xEF5D, 0xEF5D, 0xEF5D, 0xEF5D, 0xEF5D, 0xEF5D, 0xEF5D, 0xEF5D, 0xEF5D, 0xEF5D, 0xEF5D, 0xEF5D,
    0xEF5D, 0xEF5D, 0xEF5D, 0xEF5D, 0xEF5D, 0xEF5D, 0xEF5D, 0xEF5D, 0xEF5D, 0xEF5D, 0xEF5D, 0xEF5D,
    0xEF5D, 0xEF5D, 0xEF5D, 0xEF5D, 0xEF5D, 0xEF5D, 0xEF5D, 0xEF5D, 0xEF5D, 0xEF5D, 0xEF5D, 0xEF5D,
    0xEF5D, 0xEF5D, 0xEF5D, 0xEF5D, 0xEF5D, 0xEF5D, 0xEF5D, 0xEF5D, 0xEF5D, 0xEF5D, 0xEF5D, 0xEF5D,
    0xEF7D, 0xEF7D, 0xEF7D, 0xEF7D, 0xEF5D, 0xEF5D, 0xEF7D, 0xEF7D, 0xEF7D, 0xF79E, 0xF7BE, 0xF7BE,
    0xF7BE, 0xF7BE, 0xF7BE, 0xF79E, 0xCE79, 0xD69A, 0xF7BE, 0xFFDF, 0xFFDF, 0xFFDF, 0xFFDF, 0xFFDF,
    0xFFDF, 0xF7BE, 0xF79E, 0xF79E, 0xF79E, 0xF79E, 0xF79E, 0xF79E, 0xF79E, 0xF79E, 0xF79E, 0xF79E,
    0xF79E, 0xF79E, 0xF79E, 0xF79E, 0xF7BE, 0xF79E, 0xEF7D, 0xEF7D, 0xEF5D, 0xEF5D, 0xEF5D, 0xEF5D,
    0xEF5D, 0xEF5D, 0xEF5D, 0xEF5D, 0xEF7D, 0xF79E, 0xF79E, 0xF79E, 0xF79E, 0xF79E, 0xF79E, 0xF7BE,
    0xF79E, 0xF79E, 0xF79E, 0xEF7D, 0xEF7D, 0xEF5D, 0xEF5D, 0xEF5D, 0xEF5D, 0xEF5D, 0xEF5D, 0xEF5D,
    0xEF5D, 0xEF7D, 0xF79E, 0xF79E, 0xF79E, 0xF79E, 0xF79E, 0xF7BE, 0xF79E, 0xF79E, 0xF79E, 0xF79E,
    0xF79E, 0xEF7D, 0xEF7D, 0xEF5D, 0xEF5D, 0xEF5D, 0xEF5D, 0xEF5D, 0xEF5D, 0xEF5D, 0xEF5D, 0xEF7D,
    0xF79E, 0xF79E, 0xF79E, 0xF79E, 0xF79E, 0xF79E, 0xF79E, 0xF79E, 0xF79E, 0xF79E, 0xEF7D, 0xEF7D,
    0xEF5D, 0xEF5D, 0xEF5D, 0xEF5D, 0xEF5D, 0xEF5D, 0xEF5D, 0xEF5D, 0xEF7D, 0xEF7D, 0xF79E, 0xF79E,
    0xF7BE, 0xF7BE, 0xF7BE, 0xF7BE, 0xF7BE, 0xF7BE, 0xF7BE, 0xF79E, 0xEF7D, 0xEF7D, 0xEF7D, 0xEF7D,
    0xEF7D, 0xEF7D, 0xF79E, 0xF7BE, 0xF7BE, 0xF7BE, 0xF7BE, 0xF7BE, 0xF79E, 0xCE79, 0xD69A, 0xF7BE,
    0xFFDF, 0xFFDF, 0xFFDF, 0xFFDF, 0xFFDF, 0xFFDF, 0xF7BE, 0xF79E, 0xF79E, 0xF79E, 0xF79E, 0xE73C,
    0xD69A, 0xDEDB, 0xDEDB, 0xDEDB, 0xD6BA, 0xD6BA, 0xD6BA, 0xD6BA, 0xD6BA, 0xD6BA, 0xD69A, 0xDEFB,
    0xF79E, 0xEF7D, 0xEF5D, 0xEF5D, 0xEF5D, 0xEF5D, 0xEF5D, 0xEF7D, 0xEF7D, 0xD6BA, 0xD6BA, 0xD6BA,
    0xD6BA, 0xD6BA, 0xD6BA, 0xD6BA, 0xD6BA, 0xD6BA, 0xD6BA, 0xD6BA, 0xD69A, 0xEF5D, 0xEF7D, 0xEF5D,
    0xEF5D, 0xEF5D, 0xEF5D, 0xEF5D, 0xEF5D, 0xEF7D, 0xE73C, 0xD69A, 0xD6BA, 0xDEDB, 0xDEDB, 0xDEDB,
    0xDEDB, 0xDEDB, 0xD6BA, 0xD6BA, 0xD6BA, 0xD69A, 0xDEFB, 0xF79E, 0xEF7D, 0xEF5D, 0xEF5D, 0xEF5D,
    0xEF5D, 0xEF5D, 0xEF7D, 0xEF7D, 0xD6BA, 0xD6BA, 0xDEDB, 0xDEDB, 0xDEDB, 0xDEDB, 0xDEDB, 0xDEDB,
    0xDEDB, 0xD6BA, 0xD6BA, 0xD69A, 0xEF5D, 0xEF7D, 0xEF5D, 0xEF5D, 0xEF5D, 0xEF5D, 0xEF5D, 0xEF5D,
    0xEF7D, 0xE73C, 0xD69A, 0xD6BA, 0xDEDB, 0xD6BA, 0xD6BA, 0xD6BA, 0xD6BA, 0xD6BA, 0xD6BA, 0xDEDB,
    0xD6BA, 0xDEDB, 0xF79E, 0xF79E, 0xEF7D, 0xEF7D, 0xEF7D, 0xF79E, 0xF7BE, 0xF7BE, 0xF7BE, 0xF7BE,
    0xF7BE, 0xF79E, 0xD699, 0xD69A, 0xF7BE, 0xFFDF, 0xFFDF, 0xFFDF, 0xFFDF, 0xFFDF, 0xFFDF, 0xF7BE,
    0xF79E, 0xF79E, 0xF79E, 0xD6BA, 0xDEFB, 0xEF7D, 0xEF7D, 0xEF7D, 0xEF7D, 0xEF5D, 0xEF5D, 0xEF5D,
    0xE73C, 0xCE59, 0xAD55, 0xCE59, 0xE71C, 0xD69A, 0xEF7D, 0xEF7D, 0xEF5D, 0xEF5D, 0xEF5D, 0xEF5D,
    0xEF5D, 0xCE79, 0xEF5D, 0xEF5D, 0xEF5D, 0xEF5D, 0xEF5D, 0xEF5D, 0xEF5D, 0xEF5D, 0xEF5D, 0xCE59,
    0xBDF7, 0xEF5D, 0xD69A, 0xDEFB, 0xEF7D, 0xEF5D, 0xEF5D, 0xEF5D, 0xEF5D, 0xEF7D, 0xD6BA, 0xDEDB,
    0xEF7D, 0xEF5D, 0xEF5D, 0xEF5D, 0xEF5D, 0xEF5D, 0xEF5D, 0xEF5D, 0xEF5D, 0xC618, 0xC618, 0xE73C,
    0xCE59, 0xEF7D, 0xEF7D, 0xEF5D, 0xEF5D, 0xEF5D, 0xEF5D, 0xEF5D, 0xCE79, 0xE73C, 0xEF5D, 0xEF5D,
    0xEF5D, 0xEF5D, 0xEF5D, 0xEF5D, 0xEF5D, 0xEF5D, 0xD6BA, 0xAD55, 0xEF5D, 0xD6BA, 0xDEFB, 0xEF7D,
    0xEF5D, 0xEF5D, 0xEF5D, 0xEF5D, 0xEF7D, 0xDEDB, 0xD6BA, 0xEF7D, 0xEF5D, 0xEF5D, 0xEF5D, 0xEF5D,
    0xEF5D, 0xEF5D, 0xEF5D, 0xEF5D, 0xEF5D, 0xEF7D, 0xE73C, 0xCE79, 0xEF7D, 0xF79E, 0xEF7D, 0xEF7D,
    0xF79E, 0xF79E, 0xF7BE, 0xF7BE, 0xF7BE, 0xF7BE, 0xF79E, 0xD69A, 0xD69A, 0xF7BE, 0xFFDF, 0xFFDF,
    0xFFDF, 0xFFDF, 0xFFDF, 0xFFDF, 0xF7BE, 0xF7BE, 0xF79E, 0xDEDB, 0xE73C, 0xEF7D, 0xEF7D, 0xEF7D,
    0xEF7D, 0xEF5D, 0xEF5D, 0xEF5D, 0xEF5D, 0xEF5D, 0xAD75, 0xC618, 0xBDD7, 0xEF5D, 0xE73C, 0xCE79,
    0xEF7D, 0xEF5D, 0xEF5D, 0xEF5D, 0xEF5D, 0xCE59, 0xEF5D, 0xEF5D, 0xEF5D, 0xEF5D, 0xEF5D, 0xEF5D,
    0xEF5D, 0xEF5D, 0xEF5D, 0xEF5D, 0xCE79, 0xB596, 0xEF5D, 0xEF5D, 0xD69A, 0xE73C, 0xEF5D, 0xEF5D,
    0xEF5D, 0xEF7D, 0xDEDB, 0xDEFB, 0xEF5D, 0xEF5D, 0xEF5D, 0xEF5D, 0xEF5D, 0xEF5D, 0xEF5D, 0xEF5D,
    0xEF5D, 0xEF5D, 0xC638, 0xDEFB, 0xEF5D, 0xEF5D, 0xCE59, 0xEF7D, 0xEF5D, 0xEF5D, 0xEF5D, 0xEF7D,
    0xCE59, 0xEF5D, 0xEF5D, 0xEF5D, 0xEF5D, 0xEF5D, 0xEF5D, 0xEF5D, 0xEF5D, 0xEF5D, 0xEF5D, 0xCE79,
    0xD6BA, 0xEF5D, 0xEF5D, 0xD69A, 0xE71C, 0xEF7D, 0xEF5D, 0xEF5D, 0xEF7D, 0xDEFB, 0xDEDB, 0xEF5D,
    0xEF5D, 0xEF5D, 0xEF5D, 0xEF5D, 0xEF5D, 0xEF5D, 0xEF5D, 0xEF5D, 0xD6BA, 0xE73C, 0xDEFB, 0xE71C,
    0xEF7D, 0xCE59, 0xF79E, 0xF79E, 0xEF7D, 0xF79E, 0xF7BE, 0xF7BE, 0xF7BE, 0xF7BE, 0xF7BE, 0xF79E,
    0xCE79, 0xD69A, 0xF7BE, 0xF7BE, 0xFFDF, 0xFFDF, 0xFFDF, 0xFFDF, 0xFFDF, 0xF7BE, 0xF7BE, 0xF79E,
    0xD69A, 0xEF7D, 0xEF7D, 0xEF7D, 0xEF5D, 0xEF5D, 0xEF5D, 0xEF5D, 0xDEFB, 0xE73C, 0xEF5D, 0xDEDB,
    0xE73C, 0xDEFB, 0xEF5D, 0xEF5D, 0xD69A, 0xE71C, 0xEF5D, 0xEF5D, 0xEF5D, 0xD69A, 0xE71C, 0xEF5D,
    0xEF5D, 0xEF5D, 0xEF5D, 0xEF5D, 0xEF5D, 0xDEFB, 0xDEDB, 0xEF5D, 0xEF5D, 0xDEFB, 0xE71C, 0xE71C,
    0xEF5D, 0xEF5D, 0xCE59, 0xEF7D, 0xEF5D, 0xEF5D, 0xEF7D, 0xC638, 0xEF5D, 0xEF5D, 0xEF5D, 0xEF5D,
    0xEF5D, 0xEF5D, 0xDEFB, 0xC618, 0xDEFB, 0xEF5D, 0xEF5D, 0xDEFB, 0xE73C, 0xEF5D, 0xEF5D, 0xD6BA,
    0xDEFB, 0xEF5D, 0xEF5D, 0xEF5D, 0xD69A, 0xE71C, 0xEF5D, 0xEF5D, 0xEF5D, 0xEF5D, 0xEF5D, 0xEF5D,
    0xEF5D, 0xEF5D, 0xEF5D, 0xEF5D, 0xD69A, 0xCE79, 0xE73C, 0xEF5D, 0xEF5D, 0xC638, 0xEF5D, 0xEF5D,
    0xEF5D, 0xEF5D, 0xCE59, 0xEF5D, 0xEF5D, 0xEF5D, 0xEF5D, 0xEF5D, 0xEF5D, 0xEF5D, 0xEF5D, 0xEF5D,
    0xE73C, 0xCE79, 0xCE79, 0xCE59, 0xE73C, 0xEF7D, 0xDEFB, 0xDEFB, 0xF79E, 0xEF7D, 0xF79E, 0xF79E,
    0xF7BE, 0xF7BE, 0xF7BE, 0xF7BE, 0xF79E, 0xCE79, 0xD69A, 0xF79E, 0xF7BE, 0xFFDF, 0xFFDF, 0xFFDF,
    0xFFDF, 0xFFDF, 0xF7BE, 0xF7BE, 0xDEFB, 0xE71C, 0xEF7D, 0xEF7D, 0xEF5D, 0xEF5D, 0xEF5D, 0xEF5D,
    0xC638, 0x5ACB, 0xD6BA, 0xEF5D, 0xEF5D, 0xEF5D, 0xEF5D, 0xEF5D, 0xEF5D, 0xE73C, 0xCE59, 0xEF5D,
    0xEF5D, 0xEF5D, 0xC638, 0xEF5D, 0xEF5D, 0xEF5D, 0xEF5D, 0xEF5D, 0xEF5D, 0xCE79, 0x9CD3, 0x9CF3,
    0xC618, 0xEF5D, 0xEF5D, 0xEF5D, 0xEF5D, 0xEF5D, 0xEF5D, 0xC638, 0xEF5D, 0xEF5D, 0xEF5D, 0xDEDB,
    0xDEDB, 0xEF5D, 0xEF5D, 0xEF5D, 0xEF5D, 0xEF5D, 0xEF5D, 0xAD55, 0xCE59, 0x8430, 0xEF5D, 0xEF5D,
    0xEF5D, 0xEF5D, 0xEF5D, 0xEF5D, 0xE73C, 0xCE59, 0xEF5D, 0xEF5D, 0xEF5D, 0xCE59, 0xEF5D, 0xEF5D,
    0xEF5D, 0xEF5D, 0xEF5D, 0xEF5D, 0xEF5D, 0xC618, 0xCE79, 0xE73C, 0xEF5D, 0xEF5D, 0xEF5D, 0xEF5D,
    0xEF5D, 0xEF5D, 0xCE59, 0xE73C, 0xEF5D, 0xEF5D, 0xE71C, 0xCE79, 0xEF5D, 0xEF5D, 0xEF5D, 0xEF5D,
    0xEF5D, 0xEF5D, 0xEF5D, 0xEF5D, 0xEF5D, 0xEF5D, 0xEF5D, 0xEF5D, 0xEF5D, 0xEF5D, 0xEF5D, 0xEF5D,
    0xCE59, 0xF79E, 0xEF7D, 0xF79E, 0xF79E, 0xF7BE, 0xF7BE, 0xF7BE, 0xF7BE, 0xF79E, 0xCE79, 0xD69A,
    0xF79E, 0xFFDF, 0xFFDF, 0xFFDF, 0xFFDF, 0xFFDF, 0xF7BE, 0xF7BE, 0xF79E, 0xD6BA, 0xEF5D, 0xEF7D,
    0xEF5D, 0xEF5D, 0xEF5D, 0xEF5D, 0xEF5D, 0xDEDB, 0xAD55, 0xD6BA, 0xE73C, 0xE73C, 0xE73C, 0xEF5D,
    0xE73C, 0xE73C, 0xE73C, 0xCE59, 0xEF5D, 0xEF5D, 0xEF5D, 0xC618, 0xE73C, 0xE73C, 0xE73C, 0xE73C,
    0xE73C, 0xE73C, 0xE73C, 0xE73C, 0xC618, 0xB5B6, 0xE73C, 0xE73C, 0xE73C, 0xE73C, 0xE73C, 0xEF5D,
    0xCE59, 0xE73C, 0xEF5D, 0xEF5D, 0xCE79, 0xDEFB, 0xE73C, 0xEF5D, 0xEF5D, 0xEF5D, 0xEF5D, 0xEF5D,
    0xE73C, 0xBDD7, 0x9CD3, 0xEF5D, 0xE73C, 0xE73C, 0xEF5D, 0xE73C, 0xE73C, 0xE73C, 0xC638, 0xEF5D,
    0xEF5D, 0xEF5D, 0xCE59, 0xE73C, 0xEF5D, 0xEF5D, 0xEF5D, 0xEF5D, 0xE73C, 0xD69A, 0xA534, 0xB5B6,
    0xD6BA, 0xE73C, 0xEF5D, 0xEF5D, 0xE73C, 0xE73C, 0xEF5D, 0xD69A, 0xDEDB, 0xEF5D, 0xEF5D, 0xD69A,
    0xDEDB, 0xEF5D, 0xE73C, 0xE73C, 0xE73C, 0xE73C, 0xDEDB, 0xD69A, 0xD69A, 0xD69A, 0xDEFB, 0xEF5D,
    0xEF5D, 0xEF5D, 0xEF5D, 0xEF5D, 0xEF5D, 0xCE59, 0xEF7D, 0xEF7D, 0xF79E, 0xF79E, 0xF7BE, 0xF7BE,
    0xF7BE, 0xF7BE, 0xF79E, 0xCE79, 0xD69A, 0xF79E, 0xFFDF, 0xFFDF, 0xFFDF, 0xFFDF, 0xFFDF, 0xF7BE,
    0xF7BE, 0xF79E, 0xD6BA, 0xE73C, 0xEF7D, 0xEF5D, 0xEF5D, 0xEF5D, 0xEF5D, 0xE73C, 0xE73C, 0xAD75,
    0xD69A, 0xE73C, 0xE73C, 0xE73C, 0xE73C, 0xE73C, 0xE73C, 0xE73C, 0xC618, 0xEF5D, 0xEF5D, 0xEF5D,
    0xBDD7, 0xE73C, 0xE73C, 0xE73C, 0xE73C, 0xE73C, 0xE73C, 0xEF5D, 0xCE79, 0x9492, 0xE71C, 0xE73C,
    0xE73C, 0xE73C, 0xE73C, 0xE73C, 0xE73C, 0xC618, 0xE73C, 0xEF5D, 0xEF5D, 0xCE79, 0xDEDB, 0xE73C,
    0xE73C, 0xE73C, 0xE73C, 0xE73C, 0xE73C, 0xE73C, 0xCE59, 0x8C71, 0xE73C, 0xE73C, 0xE73C, 0xE73C,
    0xE73C, 0xE73C, 0xE73C, 0xC618, 0xEF5D, 0xEF5D, 0xEF5D, 0xC618, 0xE73C, 0xE73C, 0xE73C, 0xE73C,
    0xE73C, 0xE71C, 0xBDD7, 0x9492, 0xA514, 0xBDF7, 0xE73C, 0xE73C, 0xE73C, 0xE73C, 0xE73C, 0xE73C,
    0xCE59, 0xDEFB, 0xEF5D, 0xEF5D, 0xD6BA, 0xD69A, 0xE73C, 0xE73C, 0xE73C, 0xE73C, 0xE73C, 0xCE59,
    0xBDD7, 0xBDD7, 0xBDD7, 0xD6BA, 0xEF5D, 0xEF5D, 0xEF5D, 0xEF5D, 0xEF5D, 0xE73C, 0xC618, 0xEF7D,
    0xEF7D, 0xF79E, 0xF79E, 0xF7BE, 0xF7BE, 0xF7BE, 0xF7BE, 0xF79E, 0xCE79, 0xD69A, 0xF79E, 0xF7BE,
    0xFFDF, 0xFFDF, 0xFFDF, 0xFFDF, 0xF7BE, 0xF7BE, 0xF79E, 0xE71C, 0xCE79, 0xEF7D, 0xEF5D, 0xEF5D,
    0xEF5D, 0xE73C, 0xE73C, 0xE73C, 0xAD75, 0xD69A, 0xE73C, 0xE73C, 0xE73C, 0xE73C, 0xE73C, 0xE73C,
    0xD69A, 0xCE79, 0xE73C, 0xE73C, 0xEF5D, 0xB5B6, 0xE71C, 0xE73C, 0xE73C, 0xE73C, 0xE73C, 0xE73C,
    0xCE59, 0x7BCF, 0xCE59, 0xDEFB, 0xE73C, 0xE73C, 0xE73C, 0xE73C, 0xE73C, 0xE73C, 0xB5B6, 0xE73C,
    0xEF5D, 0xEF5D, 0xDEFB, 0xBDF7, 0xE73C, 0xE73C, 0xE73C, 0xE73C, 0xE73C, 0xE71C, 0xA534, 0xCE79,
    0x8430, 0xE71C, 0xE73C, 0xE73C, 0xE73C, 0xE73C, 0xE73C, 0xD6BA, 0xCE59, 0xE73C, 0xE73C, 0xE73C,
    0xBDD7, 0xE71C, 0xE73C, 0xE73C, 0xE73C, 0xE73C, 0xE73C, 0xE73C, 0xBDD7, 0xCE59, 0xE73C, 0xE73C,
    0xE73C, 0xE73C, 0xE73C, 0xE73C, 0xE73C, 0xB5B6, 0xE73C, 0xE73C, 0xEF5D, 0xE71C, 0xBDD7, 0xE73C,
    0xE73C, 0xE73C, 0xE73C, 0xE73C, 0xE73C, 0xE73C, 0xE73C, 0xE73C, 0xE73C, 0xE73C, 0xE73C, 0xE73C,
    0xE73C, 0xE73C, 0xDEFB, 0xC638, 0xEF7D, 0xEF7D, 0xF79E, 0xF79E, 0xF7BE, 0xF7BE, 0xF7BE, 0xF7BE,
    0xF79E, 0xCE79, 0xD69A, 0xF7BE, 0xF7BE, 0xFFDF, 0xFFDF, 0xFFDF, 0xFFDF, 0xF7BE, 0xF7BE, 0xF79E,
    0xEF5D, 0xAD75, 0xE73C, 0xEF5D, 0xEF5D, 0xEF5D, 0xE73C, 0xE73C, 0xE73C, 0xD69A, 0xDEFB, 0xE73C,
    0xE73C, 0xE73C, 0xE73C, 0xE73C, 0xE71C, 0xAD55, 0xDEFB, 0xE73C, 0xE73C, 0xEF5D, 0xC638, 0xBDD7,
    0xE73C, 0xE73C, 0xE71C, 0xE73C, 0xE73C, 0xCE59, 0xAD55, 0xAD55, 0xCE59, 0xE73C, 0xE73C, 0xE73C,
    0xE73C, 0xE73C, 0xD69A, 0xBDD7, 0xE73C, 0xEF5D, 0xE73C, 0xE71C, 0xA534, 0xDEFB, 0xE73C, 0xE73C,
    0xE73C, 0xE73C, 0xE73C, 0xCE79, 0xB596, 0xD6BA, 0xE73C, 0xE73C, 0xE73C, 0xE73C, 0xE73C, 0xE71C,
    0xAD55, 0xDEFB, 0xE73C, 0xE73C, 0xE73C, 0xCE79, 0xB5B6, 0xE73C, 0xE73C, 0xE73C, 0xE73C, 0xE73C,
    0xE73C, 0xE71C, 0xE71C, 0xE73C, 0xE73C, 0xE73C, 0xE73C, 0xE71C, 0xE73C, 0xD69A, 0xB5B6, 0xE73C,
    0xE73C, 0xEF5D, 0xE73C, 0xAD75, 0xDEDB, 0xE73C, 0xE73C, 0xE73C, 0xE73C, 0xE73C, 0xE73C, 0xE73C,
    0xE73C, 0xE73C, 0xE73C, 0xE73C, 0xE73C, 0xE73C, 0xE73C, 0xB596, 0xDEDB, 0xEF7D, 0xEF7D, 0xEF7D,
    0xF79E, 0xF7BE, 0xF7BE, 0xF7BE, 0xF7BE, 0xF79E, 0xCE79, 0xD69A, 0xF7BE, 0xF7BE, 0xFFDF, 0xFFDF,
    0xFFDF, 0xFFDF, 0xF7BE, 0xF7BE, 0xF79E, 0xEF7D, 0xCE79, 0xA534, 0xE71C, 0xEF5D, 0xE73C, 0xE73C,
    0xE73C, 0xE73C, 0xE71C, 0xE71C, 0xE71C, 0xE71C, 0xE71C, 0xE71C, 0xE71C, 0xAD75, 0xBDF7, 0xE73C,
    0xE73C, 0xE73C, 0xEF5D, 0xDEFB, 0x9CF3, 0xC618, 0xE71C, 0xE73C, 0xE73C, 0xE73C, 0xE73C, 0xE71C,
    0xE71C, 0xE71C, 0xE73C, 0xE71C, 0xE71C, 0xE71C, 0xD69A, 0x9CF3, 0xDEDB, 0xE73C, 0xE73C, 0xE73C,
    0xE73C, 0xC638, 0x9CD3, 0xDEDB, 0xE71C, 0xE73C, 0xE73C, 0xE73C, 0xE73C, 0xE73C, 0xE73C, 0xE73C,
    0xE73C, 0xE73C, 0xE73C, 0xE71C, 0xB596, 0xB5B6, 0xE73C, 0xE73C, 0xE73C, 0xE73C, 0xE71C, 0xA534,
    0xBDF7, 0xE71C, 0xE73C, 0xE73C, 0xE73C, 0xE73C, 0xE73C, 0xE71C, 0xE71C, 0xE71C, 0xE73C, 0xE73C,
    0xE71C, 0xD69A, 0x9CD3, 0xD6BA, 0xE73C, 0xE73C, 0xEF5D, 0xE73C, 0xCE79, 0x9CD3, 0xD6BA, 0xE71C,
    0xE73C, 0xE73C, 0xE73C, 0xE71C, 0xE71C, 0xE71C, 0xE71C, 0xE73C, 0xE73C, 0xE73C, 0xE71C, 0xB5B6,
    0xB596, 0xE73C, 0xEF5D, 0xEF7D, 0xF79E, 0xF79E, 0xF7BE, 0xF7BE, 0xF7BE, 0xF79E, 0xEF7D, 0xCE79,
    0xD69A, 0xF7BE, 0xF7BE, 0xFFDF, 0xFFDF, 0xFFDF, 0xFFDF, 0xF7BE, 0xF7BE, 0xF79E, 0xF79E, 0xE71C,
    0xBDF7, 0x9CD3, 0xB5B6, 0xD6BA, 0xDEDB, 0xDEDB, 0xDEDB, 0xDEDB, 0xD6BA, 0xDEDB, 0xDEDB, 0xD69A,
    0xBDD7, 0x94B2, 0xB596, 0xDEFB, 0xE73C, 0xE73C, 0xE73C, 0xEF5D, 0xE73C, 0xCE79, 0x9CF3, 0x9CF3,
    0xC638, 0xD6BA, 0xD6BA, 0xDEDB, 0xDEDB, 0xD6BA, 0xD6BA, 0xD6BA, 0xD6BA, 0xCE59, 0xAD55, 0x94B2,
    0xCE59, 0xE71C, 0xE73C, 0xE73C, 0xE73C, 0xE73C, 0xDEFB, 0xB5B6, 0x8C71, 0xB596, 0xCE79, 0xD6BA,
    0xDEDB, 0xDEDB, 0xD6BA, 0xDEDB, 0xDEDB, 0xD6BA, 0xD6BA, 0xBDF7, 0x94B2, 0xAD55, 0xD6BA, 0xE73C,
    0xE73C, 0xE73C, 0xE73C, 0xE73C, 0xD69A, 0x9CF3, 0x9CD3, 0xC618, 0xD6BA, 0xD6BA, 0xD6BA, 0xD6BA,
    0xD6BA, 0xD6BA, 0xD6BA, 0xDEDB, 0xCE79, 0xAD55, 0x9492, 0xC618, 0xE71C, 0xE73C, 0xE73C, 0xEF5D,
    0xEF5D, 0xE71C, 0xBDF7, 0x9492, 0xAD75, 0xCE79, 0xDEDB, 0xDEDB, 0xDEDB, 0xDEDB, 0xDEDB, 0xDEDB,
    0xDEDB, 0xD6BA, 0xBDF7, 0x9CD3, 0xA534, 0xD6BA, 0xEF5D, 0xEF5D, 0xEF7D, 0xEF7D, 0xF79E, 0xF79E,
    0xF7BE, 0xF7BE, 0xF79E, 0xEF7D, 0xCE79, 0xD69A, 0xF7BE, 0xF7BE, 0xFFDF, 0xFFDF, 0xFFDF, 0xFFDF,
    0xF7BE, 0xF7BE, 0xF79E, 0xF79E, 0xEF7D, 0xDEFB, 0xC638, 0xAD75, 0x94B2, 0x9492, 0x8C71, 0x8C71,
    0x8C71, 0x8C71, 0x8C71, 0x8C71, 0x8C71, 0xA514, 0xBDF7, 0xDEDB, 0xE73C, 0xE73C, 0xE73C, 0xE73C,
    0xE73C, 0xE73C, 0xE71C, 0xCE79, 0xB596, 0x9CD3, 0x8C71, 0x8C71, 0x8C71, 0x8C71, 0x8C71, 0x8C71,
    0x8C71, 0x8C71, 0x94B2, 0xB596, 0xCE59, 0xDEFB, 0xE73C, 0xE73C, 0xE73C, 0xE73C, 0xE73C, 0xE73C,
    0xDEDB, 0xC618, 0xAD55, 0x9492, 0x8C71, 0x8C71, 0x8C71, 0x8C71, 0x8C71, 0x8C71, 0x8C71, 0x8C71,
    0xA514, 0xBDD7, 0xD6BA, 0xE71C, 0xE73C, 0xE73C, 0xE73C, 0xE73C, 0xE73C, 0xE71C, 0xD69A, 0xBDD7,
    0x9CF3, 0x8C71, 0x8C71, 0x8C71, 0x8C71, 0x8C71, 0x8C71, 0x8C71, 0x8C71, 0x94B2, 0xAD75, 0xC638,
    0xDEFB, 0xE73C, 0xE73C, 0xE73C, 0xE73C, 0xE73C, 0xE73C, 0xDEFB, 0xC638, 0xAD55, 0x9492, 0x8C71,
    0x8C71, 0x8C71, 0x8C71, 0x8C71, 0x8C71, 0x8C71, 0x8C71, 0xA514, 0xBDD7, 0xD6BA, 0xE73C, 0xEF5D,
    0xEF5D, 0xEF7D, 0xEF7D, 0xF79E, 0xF79E, 0xF7BE, 0xF7BE, 0xF79E, 0xEF7D, 0xCE79, 0xD69A, 0xF7BE,
    0xF7BE, 0xFFDF, 0xFFDF, 0xFFDF, 0xFFDF, 0xF7BE, 0xF7BE, 0xF79E, 0xF79E, 0xEF7D, 0xEF5D, 0xE71C,
    0xDEDB, 0xD69A, 0xCE79, 0xCE59, 0xCE59, 0xCE59, 0xCE59, 0xCE59, 0xCE59, 0xCE79, 0xD6BA, 0xDEFB,
    0xE71C, 0xE73C, 0xE73C, 0xE73C, 0xE73C, 0xE73C, 0xE73C, 0xE73C, 0xE71C, 0xDEDB, 0xD69A, 0xCE59,
    0xCE59, 0xCE59, 0xCE59, 0xCE59, 0xCE59, 0xCE59, 0xCE79, 0xCE79, 0xD6BA, 0xDEFB, 0xE73C, 0xE73C,
    0xE73C, 0xE73C, 0xE73C, 0xE73C, 0xE73C, 0xE73C, 0xDEFB, 0xD6BA, 0xCE79, 0xCE79, 0xCE59, 0xCE59,
    0xCE59, 0xCE59, 0xCE59, 0xCE59, 0xCE79, 0xD69A, 0xDEFB, 0xE71C, 0xE73C, 0xE73C, 0xE73C, 0xE73C,
    0xE73C, 0xE73C, 0xE73C, 0xE71C, 0xDEDB, 0xD69A, 0xCE79, 0xCE59, 0xCE59, 0xCE59, 0xCE59, 0xCE59,
    0xCE59, 0xCE59, 0xCE79, 0xD6BA, 0xE71C, 0xE73C, 0xE73C, 0xE73C, 0xE73C, 0xE73C, 0xE73C, 0xE73C,
    0xE73C, 0xDEFB, 0xD6BA, 0xCE79, 0xCE59, 0xCE59, 0xCE59, 0xCE59, 0xCE59, 0xCE59, 0xCE59, 0xCE59,
    0xD69A, 0xDEDB, 0xE71C, 0xEF5D, 0xEF5D, 0xEF5D, 0xEF7D, 0xEF7D, 0xF79E, 0xF79E, 0xF7BE, 0xF7BE,
    0xF79E, 0xEF7D, 0xCE79, 0xD69A, 0xF7BE, 0xF7BE, 0xFFDF, 0xFFDF, 0xFFDF, 0xFFDF, 0xF7BE, 0xF7BE,
    0xF79E, 0xF79E, 0xEF7D, 0xEF7D, 0xEF5D, 0xEF5D, 0xE73C, 0xE73C, 0xE73C, 0xE73C, 0xE73C, 0xE73C,
    0xE71C, 0xE73C, 0xE73C, 0xE73C, 0xE73C, 0xE73C, 0xEF5D, 0xE73C, 0xEF5D, 0xEF5D, 0xEF5D, 0xEF5D,
    0xE73C, 0xE73C, 0xE73C, 0xE73C, 0xE71C, 0xE73C, 0xE73C, 0xE71C, 0xE71C, 0xE73C, 0xE71C, 0xE71C,
    0xE73C, 0xE73C, 0xE73C, 0xE73C, 0xE73C, 0xE73C, 0xE73C, 0xEF5D, 0xEF5D, 0xEF5D, 0xE73C, 0xE73C,
    0xE73C, 0xE71C, 0xE71C, 0xE71C, 0xE71C, 0xE71C, 0xE71C, 0xE71C, 0xE71C, 0xE71C, 0xE73C, 0xE73C,
    0xEF5D, 0xE73C, 0xEF5D, 0xEF5D, 0xEF5D, 0xEF5D, 0xEF5D, 0xE73C, 0xE73C, 0xE73C, 0xE71C, 0xE71C,
    0xE71C, 0xE71C, 0xE71C, 0xE71C, 0xE71C, 0xE71C, 0xE71C, 0xE73C, 0xE73C, 0xE73C, 0xE73C, 0xE73C,
    0xE73C, 0xEF5D, 0xEF5D, 0xEF5D, 0xE73C, 0xE73C, 0xE73C, 0xE73C, 0xE73C, 0xE71C, 0xE71C, 0xE73C,
    0xE71C, 0xE71C, 0xE71C, 0xE71C, 0xE71C, 0xE73C, 0xE73C, 0xEF5D, 0xEF5D, 0xEF5D, 0xEF5D, 0xEF7D,
    0xEF7D, 0xF79E, 0xF79E, 0xF7BE, 0xF7BE, 0xF79E, 0xEF7D, 0xCE79, 0xD69A, 0xF7BE, 0xF7BE, 0xFFDF,
    0xFFDF, 0xFFDF, 0xFFDF, 0xF7BE, 0xF7BE, 0xF79E, 0xF79E, 0xEF7D, 0xEF7D, 0xEF7D, 0xEF7D, 0xEF7D,
    0xEF7D, 0xEF7D, 0xEF7D, 0xEF7D, 0xEF7D, 0xEF7D, 0xEF7D, 0xEF7D, 0xEF7D, 0xEF5D, 0xEF5D, 0xEF5D,
    0xEF5D, 0xEF5D, 0xEF5D, 0xEF5D, 0xEF5D, 0xEF5D, 0xEF5D, 0xEF5D, 0xEF7D, 0xEF7D, 0xEF7D, 0xEF7D,
    0xEF7D, 0xEF7D, 0xEF7D, 0xEF7D, 0xEF7D, 0xEF7D, 0xEF5D, 0xEF5D, 0xEF5D, 0xEF5D, 0xE73C, 0xE73C,
    0xEF5D, 0xEF5D, 0xEF5D, 0xEF5D, 0xEF5D, 0xEF7D, 0xEF7D, 0xEF7D, 0xEF7D, 0xEF7D, 0xEF7D, 0xEF7D,
    0xEF7D, 0xEF7D, 0xEF7D, 0xEF7D, 0xEF5D, 0xEF5D, 0xEF5D, 0xEF5D, 0xEF5D, 0xEF5D, 0xEF5D, 0xEF5D,
    0xEF5D, 0xEF5D, 0xEF5D, 0xEF7D, 0xEF7D, 0xEF7D, 0xEF7D, 0xEF7D, 0xEF7D, 0xEF7D, 0xEF7D, 0xEF7D,
    0xEF7D, 0xEF5D, 0xEF5D, 0xEF5D, 0xEF5D, 0xEF5D, 0xEF5D, 0xEF5D, 0xEF5D, 0xEF5D, 0xEF5D, 0xEF5D,
    0xEF7D, 0xEF7D, 0xEF7D, 0xEF7D, 0xEF7D, 0xEF7D, 0xEF7D, 0xEF7D, 0xEF7D, 0xEF7D, 0xEF7D, 0xEF5D,
    0xEF5D, 0xEF5D, 0xEF5D, 0xEF5D, 0xEF7D, 0xEF7D, 0xF79E, 0xF79E, 0xF7BE, 0xF7BE, 0xF79E, 0xEF7D,
    0xCE79, 0xD69A, 0xF7BE, 0xF7BE, 0xFFDF, 0xFFDF, 0xFFDF, 0xFFDF, 0xF7BE, 0xF7BE, 0xF79E, 0xF79E,
    0xF79E, 0xF79E, 0xF79E, 0xEF5D, 0xDEDB, 0xDEDB, 0xDEDB, 0xDEDB, 0xDEDB, 0xDEDB, 0xDEDB, 0xDEDB,
    0xD6BA, 0xE73C, 0xEF7D, 0xEF7D, 0xEF5D, 0xEF5D, 0xEF5D, 0xEF5D, 0xEF5D, 0xEF5D, 0xEF5D, 0xEF7D,
    0xEF7D, 0xDEFB, 0xDEDB, 0xDEDB, 0xDEDB, 0xD6BA, 0xD6BA, 0xDEDB, 0xD6BA, 0xD6BA, 0xDEDB, 0xEF5D,
    0xEF7D, 0xEF5D, 0xEF5D, 0xEF5D, 0xEF5D, 0xEF5D, 0xEF5D, 0xEF5D, 0xEF5D, 0xEF7D, 0xEF5D, 0xDEDB,
    0xDEDB, 0xDEDB, 0xDEDB, 0xDEDB, 0xD6BA, 0xDEDB, 0xDEDB, 0xD6BA, 0xE71C, 0xEF7D, 0xEF7D, 0xEF5D,
    0xEF5D, 0xEF5D, 0xEF5D, 0xEF5D, 0xEF5D, 0xEF5D, 0xEF7D, 0xEF7D, 0xDEFB, 0xD6BA, 0xDEDB, 0xDEDB,
    0xDEDB, 0xDEDB, 0xDEDB, 0xDEDB, 0xDEDB, 0xDEDB, 0xEF5D, 0xEF7D, 0xEF5D, 0xEF5D, 0xEF5D, 0xEF5D,
    0xEF5D, 0xEF5D, 0xEF5D, 0xEF5D, 0xEF7D, 0xEF5D, 0xDEDB, 0xDEDB, 0xDEDB, 0xDEDB, 0xDEDB, 0xDEDB,
    0xDEDB, 0xDEDB, 0xD6BA, 0xE71C, 0xEF7D, 0xEF7D, 0xEF5D, 0xEF5D, 0xEF5D, 0xEF7D, 0xEF7D, 0xF79E,
    0xF79E, 0xF7BE, 0xF7BE, 0xF79E, 0xEF7D, 0xCE79, 0xD69A, 0xF7BE, 0xF7BE, 0xFFDF, 0xFFDF, 0xFFDF,
    0xFFDF, 0xF7BE, 0xF7BE, 0xF79E, 0xF79E, 0xF79E, 0xEF5D, 0xD69A, 0xDEFB, 0xEF7D, 0xF79E, 0xEF7D,
    0xEF7D, 0xEF7D, 0xEF7D, 0xEF7D, 0xEF7D, 0xCE79, 0xCE79, 0xD69A, 0xE73C, 0xEF7D, 0xEF5D, 0xEF5D,
    0xEF5D, 0xEF5D, 0xEF5D, 0xEF7D, 0xD6BA, 0xD69A, 0xE73C, 0xEF7D, 0xEF7D, 0xEF7D, 0xEF7D, 0xEF7D,
    0xEF7D, 0xEF7D, 0xEF7D, 0xDEDB, 0xD6BA, 0xD69A, 0xEF7D, 0xEF5D, 0xEF5D, 0xEF5D, 0xEF5D, 0xEF5D,
    0xEF5D, 0xEF5D, 0xCE79, 0xDEDB, 0xEF5D, 0xEF7D, 0xEF7D, 0xEF7D, 0xEF7D, 0xEF7D, 0xEF7D, 0xEF7D,
    0xEF7D, 0xDEFB, 0xD69A, 0xE71C, 0xEF7D, 0xEF5D, 0xEF5D, 0xEF5D, 0xEF5D, 0xEF5D, 0xEF7D, 0xDEDB,
    0xD69A, 0xE71C, 0xEF7D, 0xEF7D, 0xEF7D, 0xEF7D, 0xEF7D, 0xEF7D, 0xEF7D, 0xEF7D, 0xEF5D, 0xD6BA,
    0xCE79, 0xEF7D, 0xEF7D, 0xEF5D, 0xEF5D, 0xEF5D, 0xEF5D, 0xEF5D, 0xEF5D, 0xCE79, 0xDEDB, 0xEF5D,
    0xEF7D, 0xEF7D, 0xEF7D, 0xEF7D, 0xEF7D, 0xEF7D, 0xEF7D, 0xEF7D, 0xE71C, 0xD69A, 0xDEFB, 0xEF7D,
    0xEF5D, 0xEF5D, 0xEF7D, 0xEF7D, 0xF79E, 0xF79E, 0xF79E, 0xF7BE, 0xF79E, 0xEF7D, 0xCE79, 0xD69A,
    0xF7BE, 0xF7BE, 0xFFDF, 0xFFDF, 0xFFDF, 0xFFDF, 0xF7BE, 0xF7BE, 0xF79E, 0xF79E, 0xEF5D, 0xD69A,
    0xEF7D, 0xEF7D, 0xEF7D, 0xEF5D, 0xEF5D, 0xEF5D, 0xEF5D, 0xEF5D, 0xEF5D, 0xEF5D, 0xD69A, 0xD69A,
    0xEF5D, 0xD6BA, 0xE71C, 0xEF7D, 0xEF5D, 0xEF5D, 0xEF5D, 0xEF7D, 0xD69A, 0xDEFB, 0xEF5D, 0xEF5D,
    0xEF5D, 0xEF5D, 0xEF5D, 0xEF5D, 0xEF5D, 0xEF5D, 0xEF5D, 0xE73C, 0xCE59, 0xEF5D, 0xE73C, 0xCE59,
    0xEF7D, 0xEF5D, 0xEF5D, 0xEF5D, 0xEF5D, 0xE73C, 0xCE59, 0xEF5D, 0xEF5D, 0xEF5D, 0xEF5D, 0xEF5D,
    0xEF5D, 0xEF5D, 0xEF5D, 0xEF5D, 0xEF5D, 0xEF5D, 0xEF5D, 0xEF5D, 0xD6BA, 0xDEFB, 0xEF5D, 0xEF5D,
    0xEF5D, 0xEF5D, 0xEF5D, 0xD6BA, 0xDEFB, 0xEF5D, 0xEF5D, 0xEF5D, 0xEF5D, 0xEF5D, 0xEF5D, 0xEF5D,
    0xEF5D, 0xEF5D, 0xEF5D, 0xEF5D, 0xEF5D, 0xE73C, 0xCE59, 0xEF7D, 0xEF5D, 0xEF5D, 0xEF5D, 0xEF5D,
    0xEF5D, 0xCE59, 0xEF5D, 0xEF5D, 0xEF5D, 0xEF5D, 0xEF5D, 0xEF5D, 0xEF5D, 0xEF5D, 0xEF5D, 0xEF5D,
    0xEF5D, 0xEF5D, 0xEF5D, 0xDEDB, 0xDEFB, 0xEF7D, 0xEF7D, 0xEF7D, 0xEF7D, 0xF79E, 0xF79E, 0xF79E,
    0xF7BE, 0xF79E, 0xEF7D, 0xCE79, 0xD69A, 0xF7BE, 0xF7BE, 0xFFDF, 0xFFDF, 0xFFDF, 0xFFDF, 0xF7BE,
    0xF7BE, 0xF79E, 0xF79E, 0xCE79, 0xEF7D, 0xEF5D, 0xEF5D, 0xEF5D, 0xEF5D, 0xEF5D, 0xEF5D, 0xEF5D,
    0xEF5D, 0xEF5D, 0xEF5D, 0xD69A, 0xEF5D, 0xEF5D, 0xEF5D, 0xCE59, 0xEF7D, 0xEF5D, 0xEF5D, 0xEF5D,
    0xDEFB, 0xD6BA, 0xEF5D, 0xEF5D, 0xEF5D, 0xEF5D, 0xEF5D, 0xEF5D, 0xEF5D, 0xEF5D, 0xEF5D, 0xEF5D,
    0xE73C, 0xD6BA, 0xEF5D, 0xEF5D, 0xE71C, 0xD69A, 0xEF5D, 0xEF5D, 0xEF5D, 0xEF5D, 0xC638, 0xE73C,
    0xEF5D, 0xEF5D, 0xEF5D, 0xEF5D, 0xEF5D, 0xEF5D, 0xEF5D, 0xEF5D, 0xEF5D, 0xEF5D, 0xEF5D, 0xEF5D,
    0xEF5D, 0xEF5D, 0xCE59, 0xEF5D, 0xEF5D, 0xEF5D, 0xEF5D, 0xE71C, 0xD69A, 0xEF5D, 0xEF5D, 0xEF5D,
    0xEF5D, 0xEF5D, 0xEF5D, 0xEF5D, 0xEF5D, 0xEF5D, 0xEF5D, 0xEF5D, 0xEF5D, 0xEF5D, 0xEF5D, 0xE71C,
    0xD69A, 0xEF5D, 0xEF5D, 0xEF5D, 0xEF5D, 0xCE59, 0xE73C, 0xEF5D, 0xEF5D, 0xEF5D, 0xEF5D, 0xEF5D,
    0xEF5D, 0xEF5D, 0xEF5D, 0xEF5D, 0xEF5D, 0xEF5D, 0xEF5D, 0xEF5D, 0xEF5D, 0xCE79, 0xEF5D, 0xEF7D,
    0xEF7D, 0xEF7D, 0xF79E, 0xF79E, 0xF79E, 0xF7BE, 0xF79E, 0xEF7D, 0xCE79, 0xD69A, 0xF7BE, 0xF7BE,
    0xFFDF, 0xFFDF, 0xFFDF, 0xFFDF, 0xF7BE, 0xF7BE, 0xF79E, 0xEF5D, 0xDEDB, 0xEF7D, 0xEF5D, 0xEF5D,
    0xEF5D, 0xEF5D, 0xEF5D, 0xBDF7, 0x94B2, 0xB5B6, 0xEF5D, 0xEF5D, 0xEF5D, 0xE73C, 0xEF5D, 0xEF5D,
    0xDEFB, 0xD69A, 0xEF5D, 0xEF5D, 0xEF5D, 0xC638, 0xEF5D, 0xEF5D, 0xE73C, 0xE73C, 0xE73C, 0xE73C,
    0xE73C, 0xE73C, 0xE73C, 0xE73C, 0xEF5D, 0xEF5D, 0xEF5D, 0xE73C, 0xEF5D, 0xEF5D, 0xC638, 0xEF5D,
    0xEF5D, 0xEF5D, 0xE71C, 0xCE79, 0xEF5D, 0xEF5D, 0xEF5D, 0xEF5D, 0xEF5D, 0xEF5D, 0xE73C, 0xEF5D,
    0xE73C, 0xE73C, 0xEF5D, 0xD69A, 0xBDD7, 0xEF5D, 0xEF5D, 0xE71C, 0xD69A, 0xEF5D, 0xEF5D, 0xEF5D,
    0xCE59, 0xE73C, 0xEF5D, 0xEF5D, 0xE73C, 0xE73C, 0xE73C, 0xEF5D, 0xEF5D, 0xEF5D, 0xEF5D, 0xEF5D,
    0xEF5D, 0xEF5D, 0xEF5D, 0xE73C, 0xEF5D, 0xC638, 0xEF5D, 0xEF5D, 0xEF5D, 0xE73C, 0xC638, 0xE73C,
    0xE73C, 0xEF5D, 0xE73C, 0xE73C, 0xE73C, 0xE73C, 0xEF5D, 0xE73C, 0xE73C, 0xE73C, 0xE73C, 0xEF5D,
    0xEF5D, 0xEF5D, 0xE73C, 0xD69A, 0xEF7D, 0xEF5D, 0xEF7D, 0xF79E, 0xF79E, 0xF79E, 0xF79E, 0xF79E,
    0xEF7D, 0xCE79, 0xD69A, 0xF7BE, 0xF7BE, 0xFFDF, 0xFFDF, 0xFFDF, 0xFFDF, 0xF7BE, 0xF7BE, 0xF79E,
    0xD6BA, 0xE73C, 0xEF7D, 0xEF5D, 0xEF5D, 0xEF5D, 0xEF5D, 0xE73C, 0x8430, 0xE73C, 0x8C51, 0xDEFB,
    0xE73C, 0xE73C, 0xE73C, 0xE73C, 0xE73C, 0xE73C, 0xC638, 0xEF5D, 0xEF5D, 0xEF5D, 0xC618, 0xE73C,
    0xE73C, 0xE73C, 0xE73C, 0xE73C, 0xE73C, 0xE73C, 0xE73C, 0xE73C, 0xE73C, 0xE73C, 0xE73C, 0xE73C,
    0xE73C, 0xE73C, 0xE73C, 0xCE59, 0xEF5D, 0xEF5D, 0xEF5D, 0xD69A, 0xDEFB, 0xEF5D, 0xE73C, 0xEF5D,
    0xEF5D, 0xE73C, 0xAD55, 0xAD75, 0xE73C, 0x9CD3, 0xA514, 0xC638, 0xCE79, 0xB5B6, 0xE73C, 0xE73C,
    0xE73C, 0xC638, 0xEF5D, 0xEF5D, 0xEF5D, 0xC638, 0xE73C, 0xE73C, 0xE73C, 0xE73C, 0xCE59, 0x9CD3,
    0xE73C, 0xE73C, 0xEF5D, 0xEF5D, 0xEF5D, 0xEF5D, 0xEF5D, 0xE73C, 0xE73C, 0xEF5D, 0xCE79, 0xDEFB,
    0xEF5D, 0xEF5D, 0xD6BA, 0xD6BA, 0xE73C, 0xE73C, 0xC638, 0x9CD3, 0xAD75, 0xD69A, 0xA534, 0xDEDB,
    0xA534, 0xBDF7, 0xA514, 0xAD75, 0xE73C, 0xEF5D, 0xEF5D, 0xEF5D, 0xC638, 0xEF7D, 0xEF5D, 0xEF7D,
    0xF79E, 0xF79E, 0xF79E, 0xF79E, 0xF79E, 0xEF7D, 0xCE59, 0xD69A, 0xF7BE, 0xF7BE, 0xFFDF, 0xFFDF,
    0xFFDF, 0xFFDF, 0xF7BE, 0xF7BE, 0xF79E, 0xD69A, 0xE73C, 0xEF5D, 0xEF5D, 0xEF5D, 0xEF5D, 0xEF5D,
    0xE71C, 0x8C71, 0xE73C, 0x9CD3, 0xD69A, 0xE73C, 0xE73C, 0xE73C, 0xE73C, 0xE73C, 0xE73C, 0xC638,
    0xE73C, 0xE73C, 0xEF5D, 0xBDF7, 0xE73C, 0xE73C, 0xE73C, 0xE73C, 0xE73C, 0xE73C, 0xE73C, 0xE73C,
    0xE73C, 0xE73C, 0xE73C, 0xE73C, 0xE73C, 0xE73C, 0xE73C, 0xE73C, 0xC638, 0xE73C, 0xE73C, 0xEF5D,
    0xCE79, 0xDEFB, 0xE73C, 0xE73C, 0xDEDB, 0xDEFB, 0xE71C, 0xCE59, 0xAD55, 0xE71C, 0xA514, 0xE71C,
    0x9CD3, 0xE73C, 0xE73C, 0xE73C, 0xE73C, 0xE73C, 0xC618, 0xE73C, 0xE73C, 0xE73C, 0xC638, 0xE73C,
    0xE73C, 0xE73C, 0xE73C, 0x9CD3, 0xA534, 0xD6BA, 0xC618, 0xAD75, 0xAD75, 0xCE79, 0xAD75, 0xD69A,
    0xE73C, 0xE73C, 0xE73C, 0xCE79, 0xDEDB, 0xE73C, 0xEF5D, 0xD69A, 0xDEDB, 0xE73C, 0xE73C, 0xBDD7,
    0xA514, 0xBDF7, 0xE71C, 0xBDD7, 0x7BCF, 0xDEFB, 0xB5B6, 0xAD75, 0xBDF7, 0xE73C, 0xE73C, 0xEF5D,
    0xEF5D, 0xC638, 0xEF5D, 0xEF5D, 0xEF7D, 0xF79E, 0xF79E, 0xF79E, 0xF79E, 0xF79E, 0xEF7D, 0xCE59,
    0xD69A, 0xF7BE, 0xF7BE, 0xFFDF, 0xFFDF, 0xFFDF, 0xFFDF, 0xF7BE, 0xF7BE, 0xF79E, 0xDEDB, 0xDEDB,
    0xEF5D, 0xEF5D, 0xE73C, 0xE73C, 0xE73C, 0xE73C, 0x8430, 0xE73C, 0x8C51, 0xDEFB, 0xE73C, 0xE73C,
    0xE73C, 0xE73C, 0xE73C, 0xDEFB, 0xC618, 0xE73C, 0xE73C, 0xE73C, 0xB5B6, 0xE73C, 0xE73C, 0xE73C,
    0xE73C, 0xE73C, 0xE73C, 0xE73C, 0xE73C, 0xE73C, 0xE73C, 0xE73C, 0xE73C, 0xE73C, 0xE73C, 0xE73C,
    0xE73C, 0xBDD7, 0xE73C, 0xE73C, 0xE73C, 0xD69A, 0xCE79, 0xE73C, 0xE73C, 0x9CF3, 0x94B2, 0xE71C,
    0xDEDB, 0xA534, 0xE71C, 0x9CF3, 0xDEFB, 0x9CF3, 0xE73C, 0xE73C, 0xE73C, 0xE73C, 0xDEFB, 0xC618,
    0xE73C, 0xE73C, 0xE73C, 0xBDD7, 0xE71C, 0xE73C, 0xE73C, 0xD69A, 0x73AE, 0x9492, 0x9CF3, 0xAD75,
    0xD6BA, 0x9CD3, 0xCE79, 0x9CF3, 0xCE79, 0xE73C, 0xE73C, 0xE73C, 0xBDF7, 0xE71C, 0xE73C, 0xE73C,
    0xDEDB, 0xC618, 0xE73C, 0xE73C, 0xBDD7, 0xB5B6, 0xD69A, 0xE71C, 0xA514, 0x8C71, 0xD69A, 0xB596,
    0xC638, 0xD6BA, 0xE73C, 0xE73C, 0xE73C, 0xE73C, 0xBDF7, 0xEF5D, 0xEF5D, 0xEF7D, 0xEF7D, 0xF79E,
    0xF79E, 0xF79E, 0xF79E, 0xEF7D, 0xCE59, 0xD69A, 0xF7BE, 0xF7BE, 0xFFDF, 0xFFDF, 0xFFDF, 0xFFDF,
    0xF7BE, 0xF79E, 0xF79E, 0xE73C, 0xBDD7, 0xEF5D, 0xEF5D, 0xEF5D, 0xE73C, 0xE73C, 0xE73C, 0xB596,
    0x94B2, 0xAD75, 0xE73C, 0xE71C, 0xE73C, 0xE73C, 0xE73C, 0xE71C, 0xBDF7, 0xD6BA, 0xE73C, 0xE73C,
    0xE73C, 0xBDD7, 0xD6BA, 0xE73C, 0xE71C, 0xE71C, 0xE71C, 0xE73C, 0xE73C, 0xBDF7, 0xBDF7, 0xE71C,
    0xE71C, 0xE71C, 0xE71C, 0xE71C, 0xE71C, 0xDEFB, 0xB596, 0xE73C, 0xE73C, 0xE73C, 0xDEFB, 0xAD55,
    0xE71C, 0xE71C, 0xA514, 0xA534, 0xDEFB, 0xDEFB, 0xB596, 0xE73C, 0xAD55, 0x9CF3, 0xCE79, 0xE73C,
    0xE73C, 0xE71C, 0xE71C, 0xC618, 0xCE79, 0xE73C, 0xE73C, 0xE73C, 0xC618, 0xD69A, 0xE73C, 0xE73C,
    0xAD55, 0xDEDB, 0xE73C, 0xA514, 0xB596, 0xDEDB, 0xAD55, 0xCE59, 0xA534, 0xBDF7, 0xE73C, 0xE73C,
    0xE71C, 0xAD75, 0xE71C, 0xE73C, 0xE73C, 0xE71C, 0xAD75, 0xE71C, 0xE73C, 0xC638, 0x94B2, 0xA534,
    0xBDF7, 0xB5B6, 0xE71C, 0xA514, 0xBDD7, 0x9CF3, 0xA534, 0xDEFB, 0xE73C, 0xE73C, 0xCE59, 0xCE59,
    0xEF5D, 0xEF5D, 0xEF7D, 0xEF7D, 0xF79E, 0xF79E, 0xF79E, 0xF79E, 0xEF7D, 0xCE59, 0xD69A, 0xF7BE,
    0xF7BE, 0xFFDF, 0xFFDF, 0xFFDF, 0xFFDF, 0xF7BE, 0xF79E, 0xF79E, 0xEF5D, 0xB5B6, 0xCE79, 0xEF5D,
    0xE73C, 0xE73C, 0xE73C, 0xE73C, 0xE73C, 0xE71C, 0xE71C, 0xE71C, 0xE71C, 0xE71C, 0xE71C, 0xE71C,
    0xD69A, 0xA534, 0xE71C, 0xE73C, 0xE73C, 0xE73C, 0xD69A, 0x9CF3, 0xDEFB, 0xE71C, 0xE71C, 0xE71C,
    0xE71C, 0xE73C, 0xE71C, 0xE71C, 0xE71C, 0xE71C, 0xE71C, 0xE71C, 0xE71C, 0xE71C, 0xAD75, 0xCE59,
    0xE73C, 0xE73C, 0xE73C, 0xE71C, 0xB596, 0xC618, 0xE71C, 0xE71C, 0xE71C, 0xE73C, 0xE73C, 0xE71C,
    0xE73C, 0xE71C, 0xE71C, 0xE73C, 0xE71C, 0xE71C, 0xE71C, 0xD6BA, 0xA514, 0xDEFB, 0xE73C, 0xE73C,
    0xE73C, 0xD6BA, 0x9CF3, 0xDEFB, 0xE71C, 0xE71C, 0xE71C, 0xE73C, 0xE71C, 0xE71C, 0xE71C, 0xE71C,
    0xE71C, 0xE71C, 0xE71C, 0xE73C, 0xE71C, 0xB596, 0xC618, 0xE73C, 0xE73C, 0xE73C, 0xE73C, 0xB5B6,
    0xBDF7, 0xE71C, 0xE73C, 0xE71C, 0xE71C, 0xE71C, 0xE71C, 0xE73C, 0xE71C, 0xE71C, 0xE71C, 0xE71C,
    0xE71C, 0xE73C, 0xDEDB, 0xA514, 0xDEFB, 0xEF5D, 0xEF5D, 0xEF7D, 0xEF7D, 0xF79E, 0xF79E, 0xF79E,
    0xF79E, 0xEF7D, 0xCE59, 0xD69A, 0xF7BE, 0xF7BE, 0xFFDF, 0xFFDF, 0xFFDF, 0xFFDF, 0xF7BE, 0xF79E,
    0xF79E, 0xEF7D, 0xD6BA, 0x9CF3, 0xBDD7, 0xE71C, 0xE73C, 0xE73C, 0xE73C, 0xE71C, 0xE71C, 0xE71C,
    0xE71C, 0xE71C, 0xE71C, 0xE71C, 0xC618, 0x94B2, 0xCE79, 0xE71C, 0xE73C, 0xE73C, 0xE73C, 0xDEFB,
    0xB5B6, 0x94B2, 0xCE79, 0xE71C, 0xE71C, 0xE71C, 0xE71C, 0xE71C, 0xE71C, 0xE71C, 0xE71C, 0xE71C,
    0xE71C, 0xDEDB, 0xA534, 0xAD75, 0xDEFB, 0xE73C, 0xE73C, 0xE73C, 0xE73C, 0xD69A, 0x9CD3, 0xB596,
    0xDEFB, 0xE71C, 0xE71C, 0xE71C, 0xE71C, 0xE71C, 0xE71C, 0xE71C, 0xE71C, 0xE71C, 0xDEFB, 0xC638,
    0x9492, 0xCE59, 0xE71C, 0xE73C, 0xE73C, 0xE73C, 0xE71C, 0xBDD7, 0x94B2, 0xCE79, 0xE71C, 0xE71C,
    0xE71C, 0xE71C, 0xE71C, 0xE71C, 0xE71C, 0xE71C, 0xE71C, 0xE71C, 0xDEDB, 0xA534, 0xA534, 0xDEDB,
    0xE73C, 0xE73C, 0xE73C, 0xE73C, 0xD6BA, 0x9CF3, 0xAD75, 0xDEFB, 0xE71C, 0xE71C, 0xE71C, 0xE71C,
    0xE71C, 0xE71C, 0xE71C, 0xE71C, 0xE71C, 0xE71C, 0xCE59, 0x94B2, 0xC638, 0xE73C, 0xEF5D, 0xEF5D,
    0xEF7D, 0xEF7D, 0xF79E, 0xF79E, 0xF79E, 0xF79E, 0xEF7D, 0xCE59, 0xD69A, 0xF7BE, 0xF7BE, 0xFFDF,
    0xFFDF, 0xFFDF, 0xFFDF, 0xF7BE, 0xF79E, 0xF79E, 0xEF7D, 0xEF5D, 0xCE79, 0xA534, 0x9492, 0xA534,
    0xAD55, 0xAD55, 0xAD55, 0xAD55, 0xAD55, 0xAD55, 0xA534, 0xA514, 0x8C71, 0x9CD3, 0xC638, 0xDEFB,
    0xE71C, 0xE73C, 0xE73C, 0xE73C, 0xE73C, 0xD6BA, 0xB5B6, 0x8C71, 0x94B2, 0xA534, 0xAD55, 0xAD55,
    0xA534, 0xAD55, 0xAD55, 0xAD55, 0xAD55, 0x9CD3, 0x8C51, 0xAD75, 0xD6BA, 0xE71C, 0xE73C, 0xE73C,
    0xE73C, 0xE73C, 0xE71C, 0xCE59, 0xA514, 0x8C71, 0x9CF3, 0xA534, 0xAD55, 0xAD55, 0xAD55, 0xAD55,
    0xAD55, 0xAD55, 0xA534, 0x9492, 0x94B2, 0xC618, 0xDEFB, 0xE71C, 0xE73C, 0xE73C, 0xE73C, 0xE73C,
    0xD6BA, 0xB5B6, 0x9492, 0x9492, 0xA534, 0xA534, 0xA534, 0xA534, 0xA534, 0xA534, 0xA534, 0xA534,
    0x9CF3, 0x8C51, 0xAD55, 0xCE79, 0xE71C, 0xE73C, 0xE73C, 0xE73C, 0xE73C, 0xE71C, 0xCE79, 0xA534,
    0x8C51, 0x9CF3, 0xA534, 0xA534, 0xA534, 0xA534, 0xA534, 0xA534, 0xA534, 0xA534, 0x9492, 0x94B2,
    0xBDF7, 0xDEFB, 0xE73C, 0xEF5D, 0xEF5D, 0xEF7D, 0xEF7D, 0xF79E, 0xF79E, 0xF79E, 0xF79E, 0xEF7D,
    0xCE59, 0xD69A, 0xF79E, 0xF7BE, 0xFFDF, 0xFFDF, 0xFFDF, 0xFFDF, 0xF7BE, 0xF79E, 0xF79E, 0xEF7D,
    0xEF5D, 0xE71C, 0xD6BA, 0xBDF7, 0xB596, 0xAD75, 0xAD75, 0xAD55, 0xAD55, 0xAD55, 0xAD55, 0xAD55,
    0xAD75, 0xBDF7, 0xCE79, 0xDEDB, 0xE71C, 0xE73C, 0xE73C, 0xE73C, 0xE73C, 0xE73C, 0xE71C, 0xD6BA,
    0xC638, 0xB5B6, 0xAD75, 0xAD55, 0xAD55, 0xAD55, 0xAD55, 0xAD55, 0xAD55, 0xAD75, 0xB596, 0xC618,
    0xD6BA, 0xE71C, 0xE71C, 0xE73C, 0xE73C, 0xE73C, 0xE73C, 0xE71C, 0xDEFB, 0xD69A, 0xBDF7, 0xAD75,
    0xAD55, 0xAD55, 0xAD55, 0xAD55, 0xAD55, 0xAD55, 0xAD55, 0xAD75, 0xBDD7, 0xCE59, 0xDEFB, 0xE71C,
    0xE73C, 0xE73C, 0xE73C, 0xE73C, 0xE73C, 0xE71C, 0xDEDB, 0xCE59, 0xB5B6, 0xAD75, 0xAD55, 0xAD55,
    0xAD55, 0xAD55, 0xAD55, 0xAD55, 0xAD55, 0xB596, 0xC618, 0xD69A, 0xDEFB, 0xE71C, 0xE73C, 0xE73C,
    0xE73C, 0xE73C, 0xE71C, 0xDEFB, 0xD69A, 0xBDF7, 0xB596, 0xAD55, 0xAD55, 0xAD55, 0xAD55, 0xAD55,
    0xAD55, 0xAD55, 0xAD75, 0xBDD7, 0xCE59, 0xDEDB, 0xE73C, 0xE73C, 0xEF5D, 0xEF5D, 0xEF7D, 0xEF7D,
    0xF79E, 0xF79E, 0xF79E, 0xF79E, 0xEF7D, 0xCE59, 0xD69A, 0xF79E, 0xF7BE, 0xFFDF, 0xFFDF, 0xFFDF,
    0xFFDF, 0xF7BE, 0xF79E, 0xF79E, 0xEF7D, 0xEF7D, 0xEF5D, 0xE71C, 0xDEFB, 0xDEDB, 0xD6BA, 0xD6BA,
    0xD6BA, 0xD6BA, 0xD6BA, 0xD6BA, 0xD6BA, 0xD6BA, 0xDEDB, 0xDEFB, 0xE71C, 0xE73C, 0xE73C, 0xE73C,
    0xE73C, 0xE73C, 0xE73C, 0xE73C, 0xE71C, 0xDEFB, 0xD6BA, 0xD6BA, 0xD69A, 0xD6BA, 0xD6BA, 0xD6BA,
    0xD6BA, 0xD6BA, 0xD6BA, 0xDEDB, 0xDEFB, 0xE71C, 0xE71C, 0xE73C, 0xE73C, 0xE73C, 0xE73C, 0xE73C,
    0xE73C, 0xE71C, 0xE71C, 0xDEDB, 0xD6BA, 0xD6BA, 0xD69A, 0xD69A, 0xD69A, 0xD69A, 0xD6BA, 0xD6BA,
    0xD6BA, 0xDEDB, 0xDEFB, 0xE71C, 0xE71C, 0xE73C, 0xE73C, 0xE73C, 0xE73C, 0xE73C, 0xE73C, 0xE71C,
    0xDEFB, 0xDEDB, 0xD6BA, 0xD6BA, 0xD6BA, 0xD6BA, 0xD6BA, 0xD6BA, 0xD6BA, 0xD6BA, 0xDEDB, 0xDEFB,
    0xE71C, 0xE71C, 0xE73C, 0xE73C, 0xE73C, 0xE73C, 0xE73C, 0xE73C, 0xE71C, 0xDEFB, 0xDEDB, 0xD6BA,
    0xD6BA, 0xD6BA, 0xD6BA, 0xD6BA, 0xD6BA, 0xD6BA, 0xD6BA, 0xD6BA, 0xDEDB, 0xDEFB, 0xE71C, 0xE73C,
    0xE73C, 0xEF5D, 0xEF5D, 0xEF5D, 0xEF7D, 0xF79E, 0xF79E, 0xF79E, 0xF79E, 0xEF7D, 0xCE59, 0xD69A,
    0xF79E, 0xF7BE, 0xFFDF, 0xFFDF, 0xFFDF, 0xFFDF, 0xF7BE, 0xF79E, 0xF79E, 0xEF7D, 0xEF5D, 0xEF5D,
    0xEF5D, 0xE73C, 0xE73C, 0xE73C, 0xE71C, 0xE71C, 0xE71C, 0xE71C, 0xE71C, 0xE71C, 0xE71C, 0xE71C,
    0xE71C, 0xE71C, 0xE73C, 0xE73C, 0xE73C, 0xE73C, 0xE73C, 0xE73C, 0xE73C, 0xE71C, 0xE71C, 0xE71C,
    0xE71C, 0xE71C, 0xE71C, 0xE71C, 0xE71C, 0xE71C, 0xE71C, 0xE71C, 0xE71C, 0xE71C, 0xE71C, 0xE73C,
    0xE73C, 0xE73C, 0xE73C, 0xE73C, 0xE73C, 0xE73C, 0xE73C, 0xE71C, 0xE71C, 0xE71C, 0xE71C, 0xE71C,
    0xE71C, 0xE71C, 0xE71C, 0xE71C, 0xE71C, 0xE71C, 0xE71C, 0xE71C, 0xE71C, 0xE73C, 0xE73C, 0xE73C,
    0xE73C, 0xE73C, 0xE73C, 0xE73C, 0xE73C, 0xE71C, 0xE71C, 0xE71C, 0xE71C, 0xE71C, 0xE71C, 0xE71C,
    0xE71C, 0xE71C, 0xE71C, 0xE71C, 0xE71C, 0xE73C, 0xE73C, 0xE73C, 0xE73C, 0xE73C, 0xE73C, 0xE73C,
    0xE73C, 0xE73C, 0xE71C, 0xE71C, 0xE71C, 0xE71C, 0xE71C, 0xE71C, 0xE71C, 0xE71C, 0xE71C, 0xE71C,
    0xE71C, 0xE71C, 0xE73C, 0xE73C, 0xE73C, 0xE73C, 0xEF5D, 0xEF5D, 0xEF7D, 0xEF7D, 0xF79E, 0xF79E,
    0xF79E, 0xF79E, 0xEF7D, 0xCE59, 0xCE79, 0xF79E, 0xF7BE, 0xFFDF, 0xFFDF, 0xFFDF, 0xF7BE, 0xF7BE,
    0xF79E, 0xF79E, 0xEF7D, 0xEF5D, 0xEF5D, 0xEF5D, 0xE73C, 0xE73C, 0xE73C, 0xE73C, 0xE73C, 0xE73C,
    0xE73C, 0xE73C, 0xE73C, 0xE73C, 0xE73C, 0xE73C, 0xE73C, 0xE73C, 0xE73C, 0xE73C, 0xE73C, 0xE73C,
    0xE73C, 0xE73C, 0xE73C, 0xE73C, 0xE73C, 0xE73C, 0xE73C, 0xE73C, 0xE73C, 0xE73C, 0xE73C, 0xE73C,
    0xE73C, 0xE73C, 0xE73C, 0xE73C, 0xE73C, 0xE73C, 0xE73C, 0xE73C, 0xE73C, 0xE73C, 0xE73C, 0xE73C,
    0xE73C, 0xE73C, 0xE73C, 0xE73C, 0xE73C, 0xE73C, 0xE73C, 0xE73C, 0xE73C, 0xE73C, 0xE73C, 0xE73C,
    0xE73C, 0xE73C, 0xE73C, 0xE73C, 0xE73C, 0xE73C, 0xE73C, 0xE73C, 0xE73C, 0xE73C, 0xE73C, 0xE73C,
    0xE73C, 0xE73C, 0xE73C, 0xE73C, 0xE73C, 0xE73C, 0xE73C, 0xE73C, 0xE73C, 0xE73C, 0xE73C, 0xE73C,
    0xE73C, 0xE73C, 0xE73C, 0xE73C, 0xE73C, 0xE73C, 0xE73C, 0xE73C, 0xE73C, 0xE73C, 0xE73C, 0xE73C,
    0xE73C, 0xE73C, 0xE73C, 0xE73C, 0xE73C, 0xE73C, 0xE73C, 0xE73C, 0xE73C, 0xE73C, 0xE73C, 0xEF5D,
    0xEF5D, 0xEF7D, 0xEF7D, 0xF79E, 0xF79E, 0xF79E, 0xF79E, 0xEF7D, 0xCE59, 0xCE79, 0xF79E, 0xF7BE,
    0xFFDF, 0xFFDF, 0xFFDF, 0xF7BE, 0xF7BE, 0xF79E, 0xF79E, 0xEF7D, 0xEF5D, 0xEF5D, 0xEF5D, 0xE73C,
    0xE73C, 0xE73C, 0xE73C, 0xE73C, 0xE73C, 0xE73C, 0xE73C, 0xE73C, 0xE73C, 0xE73C, 0xE73C, 0xE73C,
    0xE73C, 0xE73C, 0xE73C, 0xE73C, 0xE73C, 0xE73C, 0xE73C, 0xE73C, 0xE73C, 0xE73C, 0xE73C, 0xE73C,
    0xE73C, 0xE73C, 0xE73C, 0xE73C, 0xE73C, 0xE73C, 0xE73C, 0xE73C, 0xE73C, 0xE73C, 0xE73C, 0xE73C,
    0xE73C, 0xE73C, 0xE73C, 0xE73C, 0xE73C, 0xE73C, 0xE73C, 0xE73C, 0xE73C, 0xE73C, 0xE73C, 0xE73C,
    0xE73C, 0xE73C, 0xE73C, 0xE73C, 0xE73C, 0xE73C, 0xE73C, 0xE73C, 0xE73C, 0xE73C, 0xE73C, 0xE73C,
    0xE73C, 0xE73C, 0xE73C, 0xE73C, 0xE73C, 0xE73C, 0xE73C, 0xE73C, 0xE71C, 0xE71C, 0xE73C, 0xE73C,
    0xE73C, 0xE73C, 0xE73C, 0xE73C, 0xE73C, 0xE73C, 0xE73C, 0xE73C, 0xE73C, 0xE73C, 0xE73C, 0xE73C,
    0xE73C, 0xE73C, 0xE73C, 0xE73C, 0xE73C, 0xE73C, 0xE73C, 0xE73C, 0xE73C, 0xE73C, 0xE73C, 0xE73C,
    0xE73C, 0xE73C, 0xE73C, 0xE73C, 0xEF5D, 0xEF5D, 0xEF5D, 0xEF7D, 0xF79E, 0xF79E, 0xF79E, 0xF79E,
    0xEF7D, 0xCE59, 0xCE79, 0xF79E, 0xF7BE, 0xFFDF, 0xFFDF, 0xFFDF, 0xF7BE, 0xF7BE, 0xF79E, 0xEF7D,
    0xEF7D, 0xEF5D, 0xEF5D, 0xEF5D, 0xE73C, 0xE73C, 0xE73C, 0xE73C, 0xE73C, 0xE73C, 0xE73C, 0xE73C,
    0xE73C, 0xE73C, 0xE73C, 0xE73C, 0xE73C, 0xE73C, 0xE73C, 0xE73C, 0xE73C, 0xE73C, 0xE73C, 0xE73C,
    0xE73C, 0xE73C, 0xE73C, 0xE73C, 0xE73C, 0xE73C, 0xE73C, 0xE73C, 0xE73C, 0xE73C, 0xE73C, 0xE73C,
    0xE73C, 0xE73C, 0xE73C, 0xE73C, 0xE73C, 0xE73C, 0xE73C, 0xE73C, 0xE73C, 0xE73C, 0xE73C, 0xE73C,
    0xE73C, 0xE73C, 0xE73C, 0xE73C, 0xE73C, 0xE73C, 0xE73C, 0xE73C, 0xE73C, 0xE73C, 0xE73C, 0xE73C,
    0xE73C, 0xE73C, 0xE73C, 0xE73C, 0xE73C, 0xE73C, 0xE73C, 0xE73C, 0xE73C, 0xE73C, 0xE73C, 0xE73C,
    0xE73C, 0xE73C, 0xE73C, 0xE73C, 0xE73C, 0xE73C, 0xE73C, 0xE73C, 0xE73C, 0xE73C, 0xE73C, 0xE73C,
    0xE73C, 0xE73C, 0xE73C, 0xE73C, 0xE73C, 0xE73C, 0xE73C, 0xE73C, 0xE73C, 0xE73C, 0xE73C, 0xE73C,
    0xE73C, 0xE73C, 0xE73C, 0xE73C, 0xE73C, 0xE73C, 0xE73C, 0xE73C, 0xE73C, 0xEF5D, 0xEF5D, 0xEF5D,
    0xEF7D, 0xF79E, 0xF79E, 0xF79E, 0xF79E, 0xEF5D, 0xCE59, 0xCE7A, 0xF79E, 0xF7BE, 0xFFDF, 0xFFDF,
    0xFFDF, 0xF7BE, 0xF7BE, 0xF79E, 0xEF7D, 0xEF7D, 0xEF5D, 0xEF5D, 0xE73C, 0xE73C, 0xE73C, 0xE73C,
    0xE73C, 0xE73C, 0xE73C, 0xE73C, 0xE73C, 0xE73C, 0xE73C, 0xE73C, 0xE73C, 0xE73C, 0xE73C, 0xE73C,
    0xE73C, 0xE73C, 0xE73C, 0xE73C, 0xE73C, 0xE73C, 0xE73C, 0xE73C, 0xE73C, 0xE73C, 0xE73C, 0xE73C,
    0xE73C, 0xE73C, 0xE73C, 0xE73C, 0xE73C, 0xE73C, 0xE73C, 0xE73C, 0xE73C, 0xE73C, 0xE73C, 0xE73C,
    0xE73C, 0xE73C, 0xE73C, 0xE73C, 0xE73C, 0xE73C, 0xE73C, 0xE73C, 0xE73C, 0xE73C, 0xE73C, 0xE73C,
    0xE73C, 0xE73C, 0xE73C, 0xE73C, 0xE73C, 0xE73C, 0xE73C, 0xE73C, 0xE73C, 0xE73C, 0xE73C, 0xE73C,
    0xE73C, 0xE73C, 0xE73C, 0xE73C, 0xE73C, 0xE73C, 0xE73C, 0xE73C, 0xE73C, 0xE73C, 0xE73C, 0xE73C,
    0xE73C, 0xE73C, 0xE73C, 0xE73C, 0xE73C, 0xE73C, 0xE73C, 0xE73C, 0xE73C, 0xE73C, 0xE73C, 0xE73C,
    0xE73C, 0xE73C, 0xE73C, 0xE73C, 0xE73C, 0xE73C, 0xE73C, 0xE73C, 0xE73C, 0xE73C, 0xE73C, 0xE73C,
    0xE73C, 0xE73C, 0xEF5D, 0xEF5D, 0xEF5D, 0xEF7D, 0xF79E, 0xF79E, 0xF79E, 0xEF7D, 0xEF5D, 0xCE59
};
